datetime_utc,InAirTemp,InAirHumid,InAirCO2,WTemp,WAirHumid,WWindSpeed,WRainfall,om_temp2m,om_humidity2m,om_radiation,om_precip,om_wind10m,hour_sin,hour_cos,doy_sin,doy_cos
2025-06-06 13:00:00+00:00,17.155556148952908,95.0,427.8,16.266666571299236,65.16666666666667,0.8750000037252903,0.0,15.2,71,0.0,0.0,17.6,-0.2588190451025208,-0.9659258262890683,0.42500033996955416,-0.9051931898913974
2025-06-06 14:00:00+00:00,17.15000041325887,95.75,427.54545454545456,16.208333492279053,65.41666666666667,0.8833333390454451,0.0,14.7,74,0.0,0.0,19.0,-0.4999999999999997,-0.8660254037844388,0.42500033996955416,-0.9051931898913974
2025-06-06 15:00:00+00:00,16.925000031789143,96.08333333333333,430.5833333333333,15.774999936421713,67.5,0.7500000049670538,0.0,13.4,81,0.0,0.0,16.7,-0.7071067811865471,-0.7071067811865479,0.42500033996955416,-0.9051931898913974
2025-06-06 16:00:00+00:00,16.30833339691162,96.83333333333333,432.9166666666667,14.891666650772095,70.83333333333333,0.7083333302289248,0.0,12.9,85,0.0,0.0,14.5,-0.8660254037844384,-0.5000000000000004,0.42500033996955416,-0.9051931898913974
2025-06-06 17:00:00+00:00,16.125000476837158,97.0,435.8333333333333,14.824999968210856,72.41666666666667,0.7916666685293118,0.0,12.8,86,0.0,0.3,14.4,-0.9659258262890683,-0.25881904510252063,0.42500033996955416,-0.9051931898913974
2025-06-06 18:00:00+00:00,15.799999952316284,97.0,436.0833333333333,14.166666666666666,77.33333333333333,0.7999999839812517,0.0,12.9,90,0.0,1.0,16.5,-1.0,-1.8369701987210297e-16,0.42500033996955416,-0.9051931898913974
2025-06-06 19:00:00+00:00,15.44166644414266,97.0,438.0833333333333,13.766666571299234,81.66666666666667,0.6083333380520344,0.0,12.8,94,0.0,0.0,16.7,-0.9659258262890684,0.2588190451025203,0.42500033996955416,-0.9051931898913974
2025-06-06 20:00:00+00:00,15.96666677792867,97.66666666666667,440.3333333333333,14.40833330154419,78.33333333333333,1.3500000201165676,0.0,13.2,93,24.0,0.0,17.4,-0.8660254037844386,0.5000000000000001,0.42500033996955416,-0.9051931898913974
2025-06-06 21:00:00+00:00,16.527272831309926,97.0909090909091,434.90909090909093,15.391666491826376,75.36363636363636,1.536363655870611,0.0,14.3,92,151.0,0.0,16.3,-0.7071067811865477,0.7071067811865474,0.42500033996955416,-0.9051931898913974
2025-06-06 22:00:00+00:00,16.608333746592205,95.41666666666667,415.8333333333333,15.516666650772095,75.41666666666667,0.999999982615312,0.0,16.0,87,312.0,0.0,16.1,-0.5000000000000004,0.8660254037844384,0.42500033996955416,-0.9051931898913974
2025-06-06 23:00:00+00:00,20.016666730244953,90.66666666666667,401.4166666666667,17.05833355585734,69.16666666666667,2.5500000367561975,0.0,17.6,80,442.0,0.0,20.4,-0.25881904510252157,0.9659258262890681,0.42500033996955416,-0.9051931898913974
2025-06-07 00:00:00+00:00,32.00833384195963,63.916666666666664,392.5,19.699999650319416,62.5,1.9166666616996129,0.0,18.0,76,542.0,0.0,23.2,0.0,1.0,0.4093559588156213,-0.9123747579707273
2025-06-07 01:00:00+00:00,27.59090891751376,70.27272727272727,386.09090909090907,19.75,58.72727272727273,1.6833333323399227,0.0,20.1,69,698.0,0.0,20.5,0.25881904510252074,0.9659258262890683,0.4093559588156213,-0.9123747579707273
2025-06-07 02:00:00+00:00,22.98181811246005,75.27272727272727,933.9090909090909,18.31818199157715,61.90909090909091,2.1818181818181817,0.0,20.3,63,820.0,0.0,25.2,0.49999999999999994,0.8660254037844387,0.4093559588156213,-0.9123747579707273
2025-06-07 03:00:00+00:00,22.699999968210857,78.5,379.9166666666667,17.09166685740153,67.75,1.5916666686534882,0.0,20.6,58,794.0,0.0,22.8,0.7071067811865475,0.7071067811865476,0.4093559588156213,-0.9123747579707273
2025-06-07 04:00:00+00:00,25.850000190734864,55.6,388.1818181818182,18.550000031789143,65.9090909090909,3.266666660706202,0.0,19.7,68,698.0,0.0,20.3,0.8660254037844386,0.5000000000000001,0.4093559588156213,-0.9123747579707273
2025-06-07 05:00:00+00:00,24.125,52.583333333333336,369.25,20.324999809265137,60.5,2.1750000019868216,0.0,19.9,71,615.0,0.0,20.2,0.9659258262890683,0.25881904510252074,0.4093559588156213,-0.9123747579707273
2025-06-07 06:00:00+00:00,23.99999984105428,52.083333333333336,368.0,20.958333174387615,58.916666666666664,1.8416666686534882,0.0,19.8,72,443.0,0.0,18.0,1.0,6.123233995736766e-17,0.4093559588156213,-0.9123747579707273
2025-06-07 07:00:00+00:00,24.074999809265137,52.583333333333336,365.4166666666667,21.275000254313152,58.583333333333336,1.5083333402872086,0.0,20.0,72,403.0,0.0,15.9,0.9659258262890683,-0.25881904510252063,0.4093559588156213,-0.9123747579707273
2025-06-07 08:00:00+00:00,21.781818043101918,63.09090909090909,353.0,20.166666666666668,62.18181818181818,1.3090908920223063,0.0,19.2,76,276.0,0.0,14.1,0.8660254037844387,-0.4999999999999998,0.4093559588156213,-0.9123747579707273
2025-06-07 09:00:00+00:00,20.958333174387615,88.5,371.3333333333333,18.766666571299236,66.66666666666667,0.5666666788359483,0.0,18.2,81,121.0,0.0,12.4,0.7071067811865476,-0.7071067811865475,0.4093559588156213,-0.9123747579707273
2025-06-07 10:00:00+00:00,19.358333587646484,91.0,379.25,17.458333174387615,72.0,1.5666666825612385,0.0,17.1,85,22.0,0.0,12.1,0.49999999999999994,-0.8660254037844387,0.4093559588156213,-0.9123747579707273
2025-06-07 11:00:00+00:00,18.383333047231037,93.16666666666667,368.75,16.30833355585734,77.5,0.8583333219091097,0.0,16.6,87,0.0,0.0,13.2,0.258819045102521,-0.9659258262890682,0.4093559588156213,-0.9123747579707273
2025-06-07 12:00:00+00:00,17.62727269259366,94.9090909090909,377.27272727272725,15.516666650772095,81.45454545454545,2.7363636547868904,0.0,16.2,89,0.0,0.0,12.8,1.2246467991473532e-16,-1.0,0.4093559588156213,-0.9123747579707273
2025-06-07 13:00:00+00:00,16.97499990463257,95.0,381.0,15.016666730244955,86.0,1.758333295583725,0.0,16.1,89,0.0,0.0,10.4,-0.2588190451025208,-0.9659258262890683,0.4093559588156213,-0.9123747579707273
2025-06-07 14:00:00+00:00,16.824999809265137,95.91666666666667,388.75,15.241666714350382,87.08333333333333,0.30833333792785805,0.0,15.4,92,0.0,0.0,11.0,-0.4999999999999997,-0.8660254037844388,0.4093559588156213,-0.9123747579707273
2025-06-07 15:00:00+00:00,16.36363584345037,96.0,398.45454545454544,15.358333190282186,87.0909090909091,0.6090909086845138,0.0,14.7,93,0.0,0.0,11.8,-0.7071067811865471,-0.7071067811865479,0.4093559588156213,-0.9123747579707273
2025-06-07 16:00:00+00:00,16.358333269755047,96.41666666666667,403.8333333333333,15.308333237965902,86.83333333333333,1.241666682685415,0.0,14.2,94,0.0,0.0,8.8,-0.8660254037844384,-0.5000000000000004,0.4093559588156213,-0.9123747579707273
2025-06-07 17:00:00+00:00,16.241666952768963,97.0,405.5833333333333,14.891666491826376,89.25,1.6166666373610497,0.0,14.4,92,0.0,0.0,6.9,-0.9659258262890683,-0.25881904510252063,0.4093559588156213,-0.9123747579707273
2025-06-07 18:00:00+00:00,16.141666889190674,97.58333333333333,409.9166666666667,14.550000031789144,89.75,1.2249999990065892,0.0,14.6,89,0.0,0.0,6.7,-1.0,-1.8369701987210297e-16,0.4093559588156213,-0.9123747579707273
2025-06-07 19:00:00+00:00,16.05454566261985,97.63636363636364,412.0,14.18333331743876,90.63636363636364,1.4181818040934475,0.0,14.6,87,0.0,0.0,6.9,-0.9659258262890684,0.2588190451025203,0.4093559588156213,-0.9123747579707273
2025-06-07 20:00:00+00:00,16.991666475931805,96.91666666666667,415.5833333333333,14.641666650772095,88.08333333333333,1.5666666477918625,0.0,14.4,89,6.0,0.0,2.8,-0.8660254037844386,0.5000000000000001,0.4093559588156213,-0.9123747579707273
2025-06-07 21:00:00+00:00,19.483333269755047,94.16666666666667,414.3333333333333,15.524999936421713,83.91666666666667,2.341666648785273,0.0,15.2,86,80.0,0.0,1.1,-0.7071067811865477,0.7071067811865474,0.4093559588156213,-0.9123747579707273
2025-06-07 22:00:00+00:00,28.633333524068195,73.66666666666667,400.5,18.299999872843426,72.66666666666667,1.5416666467984517,0.0,16.2,84,167.0,0.0,4.2,-0.5000000000000004,0.8660254037844384,0.4093559588156213,-0.9123747579707273
2025-06-07 23:00:00+00:00,23.808333079020183,58.083333333333336,355.9166666666667,20.25833336512248,63.75,2.1249999900658927,0.0,17.2,81,245.0,0.0,4.3,-0.25881904510252157,0.9659258262890681,0.4093559588156213,-0.9123747579707273
2025-06-08 00:00:00+00:00,28.425000031789143,43.25,372.3333333333333,22.90000009536743,51.583333333333336,1.683333305021127,0.0,18.7,76,377.0,0.0,5.0,0.0,1.0,0.39359027665646673,-0.9192859697186104
2025-06-08 01:00:00+00:00,25.400000381469727,49.8,358.5,22.11000003814697,54.4,2.550000023841858,0.0,22.0,64,729.0,0.0,6.7,0.25881904510252074,0.9659258262890683,0.39359027665646673,-0.9192859697186104
2025-06-08 02:00:00+00:00,25.09166669845581,50.75,350.27272727272725,22.18333355585734,55.416666666666664,3.509090878746726,0.0,23.0,57,829.0,0.1,8.0,0.49999999999999994,0.8660254037844387,0.39359027665646673,-0.9192859697186104
2025-06-08 03:00:00+00:00,23.233333269755047,56.583333333333336,341.4166666666667,20.983333269755047,60.416666666666664,3.041666646798452,0.0,22.2,52,691.0,0.0,6.9,0.7071067811865475,0.7071067811865476,0.39359027665646673,-0.9192859697186104
2025-06-08 04:00:00+00:00,24.633333206176758,54.5,348.5833333333333,21.308333396911625,61.333333333333336,2.9916666547457376,0.0,20.8,66,677.0,1.1,7.6,0.8660254037844386,0.5000000000000001,0.39359027665646673,-0.9192859697186104
2025-06-08 05:00:00+00:00,24.691666920979817,57.0,345.0,21.583333492279053,62.916666666666664,2.524999996026357,0.0,20.3,74,519.0,0.1,2.5,0.9659258262890683,0.25881904510252074,0.39359027665646673,-0.9192859697186104
2025-06-08 06:00:00+00:00,21.972727168690074,66.25,335.75,20.699999650319416,66.08333333333333,1.6500000109275181,0.3333333333333333,21.1,68,573.0,0.1,2.0,1.0,6.123233995736766e-17,0.39359027665646673,-0.9192859697186104
2025-06-08 07:00:00+00:00,22.608333428700764,59.833333333333336,336.6666666666667,21.34166653951009,60.916666666666664,1.1249999950329463,0.16666666666666666,20.3,72,439.0,0.3,1.0,0.9659258262890683,-0.25881904510252063,0.39359027665646673,-0.9192859697186104
2025-06-08 08:00:00+00:00,21.733333428700764,61.666666666666664,334.6666666666667,20.891666889190674,62.416666666666664,0.7000000036011139,0.0,18.2,86,254.0,4.5,11.1,0.8660254037844387,-0.4999999999999998,0.39359027665646673,-0.9192859697186104
2025-06-08 09:00:00+00:00,18.916666825612385,72.91666666666667,327.0833333333333,18.666666825612385,70.0,0.4333333404113849,0.0,17.0,89,164.0,0.3,9.6,0.7071067811865476,-0.7071067811865475,0.39359027665646673,-0.9192859697186104
2025-06-08 10:00:00+00:00,16.133333285649616,83.5,339.3636363636364,16.34545473618941,76.63636363636364,0.10000000211099784,0.0,15.5,94,45.0,0.0,3.6,0.49999999999999994,-0.8660254037844387,0.39359027665646673,-0.9192859697186104
2025-06-08 11:00:00+00:00,15.28333330154419,91.08333333333333,362.75,15.191666603088379,79.25,0.033333333830038704,0.0,14.9,93,0.0,0.0,0.9,0.258819045102521,-0.9659258262890682,0.39359027665646673,-0.9192859697186104
2025-06-08 12:00:00+00:00,14.383333285649618,92.91666666666667,376.1666666666667,14.041666666666666,83.25,0.0,0.0,14.0,95,0.0,0.0,1.3,1.2246467991473532e-16,-1.0,0.39359027665646673,-0.9192859697186104
2025-06-08 13:00:00+00:00,13.558333237965902,93.25,388.1818181818182,13.116666714350382,86.91666666666667,0.008333333457509676,0.0,14.1,83,0.0,0.0,0.8,-0.2588190451025208,-0.9659258262890683,0.39359027665646673,-0.9192859697186104
2025-06-08 14:00:00+00:00,13.149999936421713,94.0,398.75,12.75000007947286,84.41666666666667,0.2583333371828,0.0,13.1,87,0.0,0.0,1.1,-0.4999999999999997,-0.8660254037844388,0.39359027665646673,-0.9192859697186104
2025-06-08 15:00:00+00:00,12.324999968210856,94.5,407.75,11.708333333333334,86.08333333333333,0.13333333594103655,0.0,12.0,91,0.0,0.0,2.4,-0.7071067811865471,-0.7071067811865479,0.39359027665646673,-0.9192859697186104
2025-06-08 16:00:00+00:00,11.699999968210856,95.0,415.25,10.724999904632568,87.5,0.05833333358168602,0.0,11.5,92,0.0,0.0,0.9,-0.8660254037844384,-0.5000000000000004,0.39359027665646673,-0.9192859697186104
2025-06-08 17:00:00+00:00,11.024999936421713,95.18181818181819,426.0,9.654545350508256,91.18181818181819,0.09999999945813959,0.0,11.4,90,0.0,0.0,0.7,-0.9659258262890683,-0.25881904510252063,0.39359027665646673,-0.9192859697186104
2025-06-08 18:00:00+00:00,11.050000190734863,96.0,432.0833333333333,9.791666825612387,88.5,0.016666666915019352,0.0,10.9,91,0.0,0.0,2.4,-1.0,-1.8369701987210297e-16,0.39359027665646673,-0.9192859697186104
2025-06-08 19:00:00+00:00,11.266666730244955,96.0,436.8333333333333,9.741666634877523,88.16666666666667,0.17500000322858492,0.0,10.7,91,0.0,0.0,1.9,-0.9659258262890684,0.2588190451025203,0.39359027665646673,-0.9192859697186104
2025-06-08 20:00:00+00:00,13.81666668256124,94.58333333333333,434.3636363636364,12.218181783502752,80.72727272727273,0.5909090956503694,0.0,12.1,89,40.0,0.0,4.2,-0.8660254037844386,0.5000000000000001,0.39359027665646673,-0.9192859697186104
2025-06-08 21:00:00+00:00,21.725000222524006,85.5,415.5833333333333,15.59166661898295,73.25,1.4166666517655055,0.0,14.1,86,172.0,0.0,6.8,-0.7071067811865477,0.7071067811865474,0.39359027665646673,-0.9192859697186104
2025-06-08 22:00:00+00:00,31.74999984105428,67.75,402.0833333333333,18.53333346048991,62.083333333333336,2.791666696468989,0.0,16.3,78,344.0,0.0,8.4,-0.5000000000000004,0.8660254037844384,0.39359027665646673,-0.9192859697186104
2025-06-08 23:00:00+00:00,24.449999968210857,51.0,362.5,20.166666825612385,57.5,2.699999988079071,0.0,18.2,70,521.0,0.0,11.1,-0.25881904510252157,0.9659258262890681,0.39359027665646673,-0.9192859697186104
2025-06-09 00:00:00+00:00,25.96666685740153,45.166666666666664,353.0,21.133333206176758,53.5,3.057142870766776,0.0,19.5,64,679.0,0.0,13.4,0.0,1.0,0.3777079652039649,-0.9259247771938498
2025-06-09 01:00:00+00:00,29.969999885559083,40.4,357.1,21.499999809265137,52.6,4.3199999809265135,0.0,20.5,60,804.0,0.0,16.3,0.25881904510252074,0.9659258262890683,0.3777079652039649,-0.9259247771938498
2025-06-09 02:00:00+00:00,28.990909056230024,40.63636363636363,352.8181818181818,22.383333683013916,51.09090909090909,3.5272726795890113,0.0,21.1,59,884.0,0.0,17.3,0.49999999999999994,0.8660254037844387,0.3777079652039649,-0.9259247771938498
2025-06-09 03:00:00+00:00,29.89999993642171,38.666666666666664,356.5833333333333,23.074999809265137,49.166666666666664,4.0750000675519304,0.0,21.6,58,912.0,0.0,18.1,0.7071067811865475,0.7071067811865476,0.3777079652039649,-0.9259247771938498
2025-06-09 04:00:00+00:00,30.100000222524006,38.5,356.5833333333333,23.174999713897705,48.333333333333336,4.083333333333333,0.0,21.9,56,890.0,0.0,19.2,0.8660254037844386,0.5000000000000001,0.3777079652039649,-0.9259247771938498
2025-06-09 05:00:00+00:00,28.799999872843426,40.25,355.25,22.56666660308838,49.416666666666664,2.5500000019868216,0.0,21.5,58,815.0,0.0,20.3,0.9659258262890683,0.25881904510252074,0.3777079652039649,-0.9259247771938498
2025-06-09 06:00:00+00:00,28.633333524068195,41.166666666666664,350.3333333333333,22.34166669845581,50.166666666666664,2.424999952316284,0.0,20.5,63,693.0,0.0,19.5,1.0,6.123233995736766e-17,0.3777079652039649,-0.9259247771938498
2025-06-09 07:00:00+00:00,27.366666793823242,47.0,348.5833333333333,21.616666475931805,54.25,2.1090909134257925,0.0,19.4,68,535.0,0.0,17.9,0.9659258262890683,-0.25881904510252063,0.3777079652039649,-0.9259247771938498
2025-06-09 08:00:00+00:00,26.850000222524006,64.83333333333333,348.6666666666667,19.9333332379659,60.166666666666664,2.5083333055178323,0.0,18.0,74,359.0,0.0,17.1,0.8660254037844387,-0.4999999999999998,0.3777079652039649,-0.9259247771938498
2025-06-09 09:00:00+00:00,23.641666730244953,85.16666666666667,360.1666666666667,18.016666571299236,68.33333333333333,2.158333341280619,0.0,16.5,79,187.0,0.0,17.4,0.7071067811865476,-0.7071067811865475,0.3777079652039649,-0.9259247771938498
2025-06-09 10:00:00+00:00,20.083333174387615,89.91666666666667,372.4166666666667,16.61666663487752,74.25,2.408333351214727,0.0,14.9,84,49.0,0.0,18.1,0.49999999999999994,-0.8660254037844387,0.3777079652039649,-0.9259247771938498
2025-06-09 11:00:00+00:00,18.5,91.72727272727273,386.45454545454544,16.036363775079902,76.27272727272727,2.1272727142680776,0.0,13.8,88,0.0,0.0,16.6,0.258819045102521,-0.9659258262890682,0.3777079652039649,-0.9259247771938498
2025-06-09 12:00:00+00:00,17.916666666666668,93.0,397.5,15.983333508173624,75.75,0.966666671137015,0.0,13.4,90,0.0,0.0,14.4,1.2246467991473532e-16,-1.0,0.3777079652039649,-0.9259247771938498
2025-06-09 13:00:00+00:00,17.116666793823242,93.91666666666667,404.4166666666667,15.316666841506958,78.75,0.8583333392937978,0.0,14.0,84,0.0,0.0,14.2,-0.2588190451025208,-0.9659258262890683,0.3777079652039649,-0.9259247771938498
2025-06-09 14:00:00+00:00,16.09090909090909,94.81818181818181,412.75,14.066666523615519,82.91666666666667,0.2272727279500528,0.0,13.6,86,0.0,0.0,13.7,-0.4999999999999997,-0.8660254037844388,0.3777079652039649,-0.9259247771938498
2025-06-09 15:00:00+00:00,15.733333269755045,95.25,423.4166666666667,13.883333365122477,84.16666666666667,0.3583333392937978,0.0,13.4,86,0.0,0.0,15.0,-0.7071067811865471,-0.7071067811865479,0.3777079652039649,-0.9259247771938498
2025-06-09 16:00:00+00:00,15.458333492279053,96.0,432.9166666666667,14.133333444595337,83.25,0.40000000533958274,0.0,13.1,87,0.0,0.0,12.9,-0.8660254037844384,-0.5000000000000004,0.3777079652039649,-0.9259247771938498
2025-06-09 17:00:00+00:00,15.108333269755045,96.91666666666667,434.5,13.949999968210856,85.0,0.5500000001241764,0.0,12.4,92,0.0,0.0,11.0,-0.9659258262890683,-0.25881904510252063,0.3777079652039649,-0.9259247771938498
2025-06-09 18:00:00+00:00,14.90909108248624,97.54545454545455,439.1666666666667,13.891666650772095,87.08333333333333,0.6363636499101465,0.0,12.1,94,0.0,0.0,11.7,-1.0,-1.8369701987210297e-16,0.3777079652039649,-0.9259247771938498
2025-06-09 19:00:00+00:00,14.483333428700766,97.5,441.8333333333333,12.575000127156576,89.58333333333333,0.17500000447034836,0.0,11.9,95,0.0,0.0,10.7,-0.9659258262890684,0.2588190451025203,0.3777079652039649,-0.9259247771938498
2025-06-09 20:00:00+00:00,16.81666652361552,96.08333333333333,435.75,13.883333365122477,87.75,2.0583333522081375,0.0,12.9,92,41.0,0.0,9.2,-0.8660254037844386,0.5000000000000001,0.3777079652039649,-0.9259247771938498
2025-06-09 21:00:00+00:00,22.325000127156574,89.83333333333333,402.6666666666667,15.150000174840292,87.66666666666667,2.1750000019868216,0.0,15.1,87,173.0,0.0,7.1,-0.7071067811865477,0.7071067811865474,0.3777079652039649,-0.9259247771938498
2025-06-09 22:00:00+00:00,25.324999968210857,70.81818181818181,364.0833333333333,17.783332983652752,81.16666666666667,2.1272727251052856,0.0,17.4,82,348.0,0.0,7.5,-0.5000000000000004,0.8660254037844384,0.3777079652039649,-0.9259247771938498
2025-06-09 23:00:00+00:00,27.458333333333332,59.5,369.75,20.05833339691162,75.5,2.2166666785875955,0.0,19.6,76,526.0,0.0,10.3,-0.25881904510252157,0.9659258262890681,0.3777079652039649,-0.9259247771938498
2025-06-10 00:00:00+00:00,28.875000317891438,54.333333333333336,368.5833333333333,22.53333346048991,67.08333333333333,2.80833334227403,0.0,21.1,71,687.0,0.0,12.6,0.0,1.0,0.36171373072976765,-0.9322892131745133
2025-06-10 01:00:00+00:00,29.781818389892578,48.36363636363637,368.25,24.583333174387615,58.166666666666664,2.5454545562917534,0.0,23.1,66,809.0,0.0,9.7,0.25881904510252074,0.9659258262890683,0.36171373072976765,-0.9322892131745133
2025-06-10 02:00:00+00:00,30.633333524068195,45.416666666666664,364.4166666666667,25.141666730244953,54.666666666666664,3.099999954303106,0.0,24.0,63,893.0,0.0,11.5,0.49999999999999994,0.8660254037844387,0.36171373072976765,-0.9322892131745133
2025-06-10 03:00:00+00:00,31.81666644414266,41.916666666666664,367.0833333333333,26.391667048136394,50.166666666666664,2.9583333233992257,0.0,24.4,61,921.0,0.0,13.9,0.7071067811865475,0.7071067811865476,0.36171373072976765,-0.9322892131745133
2025-06-10 04:00:00+00:00,31.116666316986084,42.333333333333336,360.1666666666667,25.616666475931805,50.63636363636363,4.209090883081609,0.0,24.1,59,899.0,0.0,14.9,0.8660254037844386,0.5000000000000001,0.36171373072976765,-0.9322892131745133
2025-06-10 05:00:00+00:00,29.99999984105428,45.333333333333336,348.3333333333333,24.78333314259847,54.25,3.916666646798452,0.0,23.4,58,811.0,0.0,18.4,0.9659258262890683,0.25881904510252074,0.36171373072976765,-0.9322892131745133
2025-06-10 06:00:00+00:00,28.8083332379659,47.666666666666664,345.5833333333333,24.458333174387615,54.333333333333336,3.2833333909511566,0.0,22.5,60,676.0,0.0,17.7,1.0,6.123233995736766e-17,0.36171373072976765,-0.9322892131745133
2025-06-10 07:00:00+00:00,27.883333524068195,50.333333333333336,338.0,23.55833339691162,55.75,2.0833332935969033,0.0,21.0,66,517.0,0.0,16.9,0.9659258262890683,-0.25881904510252063,0.36171373072976765,-0.9322892131745133
2025-06-10 08:00:00+00:00,27.09166685740153,66.25,341.0,22.008333206176758,56.083333333333336,1.358333336810271,0.0,19.5,71,345.0,0.0,16.5,0.8660254037844387,-0.4999999999999998,0.36171373072976765,-0.9322892131745133
2025-06-10 09:00:00+00:00,24.099999745686848,87.83333333333333,357.5833333333333,18.56666660308838,73.16666666666667,2.7166666885217032,0.0,17.7,80,142.0,0.0,15.0,0.7071067811865476,-0.7071067811865475,0.36171373072976765,-0.9322892131745133
2025-06-10 10:00:00+00:00,21.30833339691162,91.41666666666667,380.1666666666667,17.133333206176758,83.75,1.4833333318432171,0.0,16.0,87,42.0,0.0,15.1,0.49999999999999994,-0.8660254037844387,0.36171373072976765,-0.9322892131745133
2025-06-10 11:00:00+00:00,21.625,93.75,402.1666666666667,17.666666984558105,85.41666666666667,0.8333333395421505,0.0,15.1,95,0.0,0.0,15.5,0.258819045102521,-0.9659258262890682,0.36171373072976765,-0.9322892131745133
2025-06-10 12:00:00+00:00,21.74999984105428,95.33333333333333,420.0,17.82499933242798,86.0,0.8416666636864344,0.0,15.1,97,0.0,0.0,14.3,1.2246467991473532e-16,-1.0,0.36171373072976765,-0.9322892131745133
2025-06-10 13:00:00+00:00,21.391666253407795,96.25,433.5,17.808332602183025,87.16666666666667,0.5250000009934107,0.0,15.8,96,0.0,0.0,11.4,-0.2588190451025208,-0.9659258262890683,0.36171373072976765,-0.9322892131745133
2025-06-10 14:00:00+00:00,20.791666825612385,97.0,445.0833333333333,17.708333651224773,90.58333333333333,0.29166667101283866,0.0,15.6,98,0.0,0.0,10.4,-0.4999999999999997,-0.8660254037844388,0.36171373072976765,-0.9322892131745133
2025-06-10 15:00:00+00:00,20.46666653951009,97.25,460.1666666666667,17.645454926924273,93.27272727272727,0.18181818723678586,0.0,15.6,98,0.0,0.0,10.2,-0.7071067811865471,-0.7071067811865479,0.36171373072976765,-0.9322892131745133
2025-06-10 16:00:00+00:00,20.516666730244953,98.0,475.0,17.84999942779541,93.16666666666667,0.17500000136593977,0.0,15.9,98,0.0,0.0,10.8,-0.8660254037844384,-0.5000000000000004,0.36171373072976765,-0.9322892131745133
2025-06-10 17:00:00+00:00,20.266666571299236,98.5,488.25,17.75,94.0,0.23333333618938923,0.0,16.1,97,0.0,0.0,11.0,-0.9659258262890683,-0.25881904510252063,0.36171373072976765,-0.9322892131745133
2025-06-10 18:00:00+00:00,20.25,99.0,498.75,17.866666316986084,94.75,0.19166666766007742,0.0,16.4,97,0.0,0.0,10.1,-1.0,-1.8369701987210297e-16,0.36171373072976765,-0.9322892131745133
2025-06-10 19:00:00+00:00,20.333332856496177,99.0,508.75,18.181818875399504,94.81818181818181,0.5272727249698206,0.0,16.7,96,0.0,0.0,10.5,-0.9659258262890684,0.2588190451025203,0.36171373072976765,-0.9322892131745133
2025-06-10 20:00:00+00:00,21.074999968210857,98.5,505.6666666666667,18.11666711171468,93.08333333333333,0.5916666717578968,0.0,17.0,95,7.0,0.0,11.3,-0.8660254037844386,0.5000000000000001,0.36171373072976765,-0.9322892131745133
2025-06-10 21:00:00+00:00,22.391666253407795,97.16666666666667,481.9166666666667,18.125000476837158,91.08333333333333,0.8499999990065893,0.0,17.4,94,42.0,0.1,11.3,-0.7071067811865477,0.7071067811865474,0.36171373072976765,-0.9322892131745133
2025-06-10 22:00:00+00:00,23.700000127156574,94.81818181818181,454.54545454545456,18.218181956898082,89.27272727272727,1.1636363836851986,0.0,17.3,94,69.0,0.1,11.5,-0.5000000000000004,0.8660254037844384,0.36171373072976765,-0.9322892131745133
2025-06-10 23:00:00+00:00,23.858333110809326,92.25,418.6666666666667,17.766666730244953,90.0,1.908333346247673,0.0,17.5,93,152.0,0.0,12.4,-0.25881904510252157,0.9659258262890681,0.36171373072976765,-0.9322892131745133
2025-06-11 00:00:00+00:00,25.483333269755047,87.16666666666667,391.8333333333333,18.09166669845581,88.66666666666667,1.3250000004967053,0.0,17.4,93,172.0,0.8,8.4,0.0,1.0,0.3456123126707335,-0.9383773917408641
2025-06-11 01:00:00+00:00,26.866666475931805,70.5,345.5833333333333,19.016666730244953,85.0,2.7333333492279053,0.0,18.2,90,147.0,0.4,15.1,0.25881904510252074,0.9659258262890683,0.3456123126707335,-0.9383773917408641
2025-06-11 02:00:00+00:00,27.44166660308838,62.75,344.25,19.19166660308838,83.0,3.9916666944821677,0.0,17.6,92,241.0,0.2,14.5,0.49999999999999994,0.8660254037844387,0.3456123126707335,-0.9383773917408641
2025-06-11 03:00:00+00:00,27.642857142857142,63.0,355.2857142857143,19.385714394705637,82.14285714285714,3.0285714183534895,0.0,20.2,80,816.0,0.1,19.0,0.7071067811865475,0.7071067811865476,0.3456123126707335,-0.9383773917408641
2025-06-11 05:00:00+00:00,27.59999942779541,61.5,339.5,19.5,79.5,3.549999952316284,0.0,19.0,85,325.0,4.5,10.6,0.9659258262890683,0.25881904510252074,0.3456123126707335,-0.9383773917408641
2025-06-11 06:00:00+00:00,27.30833339691162,61.666666666666664,336.6666666666667,18.916666825612385,81.0,4.016666700442632,0.0,19.6,86,340.0,0.8,13.2,1.0,6.123233995736766e-17,0.3456123126707335,-0.9383773917408641
2025-06-11 07:00:00+00:00,25.99999984105428,73.5,330.75,18.30833339691162,82.58333333333333,2.4166667064030967,0.0,20.2,82,425.0,0.0,14.6,0.9659258262890683,-0.25881904510252063,0.3456123126707335,-0.9383773917408641
2025-06-11 08:00:00+00:00,26.12499984105428,84.08333333333333,338.0,17.458333492279053,84.91666666666667,1.5333333214124043,0.0,19.5,85,296.0,0.0,12.6,0.8660254037844387,-0.4999999999999998,0.3456123126707335,-0.9383773917408641
2025-06-11 09:00:00+00:00,21.84166669845581,91.5,354.6363636363636,16.133333206176758,91.16666666666667,1.1090909107164904,0.0,18.7,87,150.0,0.0,9.3,0.7071067811865476,-0.7071067811865475,0.3456123126707335,-0.9383773917408641
2025-06-11 10:00:00+00:00,19.654545523903586,94.0909090909091,380.90909090909093,15.600000208074396,94.72727272727273,0.35454546186057007,0.0,17.1,94,40.0,0.1,9.1,0.49999999999999994,-0.8660254037844387,0.3456123126707335,-0.9383773917408641
2025-06-11 11:00:00+00:00,19.700000127156574,95.5,404.5,15.708333412806192,95.16666666666667,0.18333333233992258,5.266666730244954,16.4,97,0.0,0.2,4.2,0.258819045102521,-0.9659258262890682,0.3456123126707335,-0.9383773917408641
2025-06-11 12:00:00+00:00,19.354545419866387,96.0909090909091,419.45454545454544,15.681818181818182,95.18181818181819,0.39166666629413766,2.9666666984558105,15.9,98,0.0,0.5,3.8,1.2246467991473532e-16,-1.0,0.3456123126707335,-0.9383773917408641
2025-06-11 13:00:00+00:00,19.324999809265137,97.0,432.3333333333333,15.84166661898295,95.08333333333333,0.5749999868373076,0.16666666666666666,16.5,98,0.0,0.1,10.9,-0.2588190451025208,-0.9659258262890683,0.3456123126707335,-0.9383773917408641
2025-06-11 14:00:00+00:00,19.108333587646484,97.75,442.25,15.84166661898295,94.83333333333333,0.3083333329608043,0.0,16.0,96,0.0,0.0,7.1,-0.4999999999999997,-0.8660254037844388,0.3456123126707335,-0.9383773917408641
2025-06-11 15:00:00+00:00,18.458333492279053,98.0,455.4166666666667,15.80833331743876,94.33333333333333,0.45833333892126876,7.333333333333333,14.9,99,0.0,0.0,10.2,-0.7071067811865471,-0.7071067811865479,0.3456123126707335,-0.9383773917408641
2025-06-11 16:00:00+00:00,17.57272720336914,98.0,462.75,15.52727274461226,95.63636363636364,0.24166667337218917,4.0,14.6,99,0.0,0.1,5.1,-0.8660254037844384,-0.5000000000000004,0.3456123126707335,-0.9383773917408641
2025-06-11 17:00:00+00:00,17.291666507720947,98.0,473.3333333333333,15.291666746139526,94.5,0.22500000335276127,0.0,13.8,100,0.0,0.0,4.0,-0.9659258262890683,-0.25881904510252063,0.3456123126707335,-0.9383773917408641
2025-06-11 18:00:00+00:00,17.333333492279053,98.41666666666667,479.0,14.974999984105429,95.25,0.4583333233992259,0.0,13.8,99,0.0,0.0,8.2,-1.0,-1.8369701987210297e-16,0.3456123126707335,-0.9383773917408641
2025-06-11 19:00:00+00:00,17.65000041325887,98.83333333333333,471.5833333333333,15.108333508173624,92.25,1.1583333214124043,0.20000000794728592,14.1,99,0.0,0.0,7.1,-0.9659258262890684,0.2588190451025203,0.3456123126707335,-0.9383773917408641
2025-06-11 20:00:00+00:00,18.672726891257547,97.41666666666667,444.0,14.863636190241033,90.66666666666667,1.708333323399226,0.10000000397364296,14.9,96,18.0,0.0,13.2,-0.8660254037844386,0.5000000000000001,0.3456123126707335,-0.9383773917408641
2025-06-11 21:00:00+00:00,19.416666825612385,96.0,391.5833333333333,14.599999984105429,90.25,2.0833333233992257,0.0,13.9,93,51.0,0.0,24.7,-0.7071067811865477,0.7071067811865474,0.3456123126707335,-0.9383773917408641
2025-06-11 22:00:00+00:00,20.28333330154419,93.66666666666667,363.75,14.541666746139526,87.25,2.466666668653488,0.0,13.9,91,175.0,0.0,22.6,-0.5000000000000004,0.8660254037844384,0.3456123126707335,-0.9383773917408641
2025-06-11 23:00:00+00:00,25.37499984105428,84.91666666666667,322.6666666666667,15.158333460489908,82.5,3.1333333253860474,0.0,14.8,83,414.0,0.0,27.3,-0.25881904510252157,0.9659258262890681,0.3456123126707335,-0.9383773917408641
2025-06-12 00:00:00+00:00,24.65833330154419,77.58333333333333,308.5833333333333,14.93333331743876,81.58333333333333,3.016666680574417,0.0,15.2,77,461.0,0.0,28.1,0.0,1.0,0.3294084822245304,-0.9441875088341993
2025-06-12 01:00:00+00:00,25.40000009536743,64.16666666666667,329.5,15.874999841054281,79.25,3.4416666825612388,0.0,16.2,73,491.0,0.0,27.3,0.25881904510252074,0.9659258262890683,0.3294084822245304,-0.9441875088341993
2025-06-12 02:00:00+00:00,26.46666653951009,66.75,325.8333333333333,15.800000031789144,80.08333333333333,2.7416666547457376,0.0,17.2,70,802.0,0.0,26.0,0.49999999999999994,0.8660254037844387,0.3294084822245304,-0.9441875088341993
2025-06-12 03:00:00+00:00,26.527272484519266,56.72727272727273,335.1,17.116666793823242,76.0909090909091,3.027272722937844,0.0,17.3,70,838.0,0.0,25.1,0.7071067811865475,0.7071067811865476,0.3294084822245304,-0.9441875088341993
2025-06-12 04:00:00+00:00,26.450000127156574,56.083333333333336,333.5833333333333,17.241666793823242,74.33333333333333,2.7249999940395355,0.0,17.1,68,833.0,0.0,24.8,0.8660254037844386,0.5000000000000001,0.3294084822245304,-0.9441875088341993
2025-06-12 05:00:00+00:00,25.583333174387615,58.5,329.9166666666667,17.05833339691162,74.91666666666667,2.6333333452542624,0.0,16.7,69,746.0,0.0,24.2,0.9659258262890683,0.25881904510252074,0.3294084822245304,-0.9441875088341993
2025-06-12 06:00:00+00:00,26.672727411443535,58.27272727272727,326.54545454545456,17.46666653951009,73.0,1.8416666636864345,0.0,16.7,68,682.0,0.0,22.0,1.0,6.123233995736766e-17,0.3294084822245304,-0.9441875088341993
2025-06-12 07:00:00+00:00,26.974999745686848,65.5,324.75,17.258333524068195,74.5,1.6166666597127914,0.0,16.5,69,531.0,0.0,19.5,0.9659258262890683,-0.25881904510252063,0.3294084822245304,-0.9441875088341993
2025-06-12 08:00:00+00:00,26.21666653951009,81.0,310.1666666666667,16.3166663646698,76.75,1.3333333432674408,0.0,15.7,72,362.0,0.0,17.8,0.8660254037844387,-0.4999999999999998,0.3294084822245304,-0.9441875088341993
2025-06-12 09:00:00+00:00,21.574999968210857,87.16666666666667,319.9166666666667,14.900000095367432,80.66666666666667,1.6416666507720947,0.0,14.4,79,191.0,0.0,15.3,0.7071067811865476,-0.7071067811865475,0.3294084822245304,-0.9441875088341993
2025-06-12 10:00:00+00:00,19.408333142598472,90.66666666666667,348.3333333333333,14.183333476384481,83.5,0.9833333430190881,0.0,13.1,85,52.0,0.0,14.5,0.49999999999999994,-0.8660254037844387,0.3294084822245304,-0.9441875088341993
2025-06-12 11:00:00+00:00,19.324999650319416,93.08333333333333,370.0833333333333,14.100000143051147,84.58333333333333,0.7083333476136128,0.0,12.1,90,0.0,0.0,12.5,0.258819045102521,-0.9659258262890682,0.3294084822245304,-0.9441875088341993
2025-06-12 12:00:00+00:00,18.97500006357829,94.33333333333333,384.75,13.933333079020182,86.25,0.5500000013659397,0.0,11.6,93,0.0,0.0,10.4,1.2246467991473532e-16,-1.0,0.3294084822245304,-0.9441875088341993
2025-06-12 13:00:00+00:00,18.53333346048991,95.0,394.4166666666667,13.816666762034098,86.41666666666667,0.5999999903142452,0.0,11.7,96,0.0,0.0,8.3,-0.2588190451025208,-0.9659258262890683,0.3294084822245304,-0.9441875088341993
2025-06-12 14:00:00+00:00,18.21666685740153,95.75,403.4166666666667,13.858333190282186,85.16666666666667,0.4916666696468989,0.0,11.5,96,0.0,0.0,7.1,-0.4999999999999997,-0.8660254037844388,0.3294084822245304,-0.9441875088341993
2025-06-12 15:00:00+00:00,17.84999990463257,96.16666666666667,409.1666666666667,13.71666661898295,83.91666666666667,0.40000000844399136,0.0,11.4,96,0.0,0.0,7.1,-0.7071067811865471,-0.7071067811865479,0.3294084822245304,-0.9441875088341993
2025-06-12 16:00:00+00:00,17.275000254313152,96.66666666666667,419.75,13.25000007947286,86.33333333333333,0.06666666828095912,0.0,10.9,97,0.0,0.0,5.9,-0.8660254037844384,-0.5000000000000004,0.3294084822245304,-0.9441875088341993
2025-06-12 17:00:00+00:00,17.083333651224773,97.16666666666667,432.5833333333333,13.116666793823242,85.33333333333333,0.10000000273187955,0.0,10.0,99,0.0,0.0,3.1,-0.9659258262890683,-0.25881904510252063,0.3294084822245304,-0.9441875088341993
2025-06-12 18:00:00+00:00,16.458333015441895,98.0,441.75,12.799999952316284,86.5,0.32500000298023224,0.0,9.7,99,0.0,0.0,0.8,-1.0,-1.8369701987210297e-16,0.3294084822245304,-0.9441875088341993
2025-06-12 19:00:00+00:00,16.72500006357829,97.91666666666667,447.0833333333333,12.62500007947286,88.25,0.43333333482344943,0.0,9.9,97,0.0,0.0,5.3,-0.9659258262890684,0.2588190451025203,0.3294084822245304,-0.9441875088341993
2025-06-12 20:00:00+00:00,18.625,96.91666666666667,438.5,12.725000063578287,88.83333333333333,0.9333333354443312,0.0,10.9,96,38.0,0.0,7.3,-0.8660254037844386,0.5000000000000001,0.3294084822245304,-0.9441875088341993
2025-06-12 21:00:00+00:00,22.375,94.08333333333333,397.25,13.858333349227905,84.75,1.0500000044703484,0.0,12.9,92,153.0,0.0,5.7,-0.7071067811865477,0.7071067811865474,0.3294084822245304,-0.9441875088341993
2025-06-12 22:00:00+00:00,23.708333174387615,91.16666666666667,354.9166666666667,14.59166669845581,83.83333333333333,1.2750000009934108,0.0,14.9,88,307.0,0.0,6.4,-0.5000000000000004,0.8660254037844384,0.3294084822245304,-0.9441875088341993
2025-06-12 23:00:00+00:00,25.77500009536743,76.91666666666667,328.5833333333333,15.658333460489908,81.25,2.1166666944821677,0.0,16.5,83,433.0,0.0,8.9,-0.25881904510252157,0.9659258262890681,0.3294084822245304,-0.9441875088341993
2025-06-13 00:00:00+00:00,26.141666571299236,58.833333333333336,339.25,17.50833336512248,74.83333333333333,2.7416666746139526,0.0,17.8,78,532.0,0.0,10.6,0.0,1.0,0.3131070409358269,-0.9497178427914316
2025-06-13 01:00:00+00:00,27.958333333333332,53.333333333333336,348.0833333333333,18.741666793823242,71.0,2.625000019868215,0.0,18.1,74,575.0,0.0,12.6,0.25881904510252074,0.9659258262890683,0.3131070409358269,-0.9497178427914316
2025-06-13 02:00:00+00:00,28.64999993642171,50.75,350.0833333333333,20.141666571299236,65.58333333333333,2.8416666388511658,0.0,18.6,72,651.0,0.0,14.7,0.49999999999999994,0.8660254037844387,0.3131070409358269,-0.9497178427914316
2025-06-13 03:00:00+00:00,28.983333110809326,48.0,342.0833333333333,20.55833339691162,61.5,3.416666696468989,0.0,19.2,70,861.0,0.0,16.3,0.7071067811865475,0.7071067811865476,0.3131070409358269,-0.9497178427914316
2025-06-13 04:00:00+00:00,28.84166669845581,48.416666666666664,338.9166666666667,20.391666571299236,62.583333333333336,3.6666667064030967,0.0,19.5,70,864.0,0.0,16.0,0.8660254037844386,0.5000000000000001,0.3131070409358269,-0.9497178427914316
2025-06-13 05:00:00+00:00,27.983333428700764,52.666666666666664,337.4166666666667,19.90833330154419,66.5,4.200000027815501,0.0,19.5,71,776.0,0.0,16.3,0.9659258262890683,0.25881904510252074,0.3131070409358269,-0.9497178427914316
2025-06-13 06:00:00+00:00,27.38333336512248,56.833333333333336,336.8333333333333,19.50833336512248,65.91666666666667,2.8916666507720947,0.0,18.4,74,506.0,0.0,16.2,1.0,6.123233995736766e-17,0.3131070409358269,-0.9497178427914316
2025-06-13 07:00:00+00:00,26.166666348775227,57.666666666666664,331.8333333333333,18.916666507720947,65.33333333333333,3.2999999970197678,0.0,17.1,78,260.0,0.0,15.8,0.9659258262890683,-0.25881904510252063,0.3131070409358269,-0.9497178427914316
2025-06-13 08:00:00+00:00,25.12500015894572,79.91666666666667,333.5833333333333,17.491666793823242,72.25,2.4833333094914756,0.0,17.0,78,270.0,0.0,15.3,0.8660254037844387,-0.4999999999999998,0.3131070409358269,-0.9497178427914316
2025-06-13 09:00:00+00:00,22.24166663487752,90.08333333333333,350.3333333333333,15.866666714350382,82.33333333333333,2.0749999781449637,0.0,16.0,82,104.0,0.0,14.9,0.7071067811865476,-0.7071067811865475,0.3131070409358269,-0.9497178427914316
2025-06-13 10:00:00+00:00,20.575000286102295,92.66666666666667,370.9166666666667,15.21666677792867,85.0,1.5000000198682149,0.0,15.1,86,23.0,0.0,15.7,0.49999999999999994,-0.8660254037844387,0.3131070409358269,-0.9497178427914316
2025-06-13 11:00:00+00:00,19.80833339691162,94.08333333333333,387.6666666666667,15.075000286102297,86.08333333333333,1.7999999796350796,0.0,14.5,90,0.0,0.0,15.6,0.258819045102521,-0.9659258262890682,0.3131070409358269,-0.9497178427914316
2025-06-13 12:00:00+00:00,19.1833332379659,95.0,398.5833333333333,14.791666666666666,87.33333333333333,2.191666660209497,0.0,14.2,92,0.0,0.0,15.7,1.2246467991473532e-16,-1.0,0.3131070409358269,-0.9497178427914316
2025-06-13 13:00:00+00:00,18.700000286102295,95.5,401.4166666666667,14.608333667119346,87.33333333333333,2.558333322405815,0.0,12.8,97,0.0,0.0,14.4,-0.2588190451025208,-0.9659258262890683,0.3131070409358269,-0.9497178427914316
2025-06-13 14:00:00+00:00,18.441666444142662,96.08333333333333,404.4166666666667,14.566666920979818,87.33333333333333,1.9333333273728688,0.0,12.8,98,0.0,0.0,14.3,-0.4999999999999997,-0.8660254037844388,0.3131070409358269,-0.9497178427914316
2025-06-13 15:00:00+00:00,18.316666444142662,97.0,411.3333333333333,14.616666952768965,87.0,1.3583333392937977,0.0,12.9,96,0.0,0.0,13.4,-0.7071067811865471,-0.7071067811865479,0.3131070409358269,-0.9497178427914316
2025-06-13 16:00:00+00:00,18.00833336512248,97.08333333333333,413.5,14.591667016347252,87.91666666666667,1.6750000019868214,0.0,12.9,96,0.0,0.0,12.8,-0.8660254037844384,-0.5000000000000004,0.3131070409358269,-0.9497178427914316
2025-06-13 17:00:00+00:00,17.891666253407795,98.0,416.6666666666667,14.65833338101705,87.91666666666667,1.1999999980131786,0.0,13.1,94,0.0,0.0,13.3,-0.9659258262890683,-0.25881904510252063,0.3131070409358269,-0.9497178427914316
2025-06-13 18:00:00+00:00,17.641666253407795,98.0,423.5,14.666666666666666,88.08333333333333,0.8416666686534882,0.0,12.7,96,0.0,0.0,13.4,-1.0,-1.8369701987210297e-16,0.3131070409358269,-0.9497178427914316
2025-06-13 19:00:00+00:00,17.583333492279053,98.0,428.6666666666667,14.700000127156576,88.25,0.8416666785875956,0.0,12.5,97,0.0,0.0,14.2,-0.9659258262890684,0.2588190451025203,0.3131070409358269,-0.9497178427914316
2025-06-13 20:00:00+00:00,19.90000009536743,97.0,418.5833333333333,15.366666793823242,85.75,0.8333333494762579,0.0,13.1,94,15.0,0.0,13.4,-0.8660254037844386,0.5000000000000001,0.3131070409358269,-0.9497178427914316
2025-06-13 21:00:00+00:00,24.016666889190674,91.25,359.3333333333333,16.391666571299236,82.33333333333333,1.0916666860381763,0.0,14.1,91,94.0,0.0,12.9,-0.7071067811865477,0.7071067811865474,0.3131070409358269,-0.9497178427914316
2025-06-13 22:00:00+00:00,25.175000031789143,75.08333333333333,320.6666666666667,17.683333079020183,77.91666666666667,1.4416666813194752,0.0,15.9,85,330.0,0.0,15.1,-0.5000000000000004,0.8660254037844384,0.3131070409358269,-0.9497178427914316
2025-06-13 23:00:00+00:00,25.941666920979817,60.833333333333336,328.5,18.55833355585734,74.25,2.1166666597127914,0.0,17.1,80,462.0,0.0,16.6,-0.25881904510252157,0.9659258262890681,0.3131070409358269,-0.9497178427914316
2025-06-14 00:00:00+00:00,26.90000009536743,57.0,334.8333333333333,18.72499990463257,72.83333333333333,2.1749999721844993,0.0,18.2,77,614.0,0.0,18.3,0.0,1.0,0.29671281927349075,-0.9549667548552551
2025-06-14 01:00:00+00:00,28.783333619435627,52.25,334.5833333333333,19.674999872843426,68.83333333333333,3.283333331346512,0.0,19.4,74,785.0,0.0,18.2,0.25881904510252074,0.9659258262890683,0.29671281927349075,-0.9549667548552551
2025-06-14 02:00:00+00:00,28.125,53.5,331.1666666666667,19.916666507720947,69.0,3.6166666547457376,0.0,20.0,73,876.0,0.0,18.8,0.49999999999999994,0.8660254037844387,0.29671281927349075,-0.9549667548552551
2025-06-14 03:00:00+00:00,28.641667048136394,52.75,325.3333333333333,20.141666571299236,68.16666666666667,3.741666624943415,0.0,20.1,72,890.0,0.0,20.0,0.7071067811865475,0.7071067811865476,0.29671281927349075,-0.9549667548552551
2025-06-14 04:00:00+00:00,28.71666669845581,53.916666666666664,329.5833333333333,19.69166660308838,70.83333333333333,3.6333333253860474,0.0,20.3,70,871.0,0.0,21.1,0.8660254037844386,0.5000000000000001,0.29671281927349075,-0.9549667548552551
2025-06-14 05:00:00+00:00,27.883333524068195,56.0,328.0833333333333,19.65833314259847,71.5,4.2333332896232605,0.0,20.1,71,809.0,0.0,21.2,0.9659258262890683,0.25881904510252074,0.29671281927349075,-0.9549667548552551
2025-06-14 06:00:00+00:00,27.974999745686848,56.25,328.3333333333333,20.041666666666668,71.0,2.6083333790302277,0.0,19.6,72,669.0,0.0,20.1,1.0,6.123233995736766e-17,0.29671281927349075,-0.9549667548552551
2025-06-14 07:00:00+00:00,25.81666644414266,63.75,324.4166666666667,19.31666660308838,73.0,2.074999988079071,0.0,18.9,76,526.0,0.0,19.5,0.9659258262890683,-0.25881904510252063,0.29671281927349075,-0.9549667548552551
2025-06-14 08:00:00+00:00,25.9333332379659,71.66666666666667,320.9166666666667,18.766666889190674,74.66666666666667,1.891666665673256,0.0,17.8,80,335.0,0.0,17.8,0.8660254037844387,-0.4999999999999998,0.29671281927349075,-0.9549667548552551
2025-06-14 09:00:00+00:00,21.6833332379659,82.75,327.6666666666667,16.733333269755047,81.66666666666667,1.0833333389212687,0.0,16.4,86,166.0,0.0,16.7,0.7071067811865476,-0.7071067811865475,0.29671281927349075,-0.9549667548552551
2025-06-14 10:00:00+00:00,19.52499993642171,89.0909090909091,339.4166666666667,15.458333333333334,88.66666666666667,1.381818178025159,0.0,15.1,92,53.0,0.0,16.4,0.49999999999999994,-0.8660254037844387,0.29671281927349075,-0.9549667548552551
2025-06-14 11:00:00+00:00,18.89999993642171,91.58333333333333,342.75,15.12500007947286,91.83333333333333,1.1916666701436043,0.0,14.3,96,0.0,0.0,14.9,0.258819045102521,-0.9659258262890682,0.29671281927349075,-0.9549667548552551
2025-06-14 12:00:00+00:00,18.96666669845581,92.5,340.8333333333333,15.5,91.83333333333333,1.0083333378036816,0.0,14.1,98,0.0,0.0,14.4,1.2246467991473532e-16,-1.0,0.29671281927349075,-0.9549667548552551
2025-06-14 13:00:00+00:00,18.733333428700764,93.75,344.6666666666667,15.799999872843424,90.91666666666667,1.1750000069538753,0.0,14.6,97,0.0,0.0,14.9,-0.2588190451025208,-0.9659258262890683,0.29671281927349075,-0.9549667548552551
2025-06-14 14:00:00+00:00,18.78333314259847,93.58333333333333,345.6666666666667,16.15833393732707,90.0,1.0416666666666667,0.0,15.4,94,0.0,0.0,14.7,-0.4999999999999997,-0.8660254037844388,0.29671281927349075,-0.9549667548552551
2025-06-14 15:00:00+00:00,19.125000317891438,94.33333333333333,344.9166666666667,16.56666644414266,89.25,1.0916666835546494,0.0,15.4,95,0.0,0.0,12.8,-0.7071067811865471,-0.7071067811865479,0.29671281927349075,-0.9549667548552551
2025-06-14 16:00:00+00:00,19.18333371480306,94.33333333333333,348.0833333333333,17.083333333333332,86.66666666666667,1.1166666708886623,0.0,15.4,95,0.0,0.0,12.7,-0.8660254037844384,-0.5000000000000004,0.29671281927349075,-0.9549667548552551
2025-06-14 17:00:00+00:00,19.27500009536743,94.58333333333333,347.75,17.308332920074463,85.25,0.7833333325882753,0.0,15.5,95,0.0,0.0,13.5,-0.9659258262890683,-0.25881904510252063,0.29671281927349075,-0.9549667548552551
2025-06-14 18:00:00+00:00,18.791666825612385,96.16666666666667,353.4166666666667,16.78333346048991,90.16666666666667,1.033333346247673,0.0,15.5,96,0.0,0.0,11.4,-1.0,-1.8369701987210297e-16,0.29671281927349075,-0.9549667548552551
2025-06-14 19:00:00+00:00,18.77500009536743,97.58333333333333,356.5,16.516666730244953,94.25,0.3916666731238365,0.0,15.7,95,0.0,0.0,10.2,-0.9659258262890684,0.2588190451025203,0.29671281927349075,-0.9549667548552551
2025-06-14 20:00:00+00:00,18.858333587646484,97.25,352.0833333333333,16.59166685740153,93.75,0.8083333317190409,0.0,15.9,95,13.0,0.1,10.3,-0.8660254037844386,0.5000000000000001,0.29671281927349075,-0.9549667548552551
2025-06-14 21:00:00+00:00,18.84166653951009,97.25,346.6666666666667,15.991666634877523,95.0,0.7333333368102709,0.0,16.2,94,50.0,0.1,11.4,-0.7071067811865477,0.7071067811865474,0.29671281927349075,-0.9549667548552551
2025-06-14 22:00:00+00:00,19.733333428700764,96.08333333333333,338.1666666666667,16.266666571299236,93.33333333333333,1.0916666636864345,0.0,16.4,94,80.0,0.1,11.1,-0.5000000000000004,0.8660254037844384,0.29671281927349075,-0.9549667548552551
2025-06-14 23:00:00+00:00,21.21666669845581,92.0,325.6666666666667,16.783333619435627,89.66666666666667,1.033333328862985,0.0,16.7,93,132.0,0.0,12.3,-0.25881904510252157,0.9659258262890681,0.29671281927349075,-0.9549667548552551
2025-06-15 00:00:00+00:00,22.116666475931805,91.75,308.4166666666667,16.883333047231037,89.16666666666667,1.166666676600774,0.0,17.6,89,286.0,0.1,13.0,0.0,1.0,0.2802306751992159,-0.9599326896597447
2025-06-15 01:00:00+00:00,22.0583332379659,92.75,295.4166666666667,16.633333683013916,89.33333333333333,1.4916666795810063,0.0,18.0,87,281.0,0.0,15.0,0.25881904510252074,0.9659258262890683,0.2802306751992159,-0.9599326896597447
2025-06-15 02:00:00+00:00,25.941666920979817,79.91666666666667,286.5833333333333,17.733333269755047,85.33333333333333,1.5000000099341075,0.0,18.2,85,356.0,0.0,16.4,0.49999999999999994,0.8660254037844387,0.2802306751992159,-0.9599326896597447
2025-06-15 03:00:00+00:00,26.791666507720947,70.25,313.4166666666667,18.166666825612385,84.33333333333333,1.9999999900658925,0.0,17.7,87,259.0,0.0,17.3,0.7071067811865475,0.7071067811865476,0.2802306751992159,-0.9599326896597447
2025-06-15 04:00:00+00:00,27.116666793823242,72.0,312.0,18.666666666666668,82.91666666666667,1.18333334227403,0.0,18.5,84,443.0,0.0,18.5,0.8660254037844386,0.5000000000000001,0.2802306751992159,-0.9599326896597447
2025-06-15 05:00:00+00:00,27.241666952768963,75.0,304.5833333333333,18.6833332379659,82.25,1.2333333268761635,0.0,18.7,84,408.0,0.0,17.5,0.9659258262890683,0.25881904510252074,0.2802306751992159,-0.9599326896597447
2025-06-15 06:00:00+00:00,27.100000222524006,76.33333333333333,304.6666666666667,18.39999993642171,83.41666666666667,1.6416666706403096,0.0,18.5,85,327.0,0.0,16.7,1.0,6.123233995736766e-17,0.2802306751992159,-0.9599326896597447
2025-06-15 07:00:00+00:00,25.3083332379659,89.25,296.0,17.266666889190674,88.83333333333333,1.2333333243926365,0.0,18.4,85,280.0,0.0,16.4,0.9659258262890683,-0.25881904510252063,0.2802306751992159,-0.9599326896597447
2025-06-15 08:00:00+00:00,22.925000031789143,92.75,309.6666666666667,16.883333206176758,91.41666666666667,1.1583333412806194,0.0,18.1,86,191.0,0.0,15.9,0.8660254037844387,-0.4999999999999998,0.2802306751992159,-0.9599326896597447
2025-06-15 09:00:00+00:00,21.083333333333332,94.5,330.75,16.49166663487752,93.16666666666667,0.8499999977648258,0.0,17.5,90,80.0,0.0,14.5,0.7071067811865476,-0.7071067811865475,0.2802306751992159,-0.9599326896597447
2025-06-15 10:00:00+00:00,19.87500015894572,95.58333333333333,354.9166666666667,16.11666711171468,94.0,0.633333341528972,0.0,16.5,94,31.0,0.0,13.0,0.49999999999999994,-0.8660254037844387,0.2802306751992159,-0.9599326896597447
2025-06-15 11:00:00+00:00,19.266666730244953,96.08333333333333,373.0833333333333,16.03333346048991,93.58333333333333,0.4083333356926839,0.0,15.9,96,0.0,0.0,12.4,0.258819045102521,-0.9659258262890682,0.2802306751992159,-0.9599326896597447
2025-06-15 12:00:00+00:00,18.266666730244953,96.25,394.75,15.891666571299234,93.25,0.6500000121692816,0.0,15.7,97,0.0,0.0,11.2,1.2246467991473532e-16,-1.0,0.2802306751992159,-0.9599326896597447
2025-06-15 13:00:00+00:00,18.5583332379659,97.25,408.3333333333333,15.78333330154419,94.25,0.9666666587193807,0.0,15.2,98,0.0,0.0,10.0,-0.2588190451025208,-0.9659258262890683,0.2802306751992159,-0.9599326896597447
2025-06-15 14:00:00+00:00,18.608333587646484,98.0,418.8333333333333,15.724999904632568,95.75,1.1916666676600773,0.0,15.0,99,0.0,0.0,7.7,-0.4999999999999997,-0.8660254037844388,0.2802306751992159,-0.9599326896597447
2025-06-15 15:00:00+00:00,18.44999980926514,98.0,429.5833333333333,15.616666952768965,95.66666666666667,0.6666666703919569,0.0,14.6,99,0.0,0.0,6.0,-0.7071067811865471,-0.7071067811865479,0.2802306751992159,-0.9599326896597447
2025-06-15 16:00:00+00:00,18.441666444142662,98.16666666666667,442.9166666666667,15.566666920979818,95.16666666666667,0.3000000057121118,0.0,14.8,99,0.0,0.0,7.6,-0.8660254037844384,-0.5000000000000004,0.2802306751992159,-0.9599326896597447
2025-06-15 17:00:00+00:00,18.34999958674113,99.0,455.75,15.474999904632568,95.41666666666667,0.24166667150954405,0.0,14.8,99,0.0,0.0,7.0,-0.9659258262890683,-0.25881904510252063,0.2802306751992159,-0.9599326896597447
2025-06-15 18:00:00+00:00,18.15000057220459,99.0,463.5,15.316666762034098,96.0,0.8166666732480129,0.0,14.6,100,0.0,0.0,5.7,-1.0,-1.8369701987210297e-16,0.2802306751992159,-0.9599326896597447
2025-06-15 19:00:00+00:00,18.191667238871258,99.0,472.5833333333333,15.325000047683716,96.0,0.15000000161429247,0.0,14.6,100,0.0,0.0,4.7,-0.9659258262890684,0.2588190451025203,0.2802306751992159,-0.9599326896597447
2025-06-15 20:00:00+00:00,19.075000286102295,98.41666666666667,470.8333333333333,15.316666523615519,95.75,0.3750000024835269,0.0,14.7,99,17.0,0.0,5.9,-0.8660254037844386,0.5000000000000001,0.2802306751992159,-0.9599326896597447
2025-06-15 21:00:00+00:00,21.241666475931805,97.41666666666667,443.75,15.749999841054281,93.83333333333333,0.5583333428949118,0.0,15.2,98,66.0,0.0,6.7,-0.7071067811865477,0.7071067811865474,0.2802306751992159,-0.9599326896597447
2025-06-15 22:00:00+00:00,23.93333355585734,94.75,396.6666666666667,16.4916668732961,91.08333333333333,1.074999999254942,0.0,16.5,93,152.0,0.0,8.3,-0.5000000000000004,0.8660254037844384,0.2802306751992159,-0.9599326896597447
2025-06-15 23:00:00+00:00,25.72499990463257,90.58333333333333,337.5,16.949999968210857,90.41666666666667,1.5249999923010666,0.0,18.0,88,288.0,0.0,10.2,-0.25881904510252157,0.9659258262890681,0.2802306751992159,-0.9599326896597447
2025-06-16 00:00:00+00:00,26.31666660308838,77.91666666666667,311.25,18.116666475931805,86.66666666666667,1.6583333412806194,0.0,18.9,85,352.0,0.0,10.7,0.0,1.0,0.26366549272800704,-0.9646141756912435
2025-06-16 01:00:00+00:00,27.958333333333332,65.41666666666667,323.0,19.550000190734863,81.66666666666667,1.6666666716337204,0.0,19.8,83,401.0,0.0,8.0,0.25881904510252074,0.9659258262890683,0.26366549272800704,-0.9646141756912435
2025-06-16 02:00:00+00:00,29.341666380564373,60.75,331.1666666666667,21.216666380564373,76.75,0.7333333430190881,0.0,21.2,78,550.0,0.0,6.0,0.49999999999999994,0.8660254037844387,0.26366549272800704,-0.9646141756912435
2025-06-16 03:00:00+00:00,30.22499990463257,59.666666666666664,329.5,22.61666663487752,74.25,1.0250000059604645,0.0,21.4,78,440.0,0.0,5.8,0.7071067811865475,0.7071067811865476,0.26366549272800704,-0.9646141756912435
2025-06-16 04:00:00+00:00,29.86666711171468,59.0,330.75,24.59166653951009,67.58333333333333,0.8500000027318796,0.0,23.6,67,721.0,0.0,6.5,0.8660254037844386,0.5000000000000001,0.26366549272800704,-0.9646141756912435
2025-06-16 05:00:00+00:00,28.541666666666668,63.75,319.4166666666667,24.425000031789143,68.25,1.4833333442608516,0.0,24.8,62,695.0,0.0,9.4,0.9659258262890683,0.25881904510252074,0.26366549272800704,-0.9646141756912435
2025-06-16 06:00:00+00:00,28.741666952768963,59.75,322.6666666666667,23.824999968210857,67.0,1.9500000004967053,0.0,22.3,75,426.0,0.0,14.9,1.0,6.123233995736766e-17,0.26366549272800704,-0.9646141756912435
2025-06-16 07:00:00+00:00,27.675000190734863,75.25,320.1666666666667,21.866666952768963,73.25,1.7249999915560086,0.0,20.4,82,227.0,0.0,11.8,0.9659258262890683,-0.25881904510252063,0.26366549272800704,-0.9646141756912435
2025-06-16 08:00:00+00:00,27.4416667620341,85.75,323.3333333333333,20.300000190734863,77.66666666666667,2.324999988079071,0.0,19.5,85,184.0,0.0,13.0,0.8660254037844387,-0.4999999999999998,0.26366549272800704,-0.9646141756912435
2025-06-16 09:00:00+00:00,24.600000222524006,92.58333333333333,338.25,19.266666571299236,81.58333333333333,1.016666656980912,0.0,18.2,87,46.0,0.0,13.1,0.7071067811865476,-0.7071067811865475,0.26366549272800704,-0.9646141756912435
2025-06-16 10:00:00+00:00,21.78333346048991,94.33333333333333,363.4166666666667,17.24166663487752,86.83333333333333,2.574999988079071,0.0,17.1,91,14.0,0.0,14.4,0.49999999999999994,-0.8660254037844387,0.26366549272800704,-0.9646141756912435
2025-06-16 11:00:00+00:00,20.61666663487752,95.25,385.8333333333333,16.35833279291789,89.83333333333333,1.8666666547457378,0.0,16.1,96,0.0,0.0,14.2,0.258819045102521,-0.9659258262890682,0.26366549272800704,-0.9646141756912435
2025-06-16 12:00:00+00:00,20.15000009536743,95.91666666666667,404.0833333333333,16.416666348775227,90.25,1.883333330353101,0.0,15.6,99,0.0,0.2,13.1,1.2246467991473532e-16,-1.0,0.26366549272800704,-0.9646141756912435
2025-06-16 13:00:00+00:00,19.94999980926514,96.66666666666667,412.25,16.366666475931805,91.08333333333333,1.4583333507180214,0.0,15.4,98,0.0,0.0,12.7,-0.2588190451025208,-0.9659258262890683,0.26366549272800704,-0.9646141756912435
2025-06-16 14:00:00+00:00,19.499999841054283,97.0,425.1666666666667,16.166667302449543,93.75,0.40000000409781933,0.5416666467984518,15.3,98,0.0,0.2,11.1,-0.4999999999999997,-0.8660254037844388,0.26366549272800704,-0.9646141756912435
2025-06-16 15:00:00+00:00,19.29166618982951,97.41666666666667,441.75,16.225000222524006,94.83333333333333,0.22500000397364298,1.0916666438182194,15.6,97,0.0,0.2,14.6,-0.7071067811865471,-0.7071067811865479,0.26366549272800704,-0.9646141756912435
2025-06-16 16:00:00+00:00,19.483333269755047,98.0,456.9166666666667,17.00833336512248,95.0,0.4083333406597376,0.5916666785875956,16.1,96,0.0,0.4,17.3,-0.8660254037844384,-0.5000000000000004,0.26366549272800704,-0.9646141756912435
2025-06-16 17:00:00+00:00,19.52500009536743,98.58333333333333,469.5833333333333,17.24166663487752,95.0,0.42500000695387524,0.5916666736205419,16.4,95,0.0,0.4,17.8,-0.9659258262890683,-0.25881904510252063,0.26366549272800704,-0.9646141756912435
2025-06-16 18:00:00+00:00,19.49166663487752,99.0,481.5833333333333,17.625000476837158,94.25,1.0416666616996129,0.708333338300387,16.1,97,0.0,0.3,19.8,-1.0,-1.8369701987210297e-16,0.26366549272800704,-0.9646141756912435
2025-06-16 19:00:00+00:00,19.299999554951984,99.0,479.75,17.15833330154419,94.0,1.3916666706403096,0.1750000069538752,15.6,98,0.0,0.1,18.8,-0.9659258262890684,0.2588190451025203,0.26366549272800704,-0.9646141756912435
2025-06-16 20:00:00+00:00,19.283332983652752,98.91666666666667,460.3333333333333,16.641666730244953,94.58333333333333,2.266666660706202,0.0,15.4,98,10.0,0.0,16.8,-0.8660254037844386,0.5000000000000001,0.26366549272800704,-0.9646141756912435
2025-06-16 21:00:00+00:00,20.791666825612385,97.41666666666667,417.25,16.633333524068195,95.0,1.7083333147068818,0.0,15.7,97,58.0,0.0,17.6,-0.7071067811865477,0.7071067811865474,0.26366549272800704,-0.9646141756912435
2025-06-16 22:00:00+00:00,24.59166669845581,92.75,332.1666666666667,17.299999713897705,94.25,2.250000019868215,0.0,16.5,94,133.0,0.0,16.4,-0.5000000000000004,0.8660254037844384,0.26366549272800704,-0.9646141756912435
2025-06-16 23:00:00+00:00,26.416666507720947,81.33333333333333,304.9166666666667,19.27500009536743,89.66666666666667,1.633333335320155,0.0,18.2,89,268.0,0.0,17.3,-0.25881904510252157,0.9659258262890681,0.26366549272800704,-0.9646141756912435
2025-06-17 00:00:00+00:00,27.15833346048991,71.5,323.9166666666667,20.98333311080933,84.41666666666667,3.5083333551883698,0.0,19.9,86,388.0,0.0,19.3,0.0,1.0,0.24702218048093552,-0.9690098257244062
2025-06-17 01:00:00+00:00,29.300000349680584,64.83333333333333,325.4166666666667,21.616666475931805,80.66666666666667,4.4333333770434065,0.0,21.7,80,571.0,0.0,15.6,0.25881904510252074,0.9659258262890683,0.24702218048093552,-0.9690098257244062
2025-06-17 02:00:00+00:00,29.60000006357829,63.333333333333336,328.25,22.291666507720947,79.0,3.525000015894572,0.0,24.4,71,687.0,0.0,11.1,0.49999999999999994,0.8660254037844387,0.24702218048093552,-0.9690098257244062
2025-06-17 03:00:00+00:00,29.733333269755047,62.0,331.9166666666667,23.68333339691162,74.5,3.3083333174387612,0.0,25.8,66,565.0,0.0,7.9,0.7071067811865475,0.7071067811865476,0.24702218048093552,-0.9690098257244062
2025-06-17 04:00:00+00:00,30.324999968210857,59.5,337.0,25.133333206176758,69.5,3.125,0.0,26.3,65,582.0,0.0,5.5,0.8660254037844386,0.5000000000000001,0.24702218048093552,-0.9690098257244062
2025-06-17 05:00:00+00:00,29.458333174387615,62.0,330.3333333333333,25.324999650319416,69.08333333333333,3.1250000397364297,0.0,26.7,64,697.0,0.0,3.8,0.9659258262890683,0.25881904510252074,0.24702218048093552,-0.9690098257244062
2025-06-17 06:00:00+00:00,29.199999968210857,61.0,326.0,24.916666507720947,69.08333333333333,2.958333343267441,0.0,26.5,67,590.0,0.2,4.8,1.0,6.123233995736766e-17,0.24702218048093552,-0.9690098257244062
2025-06-17 07:00:00+00:00,28.03333314259847,64.33333333333333,323.9166666666667,24.24166663487752,69.83333333333333,2.916666626930237,0.0,25.9,69,465.0,0.1,8.4,0.9659258262890683,-0.25881904510252063,0.24702218048093552,-0.9690098257244062
2025-06-17 08:00:00+00:00,27.15000009536743,76.5,323.25,23.13333336512248,72.83333333333333,2.2583333452542624,0.0,25.2,73,328.0,0.0,9.1,0.8660254037844387,-0.4999999999999998,0.24702218048093552,-0.9690098257244062
2025-06-17 09:00:00+00:00,24.62500015894572,86.91666666666667,331.5833333333333,21.949999968210857,77.16666666666667,2.9833333094914756,0.0,24.0,81,173.0,0.0,12.7,0.7071067811865476,-0.7071067811865475,0.24702218048093552,-0.9690098257244062
2025-06-17 10:00:00+00:00,23.05833339691162,90.41666666666667,349.3333333333333,20.99166663487752,80.75,2.2416666597127914,0.0,22.0,86,45.0,0.0,13.1,0.49999999999999994,-0.8660254037844387,0.24702218048093552,-0.9690098257244062
2025-06-17 11:00:00+00:00,21.94166660308838,91.5,357.25,20.550000190734863,82.83333333333333,1.1833333385487397,0.0,21.0,88,1.0,0.0,14.7,0.258819045102521,-0.9659258262890682,0.24702218048093552,-0.9690098257244062
2025-06-17 12:00:00+00:00,21.274999777475994,93.25,359.0,19.97499990463257,85.16666666666667,0.8333333438883225,0.0,20.0,89,0.0,0.0,14.4,1.2246467991473532e-16,-1.0,0.24702218048093552,-0.9690098257244062
2025-06-17 13:00:00+00:00,20.93333339691162,95.16666666666667,366.75,19.050000031789143,88.33333333333333,1.0750000129143398,0.0,19.8,88,0.0,0.0,14.1,-0.2588190451025208,-0.9659258262890683,0.24702218048093552,-0.9690098257244062
2025-06-17 14:00:00+00:00,19.616666952768963,95.91666666666667,362.8333333333333,18.358333428700764,91.16666666666667,2.1750000019868216,0.0,18.6,92,0.0,0.0,12.8,-0.4999999999999997,-0.8660254037844388,0.24702218048093552,-0.9690098257244062
2025-06-17 15:00:00+00:00,19.25,96.0,360.3333333333333,18.35000006357829,91.41666666666667,2.499999980131785,0.0,17.5,96,0.0,0.0,11.3,-0.7071067811865471,-0.7071067811865479,0.24702218048093552,-0.9690098257244062
2025-06-17 16:00:00+00:00,19.424999872843426,96.25,360.4166666666667,19.31666628519694,87.75,2.7499999900658927,0.0,17.4,97,0.0,0.0,11.3,-0.8660254037844384,-0.5000000000000004,0.24702218048093552,-0.9690098257244062
2025-06-17 17:00:00+00:00,19.066666920979817,96.75,358.75,19.033333619435627,88.16666666666667,2.658333351214727,0.0,17.5,97,0.0,0.0,12.0,-0.9659258262890683,-0.25881904510252063,0.24702218048093552,-0.9690098257244062
2025-06-17 18:00:00+00:00,19.0,96.33333333333333,358.1666666666667,19.416666507720947,84.16666666666667,2.6499999662240348,0.0,17.8,96,0.0,0.0,13.0,-1.0,-1.8369701987210297e-16,0.24702218048093552,-0.9690098257244062
2025-06-17 19:00:00+00:00,19.28333346048991,95.08333333333333,355.0,19.575000286102295,79.5,1.5083333365619183,0.0,17.6,96,0.0,0.0,11.9,-0.9659258262890684,0.2588190451025203,0.24702218048093552,-0.9690098257244062
2025-06-17 20:00:00+00:00,21.31666660308838,93.16666666666667,346.25,19.5,81.83333333333333,2.25,0.0,17.8,94,32.0,0.0,8.2,-0.8660254037844386,0.5000000000000001,0.24702218048093552,-0.9690098257244062
2025-06-17 21:00:00+00:00,24.75833336512248,80.75,326.0833333333333,21.8249994913737,72.25,1.2666666780908902,0.0,19.0,89,152.0,0.0,6.5,-0.7071067811865477,0.7071067811865474,0.24702218048093552,-0.9690098257244062
2025-06-17 22:00:00+00:00,26.875,65.41666666666667,330.75,23.3083332379659,67.33333333333333,1.7583333402872086,0.0,20.4,84,343.0,0.0,7.3,-0.5000000000000004,0.8660254037844384,0.24702218048093552,-0.9690098257244062
2025-06-17 23:00:00+00:00,28.191666920979817,59.416666666666664,337.0,24.416666825612385,63.916666666666664,2.475000003973643,0.0,22.0,77,521.0,0.0,6.8,-0.25881904510252157,0.9659258262890681,0.24702218048093552,-0.9690098257244062
2025-06-18 00:00:00+00:00,29.391666571299236,56.166666666666664,336.3333333333333,25.258333047231037,61.666666666666664,3.2749999860922494,0.0,23.6,68,679.0,0.0,4.6,0.0,1.0,0.23030567023061221,-0.9731183372332619
2025-06-18 01:00:00+00:00,29.766666889190674,55.166666666666664,336.1666666666667,25.14999993642171,62.75,3.799999992052714,0.0,25.2,62,780.0,0.0,6.8,0.25881904510252074,0.9659258262890683,0.23030567023061221,-0.9731183372332619
2025-06-18 02:00:00+00:00,30.458333174387615,53.333333333333336,331.1666666666667,25.56666644414266,60.75,3.7833333214124045,0.0,25.1,64,639.0,0.0,11.5,0.49999999999999994,0.8660254037844387,0.23030567023061221,-0.9731183372332619
2025-06-18 03:00:00+00:00,31.31666660308838,51.416666666666664,334.8333333333333,26.19166660308838,59.25,3.8083333174387612,0.0,25.0,67,845.0,0.7,13.1,0.7071067811865475,0.7071067811865476,0.23030567023061221,-0.9731183372332619
2025-06-18 04:00:00+00:00,31.575000127156574,50.166666666666664,335.6666666666667,26.09999990463257,58.5,3.4333333373069763,0.0,24.8,67,726.0,0.2,14.7,0.8660254037844386,0.5000000000000001,0.23030567023061221,-0.9731183372332619
2025-06-18 05:00:00+00:00,30.71666669845581,51.25,336.9166666666667,26.208333651224773,58.5,1.7916666517655055,0.0,25.8,65,723.0,0.1,10.9,0.9659258262890683,0.25881904510252074,0.23030567023061221,-0.9731183372332619
2025-06-18 06:00:00+00:00,29.800000190734863,53.833333333333336,332.0,25.78333346048991,59.75,1.3250000029802322,0.0,25.7,67,615.0,0.1,8.1,1.0,6.123233995736766e-17,0.23030567023061221,-0.9731183372332619
2025-06-18 07:00:00+00:00,29.3166667620341,55.5,326.75,25.30833339691162,61.166666666666664,1.8333333258827527,0.0,24.6,71,474.0,0.2,9.7,0.9659258262890683,-0.25881904510252063,0.23030567023061221,-0.9731183372332619
2025-06-18 08:00:00+00:00,28.15833346048991,63.416666666666664,324.6666666666667,24.50833336512248,63.75,1.8249999930461247,0.0,23.5,75,305.0,0.1,9.2,0.8660254037844387,-0.4999999999999998,0.23030567023061221,-0.9731183372332619
2025-06-18 09:00:00+00:00,26.983333428700764,86.08333333333333,334.75,22.85000006357829,68.58333333333333,1.2833333363135655,0.0,22.1,80,180.0,0.0,7.7,0.7071067811865476,-0.7071067811865475,0.23030567023061221,-0.9731183372332619
2025-06-18 10:00:00+00:00,24.47500006357829,93.08333333333333,376.5833333333333,21.27499993642171,73.25,0.2250000058362881,0.0,20.1,89,54.0,0.0,4.4,0.49999999999999994,-0.8660254037844387,0.23030567023061221,-0.9731183372332619
2025-06-18 11:00:00+00:00,22.90000009536743,94.16666666666667,414.0,20.266666571299236,77.08333333333333,0.20000000422199568,0.0,18.5,94,1.0,0.0,3.8,0.258819045102521,-0.9659258262890682,0.23030567023061221,-0.9731183372332619
2025-06-18 12:00:00+00:00,21.666666666666668,95.0,448.3333333333333,19.583333174387615,79.91666666666667,0.07499999925494194,0.0,17.6,96,0.0,0.0,4.6,1.2246467991473532e-16,-1.0,0.23030567023061221,-0.9731183372332619
2025-06-18 13:00:00+00:00,20.666666666666668,95.58333333333333,479.3333333333333,18.27499993642171,85.91666666666667,0.08333333643774189,0.0,17.7,94,0.0,0.0,2.6,-0.2588190451025208,-0.9659258262890683,0.23030567023061221,-0.9731183372332619
2025-06-18 14:00:00+00:00,20.016666730244953,96.0,507.5,18.041666666666668,86.75,0.050000001365939774,0.0,17.2,94,0.0,0.0,1.5,-0.4999999999999997,-0.8660254037844388,0.23030567023061221,-0.9731183372332619
2025-06-18 15:00:00+00:00,19.141666571299236,96.58333333333333,531.5833333333334,16.733333110809326,91.41666666666667,0.008333333457509676,0.0,17.0,93,0.0,0.0,2.4,-0.7071067811865471,-0.7071067811865479,0.23030567023061221,-0.9731183372332619
2025-06-18 16:00:00+00:00,18.47500006357829,97.0,556.6666666666666,16.15833330154419,92.66666666666667,0.0,0.0,16.8,92,0.0,0.0,1.8,-0.8660254037844384,-0.5000000000000004,0.23030567023061221,-0.9731183372332619
2025-06-18 17:00:00+00:00,17.88333336512248,97.91666666666667,578.25,15.733333428700766,93.25,0.041666666666666664,0.0,16.5,92,0.0,0.0,0.4,-0.9659258262890683,-0.25881904510252063,0.23030567023061221,-0.9731183372332619
2025-06-18 18:00:00+00:00,17.366666316986084,98.08333333333333,600.5833333333334,15.383333285649618,93.91666666666667,0.008333333457509676,0.0,16.1,93,0.0,0.0,0.4,-1.0,-1.8369701987210297e-16,0.23030567023061221,-0.9731183372332619
2025-06-18 19:00:00+00:00,17.725000222524006,98.16666666666667,612.8333333333334,16.158333381017048,89.08333333333333,0.06666666890184085,0.0,15.6,94,0.0,0.0,1.1,-0.9659258262890684,0.2588190451025203,0.23030567023061221,-0.9731183372332619
2025-06-18 20:00:00+00:00,20.28333346048991,97.08333333333333,591.6666666666666,17.77500009536743,84.25,0.17500000447034836,0.0,16.6,93,40.0,0.0,1.9,-0.8660254037844386,0.5000000000000001,0.23030567023061221,-0.9731183372332619
2025-06-18 21:00:00+00:00,24.733333587646484,89.25,481.8333333333333,19.6833332379659,81.66666666666667,0.2166666705161333,0.0,18.2,90,170.0,0.0,2.2,-0.7071067811865477,0.7071067811865474,0.23030567023061221,-0.9731183372332619
2025-06-18 22:00:00+00:00,26.59166669845581,74.0,376.5,22.291666507720947,74.91666666666667,0.38333333656191826,0.0,20.2,86,339.0,0.0,0.8,-0.5000000000000004,0.8660254037844384,0.23030567023061221,-0.9731183372332619
2025-06-18 23:00:00+00:00,29.074999968210857,60.666666666666664,367.6666666666667,24.616666793823242,65.25,0.8833333216607571,0.0,22.1,80,514.0,0.0,2.2,-0.25881904510252157,0.9659258262890681,0.23030567023061221,-0.9731183372332619
2025-06-19 00:00:00+00:00,30.375,52.666666666666664,348.1666666666667,25.916666825612385,56.583333333333336,1.2166666785875957,0.0,23.8,73,671.0,0.0,4.9,0.0,1.0,0.21352091543979612,-0.9769384927771817
2025-06-19 01:00:00+00:00,31.991666952768963,48.583333333333336,347.1666666666667,27.00000015894572,53.583333333333336,0.7999999963988861,0.0,25.1,63,798.0,0.0,3.1,0.25881904510252074,0.9659258262890683,0.21352091543979612,-0.9769384927771817
2025-06-19 02:00:00+00:00,32.40833314259847,47.0,345.9166666666667,27.866666475931805,52.333333333333336,1.3916666669150193,0.0,26.3,59,864.0,0.0,3.7,0.49999999999999994,0.8660254037844387,0.21352091543979612,-0.9769384927771817
2025-06-19 03:00:00+00:00,34.25833288828532,44.75,351.5,28.958333015441895,50.75,1.6666666716337204,0.0,27.0,58,864.0,0.0,7.3,0.7071067811865475,0.7071067811865476,0.21352091543979612,-0.9769384927771817
2025-06-19 04:00:00+00:00,34.2583335240682,43.666666666666664,347.0,29.299999713897705,48.5,1.8999999985098839,0.0,27.1,58,816.0,0.0,9.8,0.8660254037844386,0.5000000000000001,0.21352091543979612,-0.9769384927771817
2025-06-19 05:00:00+00:00,33.766666094462074,43.5,350.8333333333333,29.266666253407795,48.333333333333336,1.7916666517655055,0.0,26.7,56,754.0,0.0,9.9,0.9659258262890683,0.25881904510252074,0.21352091543979612,-0.9769384927771817
2025-06-19 06:00:00+00:00,31.058333079020183,49.583333333333336,349.8333333333333,28.09166669845581,52.833333333333336,1.5666666775941849,0.0,26.5,56,672.0,0.0,9.8,1.0,6.123233995736766e-17,0.21352091543979612,-0.9769384927771817
2025-06-19 07:00:00+00:00,29.375,54.5,337.0,26.78333346048991,57.0,1.2833333363135655,0.0,26.0,59,504.0,0.0,8.3,0.9659258262890683,-0.25881904510252063,0.21352091543979612,-0.9769384927771817
2025-06-19 08:00:00+00:00,28.291666348775227,61.333333333333336,335.8333333333333,25.84166669845581,60.333333333333336,1.0750000129143398,0.0,25.2,63,344.0,0.0,4.0,0.8660254037844387,-0.4999999999999998,0.21352091543979612,-0.9769384927771817
2025-06-19 09:00:00+00:00,27.24999984105428,84.0,348.4166666666667,23.4416667620341,69.83333333333333,0.4000000028560559,0.0,23.8,75,186.0,0.0,2.6,0.7071067811865476,-0.7071067811865475,0.21352091543979612,-0.9769384927771817
2025-06-19 10:00:00+00:00,25.35000006357829,92.58333333333333,390.4166666666667,21.39999993642171,77.25,0.26666667001942795,0.0,21.2,86,55.0,0.0,5.3,0.49999999999999994,-0.8660254037844387,0.21352091543979612,-0.9769384927771817
2025-06-19 11:00:00+00:00,23.61666663487752,94.33333333333333,431.9166666666667,20.46666669845581,81.08333333333333,0.48333333246409893,0.0,19.0,88,1.0,0.0,8.5,0.258819045102521,-0.9659258262890682,0.21352091543979612,-0.9769384927771817
2025-06-19 12:00:00+00:00,22.241666793823242,95.16666666666667,465.0,19.333333333333332,85.0,0.7333333399146795,0.0,17.6,90,0.0,0.0,7.3,1.2246467991473532e-16,-1.0,0.21352091543979612,-0.9769384927771817
2025-06-19 13:00:00+00:00,21.62499984105428,96.0,494.4166666666667,18.88333336512248,88.58333333333333,0.3000000057121118,0.0,17.7,94,0.0,0.0,4.8,-0.2588190451025208,-0.9659258262890683,0.21352091543979612,-0.9769384927771817
2025-06-19 14:00:00+00:00,21.024999777475994,96.75,520.25,18.233333587646484,90.41666666666667,0.35000000273187953,0.0,16.9,96,0.0,0.0,7.1,-0.4999999999999997,-0.8660254037844388,0.21352091543979612,-0.9769384927771817
2025-06-19 15:00:00+00:00,20.416666666666668,97.25,539.3333333333334,17.84166606267293,91.16666666666667,0.2583333396663268,0.0,16.2,97,0.0,0.0,8.6,-0.7071067811865471,-0.7071067811865479,0.21352091543979612,-0.9769384927771817
2025-06-19 16:00:00+00:00,20.133333683013916,98.0,560.6666666666666,17.799999396006267,91.91666666666667,0.1500000028560559,0.0,16.1,97,0.0,0.0,8.8,-0.8660254037844384,-0.5000000000000004,0.21352091543979612,-0.9769384927771817
2025-06-19 17:00:00+00:00,19.583333333333332,98.66666666666667,579.4166666666666,17.425000190734863,92.41666666666667,0.1833333366860946,0.0,16.2,97,0.0,0.0,7.4,-0.9659258262890683,-0.25881904510252063,0.21352091543979612,-0.9769384927771817
2025-06-19 18:00:00+00:00,19.374999523162845,99.0,598.8333333333334,17.366666316986084,93.0,0.1250000037252903,0.0,15.9,97,0.0,0.0,6.7,-1.0,-1.8369701987210297e-16,0.21352091543979612,-0.9769384927771817
2025-06-19 19:00:00+00:00,19.78333346048991,99.0,614.8333333333334,17.741666793823242,92.08333333333333,0.09166666741172473,0.0,15.8,98,0.0,0.0,7.0,-0.9659258262890684,0.2588190451025203,0.21352091543979612,-0.9769384927771817
2025-06-19 20:00:00+00:00,21.750000317891438,98.91666666666667,605.8333333333334,18.75,88.58333333333333,0.3166666701436043,0.0,16.5,96,37.0,0.0,8.6,-0.8660254037844386,0.5000000000000001,0.21352091543979612,-0.9769384927771817
2025-06-19 21:00:00+00:00,24.85000006357829,91.41666666666667,471.5,20.791666984558105,82.08333333333333,0.7500000024835268,0.0,18.5,90,158.0,0.0,7.9,-0.7071067811865477,0.7071067811865474,0.21352091543979612,-0.9769384927771817
2025-06-19 22:00:00+00:00,26.28333346048991,74.58333333333333,341.25,23.083333333333332,74.58333333333333,1.3833333166937034,0.0,20.3,85,316.0,0.0,10.0,-0.5000000000000004,0.8660254037844384,0.21352091543979612,-0.9769384927771817
2025-06-19 23:00:00+00:00,28.27499993642171,65.75,345.0,24.28333330154419,70.66666666666667,1.7833333164453506,0.0,21.6,81,501.0,0.0,13.2,-0.25881904510252157,0.9659258262890681,0.21352091543979612,-0.9769384927771817
2025-06-20 00:00:00+00:00,28.824999968210857,63.25,346.25,24.28333330154419,70.58333333333333,2.9250000019868216,0.0,22.2,79,625.0,0.0,15.5,0.0,1.0,0.19667288979357647,-0.980469160361632
2025-06-20 01:00:00+00:00,30.108333269755047,59.833333333333336,344.8333333333333,25.166666666666668,68.0,2.4666666636864343,0.0,23.4,74,764.0,0.0,16.1,0.25881904510252074,0.9659258262890683,0.19667288979357647,-0.980469160361632
2025-06-20 02:00:00+00:00,30.85000006357829,58.083333333333336,342.0833333333333,25.350000222524006,67.75,3.400000015894572,0.0,23.6,73,854.0,0.0,16.6,0.49999999999999994,0.8660254037844387,0.19667288979357647,-0.980469160361632
2025-06-20 03:00:00+00:00,30.608333428700764,58.333333333333336,340.3333333333333,25.450000286102295,67.91666666666667,3.316666672627131,0.0,23.6,73,892.0,0.0,17.1,0.7071067811865475,0.7071067811865476,0.19667288979357647,-0.980469160361632
2025-06-20 04:00:00+00:00,31.358333269755047,57.25,341.9166666666667,26.108332951863606,66.58333333333333,2.833333358168602,0.0,23.5,73,876.0,0.0,18.1,0.8660254037844386,0.5000000000000001,0.19667288979357647,-0.980469160361632
2025-06-20 05:00:00+00:00,31.541666666666668,56.25,341.0,26.641666730244953,64.5,2.8666666795810065,0.0,23.5,74,814.0,0.0,17.9,0.9659258262890683,0.25881904510252074,0.19667288979357647,-0.980469160361632
2025-06-20 06:00:00+00:00,29.574999809265137,60.25,335.75,25.53333346048991,66.75,4.008333375056584,0.0,23.0,77,692.0,0.0,17.2,1.0,6.123233995736766e-17,0.19667288979357647,-0.980469160361632
2025-06-20 07:00:00+00:00,28.558333079020183,62.166666666666664,329.5,24.599999745686848,68.08333333333333,3.2499999900658927,0.0,21.8,82,520.0,0.0,17.7,0.9659258262890683,-0.25881904510252063,0.19667288979357647,-0.980469160361632
2025-06-20 08:00:00+00:00,27.833333333333332,71.66666666666667,327.5833333333333,23.449999968210857,69.75,2.5666666477918625,0.0,20.2,88,276.0,0.0,16.5,0.8660254037844387,-0.4999999999999998,0.19667288979357647,-0.980469160361632
2025-06-20 09:00:00+00:00,26.433333079020183,88.75,347.8333333333333,21.46666685740153,77.16666666666667,1.4749999791383743,0.0,19.0,93,131.0,0.0,16.4,0.7071067811865476,-0.7071067811865475,0.19667288979357647,-0.980469160361632
2025-06-20 10:00:00+00:00,24.450000286102295,93.16666666666667,385.8333333333333,19.791666825612385,86.08333333333333,1.9416666626930237,0.0,18.0,97,32.0,0.0,14.1,0.49999999999999994,-0.8660254037844387,0.19667288979357647,-0.980469160361632
2025-06-20 11:00:00+00:00,23.71666669845581,94.83333333333333,420.4166666666667,18.89166641235352,89.75,2.5166667054096856,0.0,17.6,98,0.0,0.0,13.2,0.258819045102521,-0.9659258262890682,0.19667288979357647,-0.980469160361632
2025-06-20 12:00:00+00:00,22.84166669845581,95.66666666666667,442.0,18.266666730244953,92.75,0.9083333406597376,0.0,17.8,96,0.0,0.0,13.8,1.2246467991473532e-16,-1.0,0.19667288979357647,-0.980469160361632
2025-06-20 13:00:00+00:00,22.300000031789143,96.33333333333333,469.25,18.28333346048991,95.0,0.8666666746139526,0.0,18.2,96,0.0,0.0,13.9,-0.2588190451025208,-0.9659258262890683,0.19667288979357647,-0.980469160361632
2025-06-20 14:00:00+00:00,22.266667048136394,97.0,489.0,18.799999872843426,93.08333333333333,1.1750000044703484,0.0,18.4,96,0.0,0.1,13.7,-0.4999999999999997,-0.8660254037844388,0.19667288979357647,-0.980469160361632
2025-06-20 15:00:00+00:00,22.458333174387615,97.91666666666667,502.0,18.966666539510094,93.75,0.9083333313465118,0.0,18.6,95,0.0,0.1,15.3,-0.7071067811865471,-0.7071067811865479,0.19667288979357647,-0.980469160361632
2025-06-20 16:00:00+00:00,22.0666667620341,98.08333333333333,512.0833333333334,18.899999618530277,95.0,1.0833333383003871,0.0,18.8,96,0.0,0.1,16.1,-0.8660254037844384,-0.5000000000000004,0.19667288979357647,-0.980469160361632
2025-06-20 17:00:00+00:00,21.71666669845581,98.66666666666667,489.6666666666667,18.816666603088382,95.0,0.6583333363135656,0.0,18.7,96,0.0,0.1,16.4,-0.9659258262890683,-0.25881904510252063,0.19667288979357647,-0.980469160361632
2025-06-20 18:00:00+00:00,21.391666412353516,99.0,506.1666666666667,18.658333619435627,95.0,0.9916666597127914,0.0,18.5,97,0.0,0.1,16.9,-1.0,-1.8369701987210297e-16,0.19667288979357647,-0.980469160361632
2025-06-20 19:00:00+00:00,21.32499965031942,99.0,514.1666666666666,18.666667302449543,95.0,1.2083333333333333,0.0,18.1,98,0.0,0.1,16.6,-0.9659258262890684,0.2588190451025203,0.19667288979357647,-0.980469160361632
2025-06-20 20:00:00+00:00,21.78333346048991,99.08333333333333,504.5,18.575000286102295,94.41666666666667,1.4666666636864345,0.0,18.0,98,12.0,0.0,16.3,-0.8660254037844386,0.5000000000000001,0.19667288979357647,-0.980469160361632
2025-06-20 21:00:00+00:00,22.37499984105428,98.91666666666667,472.8333333333333,18.40833330154419,93.5,1.1500000009934108,0.0,18.3,97,59.0,0.0,17.9,-0.7071067811865477,0.7071067811865474,0.19667288979357647,-0.980469160361632
2025-06-20 22:00:00+00:00,22.700000127156574,98.5,438.1666666666667,18.050000031789143,93.58333333333333,1.4750000114242237,0.0,18.5,96,121.0,0.0,19.8,-0.5000000000000004,0.8660254037844384,0.19667288979357647,-0.980469160361632
2025-06-20 23:00:00+00:00,24.47499990463257,96.33333333333333,393.0,18.55833339691162,91.83333333333333,1.716666688521703,0.0,18.5,96,112.0,0.0,18.4,-0.25881904510252157,0.9659258262890681,0.19667288979357647,-0.980469160361632
2025-06-21 00:00:00+00:00,25.75,94.33333333333333,348.5833333333333,18.966666221618652,90.16666666666667,1.5166666706403096,0.0,18.9,95,147.0,0.0,20.6,0.0,1.0,0.1797665857255624,-0.9837092937736097
2025-06-21 01:00:00+00:00,27.358333269755047,88.91666666666667,308.5,19.583333333333332,88.08333333333333,1.6416666507720947,0.0,19.8,93,234.0,0.0,21.6,0.25881904510252074,0.9659258262890683,0.1797665857255624,-0.9837092937736097
2025-06-21 02:00:00+00:00,27.358333428700764,84.16666666666667,309.25,19.90000009536743,87.5,1.6666666666666667,0.0,19.5,93,145.0,0.0,20.5,0.49999999999999994,0.8660254037844387,0.1797665857255624,-0.9837092937736097
2025-06-21 03:00:00+00:00,27.449999650319416,90.25,303.25,19.59166685740153,88.83333333333333,1.3583333492279053,0.0,19.6,91,158.0,0.0,20.8,0.7071067811865475,0.7071067811865476,0.1797665857255624,-0.9837092937736097
2025-06-21 04:00:00+00:00,26.958333333333332,91.91666666666667,309.3333333333333,19.4333332379659,88.33333333333333,1.5416666467984517,0.0,19.8,90,198.0,0.0,20.9,0.8660254037844386,0.5000000000000001,0.1797665857255624,-0.9837092937736097
2025-06-21 05:00:00+00:00,26.458333174387615,91.75,303.1666666666667,19.624999523162842,88.25,1.5999999990065892,0.0,19.9,89,211.0,0.1,20.6,0.9659258262890683,0.25881904510252074,0.1797665857255624,-0.9837092937736097
2025-06-21 06:00:00+00:00,23.724999745686848,94.0,330.9166666666667,19.59166685740153,90.08333333333333,1.866666664679845,0.0,19.6,91,114.0,0.2,21.7,1.0,6.123233995736766e-17,0.1797665857255624,-0.9837092937736097
2025-06-21 07:00:00+00:00,22.708333333333332,95.08333333333333,368.5833333333333,19.208333492279053,91.33333333333333,1.625,0.0,19.5,94,133.0,4.5,22.0,0.9659258262890683,-0.25881904510252063,0.1797665857255624,-0.9837092937736097
2025-06-21 08:00:00+00:00,22.24166663487752,96.58333333333333,383.5833333333333,19.175000190734863,92.25,1.108333334326744,0.0,18.5,98,37.0,0.7,21.2,0.8660254037844387,-0.4999999999999998,0.1797665857255624,-0.9837092937736097
2025-06-21 09:00:00+00:00,21.59166685740153,97.66666666666667,404.9166666666667,19.091667016347248,93.91666666666667,1.5500000069538753,0.0,18.3,98,23.0,4.8,25.1,0.7071067811865476,-0.7071067811865475,0.1797665857255624,-0.9837092937736097
2025-06-21 10:00:00+00:00,21.333332856496177,98.0,421.3333333333333,19.200000127156574,94.0,1.2583333402872086,0.4583333333333333,18.4,98,7.0,0.5,26.7,0.49999999999999994,-0.8660254037844387,0.1797665857255624,-0.9837092937736097
2025-06-21 11:00:00+00:00,21.191667238871258,98.91666666666667,439.0,19.19166660308838,94.25,0.9583333389212688,0.041666666666666664,18.5,98,0.0,0.9,26.8,0.258819045102521,-0.9659258262890682,0.1797665857255624,-0.9837092937736097
2025-06-21 12:00:00+00:00,21.083333651224773,99.0,457.1666666666667,19.11666663487752,95.0,1.0249999972681205,2.1083332896232605,18.6,98,0.0,0.3,25.7,1.2246467991473532e-16,-1.0,0.1797665857255624,-0.9837092937736097
2025-06-21 13:00:00+00:00,20.82499933242798,99.0,466.3333333333333,18.81666660308838,95.0,1.1833333348234494,0.19166666269302368,18.5,98,0.0,0.7,22.8,-0.2588190451025208,-0.9659258262890683,0.1797665857255624,-0.9837092937736097
2025-06-21 14:00:00+00:00,20.608333269755047,99.0,468.4166666666667,18.733333269755047,94.5,1.4666666686534882,0.4583333333333333,18.2,98,0.0,0.6,21.8,-0.4999999999999997,-0.8660254037844388,0.1797665857255624,-0.9837092937736097
2025-06-21 15:00:00+00:00,20.00833304723104,99.0,470.3333333333333,17.891666571299236,94.66666666666667,1.141666665673256,0.3166666775941848,18.0,98,0.0,1.3,22.9,-0.7071067811865471,-0.7071067811865479,0.1797665857255624,-0.9837092937736097
2025-06-21 16:00:00+00:00,19.833332856496177,99.16666666666667,471.0833333333333,17.78333346048991,95.16666666666667,1.1750000069538753,1.2166666239500046,17.8,98,0.0,1.9,21.9,-0.8660254037844384,-0.5000000000000004,0.1797665857255624,-0.9837092937736097
2025-06-21 17:00:00+00:00,19.99166663487752,100.0,476.3333333333333,18.199999968210857,95.75,1.0833333283662796,1.024999996026357,17.6,98,0.0,1.4,20.5,-0.9659258262890683,-0.25881904510252063,0.1797665857255624,-0.9837092937736097
2025-06-21 18:00:00+00:00,19.96666653951009,100.0,478.3333333333333,18.18333355585734,95.33333333333333,1.0583333323399227,0.5416666666666666,18.4,98,0.0,2.6,20.2,-1.0,-1.8369701987210297e-16,0.1797665857255624,-0.9837092937736097
2025-06-21 19:00:00+00:00,20.091667016347248,100.0,481.4166666666667,18.708333174387615,96.0,1.5583333397905033,0.9166666666666666,19.6,97,0.0,1.2,24.1,-0.9659258262890684,0.2588190451025203,0.1797665857255624,-0.9837092937736097
2025-06-21 20:00:00+00:00,20.33333381017049,100.0,463.25,18.799999237060547,95.75,2.2749999860922494,1.4166666666666667,19.6,97,6.0,2.9,19.6,-0.8660254037844386,0.5000000000000001,0.1797665857255624,-0.9837092937736097
2025-06-21 21:00:00+00:00,20.88333304723104,100.0,441.4166666666667,18.874999523162845,95.5,0.916666659216086,1.74999996026357,19.5,98,33.0,2.6,21.6,-0.7071067811865477,0.7071067811865474,0.1797665857255624,-0.9837092937736097
2025-06-21 22:00:00+00:00,21.28333346048991,99.58333333333333,418.5,18.666667143503826,95.0,2.7583333253860474,0.9666666686534882,19.6,98,82.0,0.9,18.9,-0.5000000000000004,0.8660254037844384,0.1797665857255624,-0.9837092937736097
2025-06-21 23:00:00+00:00,22.18333339691162,99.0,377.0,18.84999990463257,95.08333333333333,1.4416666384786367,0.5500000019868215,19.1,98,65.0,2.5,17.1,-0.25881904510252157,0.9659258262890681,0.1797665857255624,-0.9837092937736097
2025-06-22 00:00:00+00:00,24.708333333333332,97.08333333333333,340.3333333333333,19.866666952768963,93.91666666666667,1.3416666618237894,0.08333333333333333,19.0,98,89.0,0.7,16.3,0.0,1.0,0.16280701293851715,-0.986657932891657
2025-06-22 01:00:00+00:00,26.524999777475994,95.33333333333333,274.3333333333333,20.78333330154419,91.75,1.4166666436940432,0.0,20.8,94,179.0,0.1,11.0,0.25881904510252074,0.9659258262890683,0.16280701293851715,-0.986657932891657
2025-06-22 02:00:00+00:00,25.46666685740153,96.33333333333333,248.91666666666666,21.65833346048991,86.91666666666667,0.5166666669150194,0.0,21.2,93,158.0,0.0,10.5,0.49999999999999994,0.8660254037844387,0.16280701293851715,-0.986657932891657
2025-06-22 03:00:00+00:00,26.77499993642171,94.16666666666667,232.83333333333334,21.8166667620341,85.0,1.133333312968413,0.0,21.1,94,119.0,0.0,11.6,0.7071067811865475,0.7071067811865476,0.16280701293851715,-0.986657932891657
2025-06-22 04:00:00+00:00,27.583333333333332,90.66666666666667,230.75,21.991666316986084,81.5,0.7166666847964128,0.0,21.4,91,175.0,0.0,13.9,0.8660254037844386,0.5000000000000001,0.16280701293851715,-0.986657932891657
2025-06-22 05:00:00+00:00,27.38333336512248,88.66666666666667,275.0,22.46666653951009,77.58333333333333,1.3250000110516946,0.0,21.5,90,152.0,0.0,13.8,0.9659258262890683,0.25881904510252074,0.16280701293851715,-0.986657932891657
2025-06-22 06:00:00+00:00,26.3166667620341,95.25,262.3333333333333,22.258333524068195,75.25,1.1750000069538753,0.0,21.8,87,240.0,0.0,12.3,1.0,6.123233995736766e-17,0.16280701293851715,-0.986657932891657
2025-06-22 07:00:00+00:00,25.71666653951009,93.75,262.1666666666667,21.699999968210857,79.25,1.3000000019868214,0.0,21.1,88,130.0,0.0,10.8,0.9659258262890683,-0.25881904510252063,0.16280701293851715,-0.986657932891657
2025-06-22 08:00:00+00:00,23.59166685740153,95.75,292.75,20.224999745686848,83.58333333333333,1.8083333354443312,0.0,20.8,87,103.0,0.0,9.8,0.8660254037844387,-0.4999999999999998,0.16280701293851715,-0.986657932891657
2025-06-22 09:00:00+00:00,21.866666475931805,97.58333333333333,313.4166666666667,19.566666920979817,85.08333333333333,0.6833333373069763,0.0,20.0,87,62.0,0.0,10.2,0.7071067811865476,-0.7071067811865475,0.16280701293851715,-0.986657932891657
2025-06-22 10:00:00+00:00,20.84166669845581,98.0,341.0833333333333,19.25,85.33333333333333,1.041666674738129,0.0,19.0,88,25.0,0.0,10.9,0.49999999999999994,-0.8660254037844387,0.16280701293851715,-0.986657932891657
2025-06-22 11:00:00+00:00,19.991666475931805,98.75,372.5833333333333,18.69166660308838,87.75,2.1333333204189935,0.0,18.4,89,0.0,0.0,10.1,0.258819045102521,-0.9659258262890682,0.16280701293851715,-0.986657932891657
2025-06-22 12:00:00+00:00,19.516666571299236,99.0,393.0,18.15000009536743,90.66666666666667,2.1833333472410836,0.0,17.9,90,0.0,0.0,9.7,1.2246467991473532e-16,-1.0,0.16280701293851715,-0.986657932891657
2025-06-22 13:00:00+00:00,19.116666952768963,99.0,402.0,17.77500009536743,91.08333333333333,2.166666656732559,0.0,18.6,84,0.0,0.0,9.3,-0.2588190451025208,-0.9659258262890683,0.16280701293851715,-0.986657932891657
2025-06-22 14:00:00+00:00,18.88333336512248,99.0,413.9166666666667,17.62499984105428,91.5,0.9583333445092043,0.0,18.4,85,0.0,0.0,10.4,-0.4999999999999997,-0.8660254037844388,0.16280701293851715,-0.986657932891657
2025-06-22 15:00:00+00:00,19.008333524068195,99.08333333333333,424.5833333333333,18.21666669845581,88.91666666666667,1.125,0.0,18.3,86,0.0,0.0,11.2,-0.7071067811865471,-0.7071067811865479,0.16280701293851715,-0.986657932891657
2025-06-22 16:00:00+00:00,18.600000222524006,99.91666666666667,434.3333333333333,18.02499993642171,88.83333333333333,1.0500000193715096,0.0,18.0,88,0.0,0.0,11.5,-0.8660254037844384,-0.5000000000000004,0.16280701293851715,-0.986657932891657
2025-06-22 17:00:00+00:00,18.208333492279053,100.0,444.0833333333333,17.508333206176758,90.91666666666667,1.9166666492819786,0.0,18.0,88,0.0,0.0,12.8,-0.9659258262890683,-0.25881904510252063,0.16280701293851715,-0.986657932891657
2025-06-22 18:00:00+00:00,17.85000006357829,100.0,444.75,17.03333314259847,93.08333333333333,2.000000006208817,0.0,17.6,90,0.0,0.0,13.6,-1.0,-1.8369701987210297e-16,0.16280701293851715,-0.986657932891657
2025-06-22 19:00:00+00:00,18.22499990463257,99.58333333333333,444.1666666666667,17.416666507720947,91.0,1.3083333236475785,0.0,17.0,93,0.0,0.0,8.8,-0.9659258262890684,0.2588190451025203,0.16280701293851715,-0.986657932891657
2025-06-22 20:00:00+00:00,19.9416667620341,98.58333333333333,418.1666666666667,17.65833330154419,91.83333333333333,2.5083333055178323,0.0,17.1,92,35.0,0.0,6.5,-0.8660254037844386,0.5000000000000001,0.16280701293851715,-0.986657932891657
2025-06-22 21:00:00+00:00,23.5666667620341,95.0,342.25,18.800000031789143,88.58333333333333,2.716666668653488,0.0,18.6,88,151.0,0.0,7.5,-0.7071067811865477,0.7071067811865474,0.16280701293851715,-0.986657932891657
2025-06-22 22:00:00+00:00,25.516666571299236,83.33333333333333,303.0833333333333,20.041666984558105,84.33333333333333,3.35833332935969,0.0,20.3,84,320.0,0.0,9.3,-0.5000000000000004,0.8660254037844384,0.16280701293851715,-0.986657932891657
2025-06-22 23:00:00+00:00,26.516666412353516,72.25,317.9166666666667,21.425000031789143,78.5,3.3166666825612388,0.0,21.5,80,424.0,0.0,12.4,-0.25881904510252157,0.9659258262890681,0.16280701293851715,-0.986657932891657
2025-06-23 00:00:00+00:00,27.63333336512248,66.91666666666667,315.25,22.65833330154419,72.58333333333333,3.058333307504654,0.0,22.5,76,529.0,0.0,12.7,0.0,1.0,0.1457991969198751,-0.9893142039703663
2025-06-23 01:00:00+00:00,28.55833355585734,63.333333333333336,312.0,23.133333047231037,70.16666666666667,3.8416666189829507,0.0,22.5,75,599.0,0.0,15.1,0.25881904510252074,0.9659258262890683,0.1457991969198751,-0.9893142039703663
2025-06-23 02:00:00+00:00,29.333333174387615,63.416666666666664,311.5833333333333,23.12499984105428,71.0,2.791666656732559,0.0,23.7,72,742.0,0.0,13.7,0.49999999999999994,0.8660254037844387,0.1457991969198751,-0.9893142039703663
2025-06-23 03:00:00+00:00,29.858333428700764,60.666666666666664,313.5,23.75833336512248,68.75,2.9416666527589164,0.0,25.2,65,807.0,0.0,13.4,0.7071067811865475,0.7071067811865476,0.1457991969198751,-0.9893142039703663
2025-06-23 04:00:00+00:00,29.34999990463257,62.0,306.3333333333333,23.53333330154419,69.91666666666667,4.37499996026357,0.0,25.5,61,742.0,0.0,11.7,0.8660254037844386,0.5000000000000001,0.1457991969198751,-0.9893142039703663
2025-06-23 05:00:00+00:00,28.608333110809326,63.25,303.9166666666667,23.63333336512248,70.41666666666667,4.000000019868215,0.0,25.2,65,667.0,0.1,13.3,0.9659258262890683,0.25881904510252074,0.1457991969198751,-0.9893142039703663
2025-06-23 06:00:00+00:00,28.141666571299236,66.58333333333333,300.0,23.6916667620341,69.75,2.499999985098839,0.0,24.9,68,579.0,0.0,14.4,1.0,6.123233995736766e-17,0.1457991969198751,-0.9893142039703663
2025-06-23 07:00:00+00:00,28.1916667620341,66.66666666666667,295.0833333333333,23.941666920979817,69.0,2.5250000258286796,0.0,25.0,67,493.0,0.0,9.2,0.9659258262890683,-0.25881904510252063,0.1457991969198751,-0.9893142039703663
2025-06-23 08:00:00+00:00,28.041666984558105,71.58333333333333,297.6666666666667,23.983333110809326,69.16666666666667,2.1333333452542624,0.0,23.9,75,235.0,0.0,6.5,0.8660254037844387,-0.4999999999999998,0.1457991969198751,-0.9893142039703663
2025-06-23 09:00:00+00:00,26.46666653951009,90.91666666666667,291.3333333333333,22.024999777475994,73.66666666666667,2.5833332935969033,0.0,22.6,83,129.0,0.0,5.5,0.7071067811865476,-0.7071067811865475,0.1457991969198751,-0.9893142039703663
2025-06-23 10:00:00+00:00,23.1833332379659,94.41666666666667,325.75,20.46666685740153,78.41666666666667,2.825000007947286,0.0,21.0,86,43.0,0.0,6.7,0.49999999999999994,-0.8660254037844387,0.1457991969198751,-0.9893142039703663
2025-06-23 11:00:00+00:00,21.69166660308838,95.41666666666667,359.6666666666667,19.658332983652752,82.41666666666667,2.699999968210856,0.0,19.2,90,1.0,0.0,7.5,0.258819045102521,-0.9659258262890682,0.1457991969198751,-0.9893142039703663
2025-06-23 12:00:00+00:00,20.56666660308838,96.0,383.5833333333333,18.766666889190674,85.75,1.824999988079071,0.0,18.0,92,0.0,0.0,9.6,1.2246467991473532e-16,-1.0,0.1457991969198751,-0.9893142039703663
2025-06-23 13:00:00+00:00,19.75000015894572,96.5,405.25,18.09166685740153,88.08333333333333,1.9499999980131786,0.0,17.8,89,0.0,0.0,8.7,-0.2588190451025208,-0.9659258262890683,0.1457991969198751,-0.9893142039703663
2025-06-23 14:00:00+00:00,19.14999993642171,97.0,417.25,17.733333269755047,88.66666666666667,2.2583333551883698,0.0,17.0,91,0.0,0.0,8.0,-0.4999999999999997,-0.8660254037844388,0.1457991969198751,-0.9893142039703663
2025-06-23 15:00:00+00:00,18.71666669845581,97.16666666666667,427.4166666666667,17.358332951863606,89.58333333333333,1.4666666587193806,0.0,16.3,92,0.0,0.0,8.6,-0.7071067811865471,-0.7071067811865479,0.1457991969198751,-0.9893142039703663
2025-06-23 16:00:00+00:00,18.424999713897705,98.0,435.1666666666667,17.166666825612385,90.08333333333333,2.2083333233992257,0.0,15.9,92,0.0,0.0,8.5,-0.8660254037844384,-0.5000000000000004,0.1457991969198751,-0.9893142039703663
2025-06-23 17:00:00+00:00,18.175000031789143,98.0,433.75,17.075000286102295,90.5,2.9583333333333335,0.0,15.6,92,0.0,0.0,8.0,-0.9659258262890683,-0.25881904510252063,0.1457991969198751,-0.9893142039703663
2025-06-23 18:00:00+00:00,17.841666380564373,98.83333333333333,429.0,16.63333336512248,92.08333333333333,2.800000011920929,0.0,15.4,92,0.0,0.0,10.1,-1.0,-1.8369701987210297e-16,0.1457991969198751,-0.9893142039703663
2025-06-23 19:00:00+00:00,17.925000190734863,98.83333333333333,429.5833333333333,16.599999745686848,92.0,2.266666700442632,0.0,15.4,91,0.0,0.0,11.1,-0.9659258262890684,0.2588190451025203,0.1457991969198751,-0.9893142039703663
2025-06-23 20:00:00+00:00,19.700000127156574,97.33333333333333,395.8333333333333,17.550000031789143,88.83333333333333,2.7666666408379874,0.0,16.2,88,38.0,0.0,11.8,-0.8660254037844386,0.5000000000000001,0.1457991969198751,-0.9893142039703663
2025-06-23 21:00:00+00:00,23.916666507720947,90.75,324.25,19.108333110809326,84.08333333333333,3.8083332975705466,0.0,18.0,85,168.0,0.0,12.3,-0.7071067811865477,0.7071067811865474,0.1457991969198751,-0.9893142039703663
2025-06-23 22:00:00+00:00,25.65833346048991,77.0,309.0833333333333,20.949999809265137,77.83333333333333,3.475000003973643,0.0,19.9,82,338.0,0.0,12.8,-0.5000000000000004,0.8660254037844384,0.1457991969198751,-0.9893142039703663
2025-06-23 23:00:00+00:00,27.308332920074463,65.91666666666667,312.5,22.516666571299236,72.0,3.2416666746139526,0.0,21.4,77,512.0,0.0,14.3,-0.25881904510252157,0.9659258262890681,0.1457991969198751,-0.9893142039703663
2025-06-24 00:00:00+00:00,28.891666412353516,60.75,313.3333333333333,23.4416667620341,68.5,3.291666701436043,0.0,22.6,74,670.0,0.0,14.1,0.0,1.0,0.12874817745258132,-0.99167731989929
2025-06-24 01:00:00+00:00,29.5666667620341,58.166666666666664,312.6666666666667,24.24166663487752,65.83333333333333,3.2249999741713204,0.0,24.0,70,794.0,0.0,15.1,0.25881904510252074,0.9659258262890683,0.12874817745258132,-0.99167731989929
2025-06-24 02:00:00+00:00,30.141666730244953,54.833333333333336,314.75,24.825000127156574,63.166666666666664,3.125000019868215,0.0,24.8,69,868.0,0.0,14.9,0.49999999999999994,0.8660254037844387,0.12874817745258132,-0.99167731989929
2025-06-24 03:00:00+00:00,30.091667016347248,54.083333333333336,317.25,25.125000317891438,61.75,3.424999992052714,0.0,25.2,68,881.0,0.0,17.2,0.7071067811865475,0.7071067811865476,0.12874817745258132,-0.99167731989929
2025-06-24 04:00:00+00:00,30.458332856496174,53.583333333333336,324.1666666666667,25.49166663487752,60.0,2.8750000099341073,0.0,25.1,67,864.0,0.0,19.3,0.8660254037844386,0.5000000000000001,0.12874817745258132,-0.99167731989929
2025-06-24 05:00:00+00:00,29.85000006357829,53.083333333333336,323.9166666666667,25.699999809265137,57.833333333333336,3.24166668454806,0.0,24.8,68,791.0,0.0,19.0,0.9659258262890683,0.25881904510252074,0.12874817745258132,-0.99167731989929
2025-06-24 06:00:00+00:00,29.508333206176758,55.583333333333336,325.0833333333333,25.641666571299236,60.0,2.8166666974624,0.0,25.1,70,634.0,0.0,15.2,1.0,6.123233995736766e-17,0.12874817745258132,-0.99167731989929
2025-06-24 07:00:00+00:00,28.274999777475994,62.083333333333336,317.0833333333333,24.316666920979817,65.41666666666667,3.1749999771515527,0.0,25.0,72,474.0,0.0,13.0,0.9659258262890683,-0.25881904510252063,0.12874817745258132,-0.99167731989929
2025-06-24 08:00:00+00:00,27.483333269755047,74.25,307.5833333333333,22.77500009536743,71.41666666666667,2.2333333492279053,0.0,23.8,75,337.0,0.0,14.0,0.8660254037844387,-0.4999999999999998,0.12874817745258132,-0.99167731989929
2025-06-24 09:00:00+00:00,26.65000009536743,90.83333333333333,319.25,21.72500006357829,74.75,0.7999999982615312,0.0,22.3,79,188.0,0.0,12.9,0.7071067811865476,-0.7071067811865475,0.12874817745258132,-0.99167731989929
2025-06-24 10:00:00+00:00,24.166666825612385,94.33333333333333,356.75,20.450000127156574,78.33333333333333,0.5166666656732559,0.0,20.7,84,56.0,0.0,12.2,0.49999999999999994,-0.8660254037844387,0.12874817745258132,-0.99167731989929
2025-06-24 11:00:00+00:00,22.63333336512248,95.08333333333333,400.25,19.641666412353516,81.33333333333333,0.3666666770974795,0.0,19.4,86,1.0,0.0,11.0,0.258819045102521,-0.9659258262890682,0.12874817745258132,-0.99167731989929
2025-06-24 12:00:00+00:00,21.59999990463257,95.83333333333333,432.8333333333333,18.90833314259847,84.25,0.27500000409781933,0.0,18.5,89,0.0,0.0,8.5,1.2246467991473532e-16,-1.0,0.12874817745258132,-0.99167731989929
2025-06-24 13:00:00+00:00,20.88333336512248,96.5,463.1666666666667,18.341667016347248,86.41666666666667,0.1083333355685075,0.0,18.1,87,0.0,0.0,1.1,-0.2588190451025208,-0.9659258262890683,0.12874817745258132,-0.99167731989929
2025-06-24 14:00:00+00:00,20.175000031789143,97.0,490.75,17.68333371480306,89.0,0.22500000397364298,0.0,17.5,90,0.0,0.0,3.3,-0.4999999999999997,-0.8660254037844388,0.12874817745258132,-0.99167731989929
2025-06-24 15:00:00+00:00,19.666666825612385,97.08333333333333,517.9166666666666,17.583333651224773,89.0,0.30833333544433117,0.0,17.2,91,0.0,0.0,4.2,-0.7071067811865471,-0.7071067811865479,0.12874817745258132,-0.99167731989929
2025-06-24 16:00:00+00:00,19.31666660308838,97.83333333333333,537.5,17.358333269755047,89.33333333333333,0.13333333594103652,0.0,16.9,92,0.0,0.0,5.0,-0.8660254037844384,-0.5000000000000004,0.12874817745258132,-0.99167731989929
2025-06-24 17:00:00+00:00,18.799999872843426,98.0,557.6666666666666,17.166666825612385,89.66666666666667,0.12500000124176344,0.0,16.6,91,0.0,0.0,6.0,-0.9659258262890683,-0.25881904510252063,0.12874817745258132,-0.99167731989929
2025-06-24 18:00:00+00:00,18.441666444142662,98.58333333333333,579.5,16.84166685740153,90.41666666666667,0.02500000037252903,0.0,16.4,91,0.0,0.0,7.2,-1.0,-1.8369701987210297e-16,0.12874817745258132,-0.99167731989929
2025-06-24 19:00:00+00:00,18.74166663487752,98.5,595.5833333333334,16.94166660308838,89.41666666666667,0.05833333482344944,0.0,16.0,93,0.0,0.0,7.4,-0.9659258262890684,0.2588190451025203,0.12874817745258132,-0.99167731989929
2025-06-24 20:00:00+00:00,21.31666660308838,97.75,563.75,19.61666663487752,80.75,0.2333333349476258,0.0,16.5,91,38.0,0.0,8.1,-0.8660254037844386,0.5000000000000001,0.12874817745258132,-0.99167731989929
2025-06-24 21:00:00+00:00,24.925000031789143,87.33333333333333,408.0,21.666666666666668,74.41666666666667,0.7666666669150194,0.0,18.0,89,159.0,0.0,5.7,-0.7071067811865477,0.7071067811865474,0.12874817745258132,-0.99167731989929
2025-06-24 22:00:00+00:00,26.483333428700764,72.08333333333333,319.75,23.43333339691162,68.58333333333333,1.1083333219091098,0.0,19.9,84,336.0,0.0,5.8,-0.5000000000000004,0.8660254037844384,0.12874817745258132,-0.99167731989929
2025-06-24 23:00:00+00:00,28.3083332379659,61.75,319.4166666666667,25.40833330154419,62.5,1.458333318432172,0.0,21.9,79,508.0,0.0,6.9,-0.25881904510252157,0.9659258262890681,0.12874817745258132,-0.99167731989929
2025-06-25 00:00:00+00:00,30.68333355585734,57.333333333333336,327.3333333333333,26.75,60.333333333333336,1.7333333243926365,0.0,23.9,75,664.0,0.0,9.4,0.0,1.0,0.11165900712169512,-0.993746580436178
2025-06-25 01:00:00+00:00,32.54166682561239,49.416666666666664,327.4166666666667,28.583333333333332,52.166666666666664,2.2916666666666665,0.0,26.0,68,771.0,0.0,10.2,0.25881904510252074,0.9659258262890683,0.11165900712169512,-0.993746580436178
2025-06-25 02:00:00+00:00,33.86666615804037,46.333333333333336,328.8333333333333,29.583333492279053,48.916666666666664,3.1083333492279053,0.0,27.1,63,855.0,0.0,11.0,0.49999999999999994,0.8660254037844387,0.11165900712169512,-0.993746580436178
2025-06-25 03:00:00+00:00,34.3666664759318,44.75,331.0,29.574999968210857,48.5,3.5749999483426413,0.0,27.8,60,892.0,0.0,13.2,0.7071067811865475,0.7071067811865476,0.11165900712169512,-0.993746580436178
2025-06-25 04:00:00+00:00,33.708333015441895,44.5,333.0833333333333,29.55833355585734,46.833333333333336,3.3833333055178323,0.0,27.8,58,884.0,0.0,14.2,0.8660254037844386,0.5000000000000001,0.11165900712169512,-0.993746580436178
2025-06-25 05:00:00+00:00,32.55833355585734,44.416666666666664,324.4166666666667,29.016666730244953,46.0,3.9333333174387612,0.0,26.6,59,804.0,0.0,16.2,0.9659258262890683,0.25881904510252074,0.11165900712169512,-0.993746580436178
2025-06-25 06:00:00+00:00,30.016666889190674,49.25,311.8333333333333,27.72500006357829,48.5,3.0666666676600776,0.0,26.1,59,689.0,0.0,15.6,1.0,6.123233995736766e-17,0.11165900712169512,-0.993746580436178
2025-06-25 07:00:00+00:00,28.733333269755047,54.916666666666664,310.5,26.40833314259847,52.833333333333336,3.375,0.0,25.1,63,526.0,0.0,16.4,0.9659258262890683,-0.25881904510252063,0.11165900712169512,-0.993746580436178
2025-06-25 08:00:00+00:00,27.87499984105428,62.916666666666664,308.4166666666667,24.516666730244953,53.916666666666664,2.9749999990065894,0.0,23.4,69,350.0,0.0,15.0,0.8660254037844387,-0.4999999999999998,0.11165900712169512,-0.993746580436178
2025-06-25 09:00:00+00:00,27.016666730244953,86.08333333333333,318.5,23.05833339691162,60.5,2.7499999900658927,0.0,21.5,72,151.0,0.0,15.3,0.7071067811865476,-0.7071067811865475,0.11165900712169512,-0.993746580436178
2025-06-25 10:00:00+00:00,24.883333524068195,93.91666666666667,362.75,22.208333333333332,60.416666666666664,2.749999980131785,0.0,19.9,75,38.0,0.0,13.5,0.49999999999999994,-0.8660254037844387,0.11165900712169512,-0.993746580436178
2025-06-25 11:00:00+00:00,23.71666685740153,95.08333333333333,404.75,21.699999650319416,60.833333333333336,1.8666666547457378,0.0,18.8,79,1.0,0.0,12.6,0.258819045102521,-0.9659258262890682,0.11165900712169512,-0.993746580436178
2025-06-25 12:00:00+00:00,22.958333492279053,96.0,439.8333333333333,20.824999968210857,66.33333333333333,1.8999999860922496,0.0,18.2,79,0.0,0.0,12.8,1.2246467991473532e-16,-1.0,0.11165900712169512,-0.993746580436178
2025-06-25 13:00:00+00:00,22.21666669845581,96.08333333333333,464.0,20.19166660308838,68.58333333333333,1.8166666527589161,0.0,18.3,77,0.0,0.0,11.0,-0.2588190451025208,-0.9659258262890683,0.11165900712169512,-0.993746580436178
2025-06-25 14:00:00+00:00,21.516666571299236,97.0,487.75,19.541666825612385,72.83333333333333,1.4833333392937977,0.0,18.2,76,0.0,0.0,12.8,-0.4999999999999997,-0.8660254037844388,0.11165900712169512,-0.993746580436178
2025-06-25 15:00:00+00:00,20.791666507720947,97.16666666666667,508.75,18.766666571299236,78.91666666666667,1.2333333194255829,0.0,18.1,75,0.0,0.0,11.5,-0.7071067811865471,-0.7071067811865479,0.11165900712169512,-0.993746580436178
2025-06-25 16:00:00+00:00,21.241666316986084,98.08333333333333,527.75,19.141666571299236,80.25,0.9916666535039743,0.0,17.6,78,0.0,0.0,11.6,-0.8660254037844384,-0.5000000000000004,0.11165900712169512,-0.993746580436178
2025-06-25 17:00:00+00:00,21.308332920074463,99.0,552.1666666666666,19.258333683013916,78.58333333333333,0.7750000053395828,0.0,17.6,81,0.0,0.0,11.3,-0.9659258262890683,-0.25881904510252063,0.11165900712169512,-0.993746580436178
2025-06-25 18:00:00+00:00,21.575000286102295,99.0,570.9166666666666,19.65000041325887,77.33333333333333,0.5583333385487398,0.0,18.0,85,0.0,0.0,11.4,-1.0,-1.8369701987210297e-16,0.11165900712169512,-0.993746580436178
2025-06-25 19:00:00+00:00,21.983333428700764,99.66666666666667,584.25,20.141666889190674,82.41666666666667,1.3916666513929765,0.0,18.1,90,0.0,0.0,10.7,-0.9659258262890684,0.2588190451025203,0.11165900712169512,-0.993746580436178
2025-06-25 20:00:00+00:00,23.083333015441895,99.16666666666667,560.5,20.391666412353516,86.75,1.633333341528972,0.0,18.5,93,8.0,0.0,10.2,-0.8660254037844386,0.5000000000000001,0.11165900712169512,-0.993746580436178
2025-06-25 21:00:00+00:00,23.541666825612385,98.41666666666667,504.5,19.72499958674113,90.75,2.8833333204189935,0.0,19.2,95,40.0,0.0,9.4,-0.7071067811865477,0.7071067811865474,0.11165900712169512,-0.993746580436178
2025-06-25 22:00:00+00:00,25.28333314259847,96.16666666666667,417.5833333333333,19.758333206176758,91.5,3.1166666547457376,0.0,20.0,95,77.0,0.0,10.1,-0.5000000000000004,0.8660254037844384,0.11165900712169512,-0.993746580436178
2025-06-25 23:00:00+00:00,26.38333336512248,91.58333333333333,341.0833333333333,20.61666663487752,91.5,2.024999996026357,0.0,21.4,91,222.0,0.0,13.2,-0.25881904510252157,0.9659258262890681,0.11165900712169512,-0.993746580436178
2025-06-26 00:00:00+00:00,27.0583332379659,87.08333333333333,334.5833333333333,22.03333330154419,87.33333333333333,1.3666666609545548,0.0,22.3,89,293.0,0.0,14.9,0.0,1.0,0.09453674981719912,-0.9955213724144752
2025-06-26 01:00:00+00:00,28.650000254313152,80.75,328.6666666666667,23.65000009536743,82.58333333333333,0.9833333324640989,0.0,23.1,86,347.0,0.0,10.0,0.25881904510252074,0.9659258262890683,0.09453674981719912,-0.9955213724144752
2025-06-26 02:00:00+00:00,30.241666475931805,69.83333333333333,324.25,25.074999809265137,78.33333333333333,2.4833333492279053,0.0,25.2,78,590.0,0.0,8.6,0.49999999999999994,0.8660254037844387,0.09453674981719912,-0.9955213724144752
2025-06-26 03:00:00+00:00,29.141667048136394,73.33333333333333,315.4166666666667,26.000000317891438,75.5,2.44166661798954,0.0,25.4,79,490.0,0.0,8.5,0.7071067811865475,0.7071067811865476,0.09453674981719912,-0.9955213724144752
2025-06-26 04:00:00+00:00,28.4416667620341,75.83333333333333,306.75,24.983333110809326,78.41666666666667,1.8250000178813934,0.0,25.9,77,596.0,0.0,10.5,0.8660254037844386,0.5000000000000001,0.09453674981719912,-0.9955213724144752
2025-06-26 05:00:00+00:00,29.966666380564373,70.58333333333333,316.25,25.933333079020183,76.0,3.0166666507720947,0.0,25.4,79,411.0,0.0,12.8,0.9659258262890683,0.25881904510252074,0.09453674981719912,-0.9955213724144752
2025-06-26 06:00:00+00:00,28.291666666666668,77.5,308.3333333333333,25.108333428700764,78.25,1.9416666477918625,0.0,25.5,78,480.0,0.0,9.5,1.0,6.123233995736766e-17,0.09453674981719912,-0.9955213724144752
2025-06-26 07:00:00+00:00,27.741666793823242,88.25,329.1666666666667,23.841666221618652,82.25,1.7833333214124043,0.0,23.1,89,94.0,0.7,10.2,0.9659258262890683,-0.25881904510252063,0.09453674981719912,-0.9955213724144752
2025-06-26 08:00:00+00:00,26.033333619435627,93.16666666666667,363.5833333333333,22.93333339691162,87.75,1.0500000050912301,0.0,21.6,98,52.0,1.8,8.7,0.8660254037844387,-0.4999999999999998,0.09453674981719912,-0.9955213724144752
2025-06-26 09:00:00+00:00,25.358333587646484,96.66666666666667,406.0833333333333,22.324999968210857,91.41666666666667,0.2000000054637591,0.5416666467984518,21.4,98,37.0,1.0,5.1,0.7071067811865476,-0.7071067811865475,0.09453674981719912,-0.9955213724144752
2025-06-26 10:00:00+00:00,24.65833314259847,97.33333333333333,468.5833333333333,21.666666666666668,93.5,0.27500000533958274,1.3833333055178325,20.9,99,8.0,1.3,3.0,0.49999999999999994,-0.8660254037844387,0.09453674981719912,-0.9955213724144752
2025-06-26 11:00:00+00:00,23.97500006357829,97.5,513.1666666666666,20.96666653951009,93.08333333333333,0.2583333384245634,1.0000000049670537,20.5,99,0.0,2.4,5.5,0.258819045102521,-0.9659258262890682,0.09453674981719912,-0.9955213724144752
2025-06-26 12:00:00+00:00,23.62500015894572,98.0,543.0,20.700000445048016,94.66666666666667,0.18333333730697632,0.20000000794728592,20.1,98,0.0,3.2,8.5,1.2246467991473532e-16,-1.0,0.09453674981719912,-0.9955213724144752
2025-06-26 13:00:00+00:00,23.416666348775227,98.41666666666667,572.1666666666666,20.600000381469727,95.0,0.18333333606521288,0.10000000397364296,20.5,97,0.0,0.0,9.3,-0.2588190451025208,-0.9659258262890683,0.09453674981719912,-0.9955213724144752
2025-06-26 14:00:00+00:00,23.141666889190674,98.91666666666667,591.0833333333334,20.61666711171468,94.5,0.25000000186264515,0.20000000794728592,20.0,98,0.0,1.0,7.1,-0.4999999999999997,-0.8660254037844388,0.09453674981719912,-0.9955213724144752
2025-06-26 15:00:00+00:00,22.925000031789143,99.0,615.9166666666666,20.399999618530277,95.0,0.3583333423982064,0.0,20.0,98,0.0,0.9,7.5,-0.7071067811865471,-0.7071067811865479,0.09453674981719912,-0.9955213724144752
2025-06-26 16:00:00+00:00,22.52500009536743,99.0,615.1666666666666,20.20833396911621,95.0,0.4000000065813462,0.26666667064030963,19.9,98,0.0,1.1,7.1,-0.8660254037844384,-0.5000000000000004,0.09453674981719912,-0.9955213724144752
2025-06-26 17:00:00+00:00,22.341666221618652,99.0,601.5,20.133333841959637,95.75,0.8583333268761635,0.5333333412806193,19.6,98,0.0,0.1,12.6,-0.9659258262890683,-0.25881904510252063,0.09453674981719912,-0.9955213724144752
2025-06-26 18:00:00+00:00,22.28333266576131,99.41666666666667,557.4166666666666,20.091667016347248,96.75,0.6416666749864817,0.0,19.3,99,0.0,0.0,11.1,-1.0,-1.8369701987210297e-16,0.09453674981719912,-0.9955213724144752
2025-06-26 19:00:00+00:00,22.424999713897705,100.0,570.5833333333334,20.24166663487752,97.0,0.4333333366860946,0.0,19.4,98,0.0,0.0,11.1,-0.9659258262890684,0.2588190451025203,0.09453674981719912,-0.9955213724144752
2025-06-26 20:00:00+00:00,23.09999990463257,99.75,570.5833333333334,20.466666539510094,97.0,0.8333333283662796,0.0,19.5,98,15.0,0.0,12.9,-0.8660254037844386,0.5000000000000001,0.09453674981719912,-0.9955213724144752
2025-06-26 21:00:00+00:00,24.97500006357829,96.58333333333333,458.3333333333333,21.40000009536743,93.83333333333333,0.6083333343267441,0.0,19.9,97,60.0,0.0,11.2,-0.7071067811865477,0.7071067811865474,0.09453674981719912,-0.9955213724144752
2025-06-26 22:00:00+00:00,25.741666793823242,94.5,320.1666666666667,21.858333428700764,91.33333333333333,0.7833333363135656,0.0,20.8,94,140.0,0.0,10.1,-0.5000000000000004,0.8660254037844384,0.09453674981719912,-0.9955213724144752
2025-06-26 23:00:00+00:00,26.549999713897705,88.91666666666667,314.25,22.775000254313152,87.83333333333333,0.6833333373069763,0.0,21.4,92,228.0,0.0,10.2,-0.25881904510252157,0.9659258262890681,0.09453674981719912,-0.9955213724144752
2025-06-27 00:00:00+00:00,26.875,84.83333333333333,315.5,22.96666669845581,86.33333333333333,1.083333336437742,0.0,22.1,89,356.0,0.0,14.7,0.0,1.0,0.07738647923346301,-0.9970011699250151
2025-06-27 01:00:00+00:00,26.541666666666668,86.33333333333333,319.1666666666667,22.008333524068195,88.08333333333333,1.6916666676600773,0.0,22.3,89,438.0,0.1,18.9,0.25881904510252074,0.9659258262890683,0.07738647923346301,-0.9970011699250151
2025-06-27 02:00:00+00:00,25.03333314259847,91.25,320.4166666666667,20.458333174387615,91.66666666666667,1.6416666805744171,0.0,22.5,86,511.0,0.0,18.0,0.49999999999999994,0.8660254037844387,0.07738647923346301,-0.9970011699250151
2025-06-27 03:00:00+00:00,25.69166660308838,92.66666666666667,371.9166666666667,20.083333492279053,90.75,1.924999972184499,0.0,22.8,83,656.0,0.0,19.8,0.7071067811865475,0.7071067811865476,0.07738647923346301,-0.9970011699250151
2025-06-27 04:00:00+00:00,26.641666253407795,91.16666666666667,381.5,20.10000006357829,90.41666666666667,1.741666669646899,0.10000000397364296,22.1,84,648.0,0.0,21.3,0.8660254037844386,0.5000000000000001,0.07738647923346301,-0.9970011699250151
2025-06-27 05:00:00+00:00,26.59166669845581,89.08333333333333,345.75,19.88333336512248,89.25,1.424999992052714,0.20000000794728592,19.9,92,417.0,4.6,16.3,0.9659258262890683,0.25881904510252074,0.07738647923346301,-0.9970011699250151
2025-06-27 06:00:00+00:00,27.650000254313152,79.58333333333333,312.4166666666667,22.375,80.5,1.1583333400388558,0.0,20.6,86,341.0,0.0,21.8,1.0,6.123233995736766e-17,0.07738647923346301,-0.9970011699250151
2025-06-27 07:00:00+00:00,27.18333339691162,80.5,306.4166666666667,21.06666660308838,81.33333333333333,2.14166667064031,0.0,21.8,81,483.0,0.0,18.8,0.9659258262890683,-0.25881904510252063,0.07738647923346301,-0.9970011699250151
2025-06-27 08:00:00+00:00,26.18333355585734,76.66666666666667,304.1666666666667,20.84166669845581,80.08333333333333,1.9749999990065892,0.0,20.9,82,353.0,0.0,17.6,0.8660254037844387,-0.4999999999999998,0.07738647923346301,-0.9970011699250151
2025-06-27 09:00:00+00:00,22.21666653951009,84.33333333333333,305.3333333333333,19.299999713897705,82.5,1.7666666408379872,0.0,19.8,85,184.0,0.0,14.4,0.7071067811865476,-0.7071067811865475,0.07738647923346301,-0.9970011699250151
2025-06-27 10:00:00+00:00,20.258333206176758,90.25,322.9166666666667,18.233333269755047,86.08333333333333,0.8333333395421505,0.0,18.2,91,55.0,0.0,16.3,0.49999999999999994,-0.8660254037844387,0.07738647923346301,-0.9970011699250151
2025-06-27 11:00:00+00:00,19.40000009536743,93.41666666666667,330.4166666666667,17.68333355585734,88.75,1.2583333253860474,0.0,17.4,93,1.0,0.0,17.6,0.258819045102521,-0.9659258262890682,0.07738647923346301,-0.9970011699250151
2025-06-27 12:00:00+00:00,19.741666475931805,95.66666666666667,344.25,17.858333746592205,87.75,1.4416666477918625,0.0,17.6,91,0.0,0.0,19.2,1.2246467991473532e-16,-1.0,0.07738647923346301,-0.9970011699250151
2025-06-27 13:00:00+00:00,20.42499971389771,97.0,361.75,18.066666920979817,86.08333333333333,2.2499999900658927,0.0,17.2,92,0.0,0.0,19.1,-0.2588190451025208,-0.9659258262890683,0.07738647923346301,-0.9970011699250151
2025-06-27 14:00:00+00:00,20.25,97.16666666666667,369.75,17.958333174387615,87.41666666666667,2.050000011920929,0.0,17.0,93,0.0,0.0,18.3,-0.4999999999999997,-0.8660254037844388,0.07738647923346301,-0.9970011699250151
2025-06-27 15:00:00+00:00,20.133333841959637,97.91666666666667,376.9166666666667,17.78333314259847,89.0,1.6750000019868214,0.0,17.1,93,0.0,0.0,18.0,-0.7071067811865471,-0.7071067811865479,0.07738647923346301,-0.9970011699250151
2025-06-27 16:00:00+00:00,19.97499990463257,98.0,382.0833333333333,17.575000286102295,89.91666666666667,1.583333318432172,0.0,17.1,92,0.0,0.0,18.2,-0.8660254037844384,-0.5000000000000004,0.07738647923346301,-0.9970011699250151
2025-06-27 17:00:00+00:00,19.941666444142662,98.25,394.0,17.53333346048991,90.83333333333333,1.5833333283662796,0.0,17.1,93,0.0,0.0,20.1,-0.9659258262890683,-0.25881904510252063,0.07738647923346301,-0.9970011699250151
2025-06-27 18:00:00+00:00,19.833332856496177,98.83333333333333,398.0833333333333,17.47499990463257,91.83333333333333,1.4666666785875957,0.0,17.7,90,0.0,0.0,20.7,-1.0,-1.8369701987210297e-16,0.07738647923346301,-0.9970011699250151
2025-06-27 19:00:00+00:00,19.949999809265137,98.5,396.75,17.47499990463257,91.0,1.8083333571751912,0.0,17.8,90,0.0,0.0,19.4,-0.9659258262890684,0.2588190451025203,0.07738647923346301,-0.9970011699250151
2025-06-27 20:00:00+00:00,20.666666825612385,98.0,376.0833333333333,17.366666475931805,92.83333333333333,1.6583333313465118,0.0,18.0,90,18.0,0.0,19.4,-0.8660254037844386,0.5000000000000001,0.07738647923346301,-0.9970011699250151
2025-06-27 21:00:00+00:00,21.608333428700764,97.75,357.9166666666667,17.733333428700764,92.0,1.3166666726271312,0.0,18.6,87,80.0,0.0,20.0,-0.7071067811865477,0.7071067811865474,0.07738647923346301,-0.9970011699250151
2025-06-27 22:00:00+00:00,24.800000190734863,91.33333333333333,307.0,18.89999993642171,86.41666666666667,1.5416666641831398,0.0,19.5,83,227.0,0.0,21.2,-0.5000000000000004,0.8660254037844384,0.07738647923346301,-0.9970011699250151
2025-06-27 23:00:00+00:00,25.858333269755047,87.16666666666667,275.1666666666667,19.508333206176758,84.5,1.4999999850988388,0.0,20.3,80,344.0,0.0,19.0,-0.25881904510252157,0.9659258262890681,0.07738647923346301,-0.9970011699250151
2025-06-28 00:00:00+00:00,26.925000031789143,74.58333333333333,289.3333333333333,20.983333269755047,80.75,1.0916666587193806,0.0,21.5,74,465.0,0.0,16.7,0.0,1.0,0.06021327736579302,-0.9981855344718586
2025-06-28 01:00:00+00:00,28.77499993642171,65.16666666666667,298.25,22.675000031789143,75.0,1.5750000029802322,0.0,22.4,72,623.0,0.0,16.0,0.25881904510252074,0.9659258262890683,0.06021327736579302,-0.9981855344718586
2025-06-28 02:00:00+00:00,29.68333339691162,60.833333333333336,304.25,24.574999809265137,68.16666666666667,1.5666666328907013,0.0,23.5,68,800.0,0.0,15.5,0.49999999999999994,0.8660254037844387,0.06021327736579302,-0.9981855344718586
2025-06-28 03:00:00+00:00,29.96666653951009,53.333333333333336,308.3333333333333,26.15833330154419,56.916666666666664,1.9000000009934108,0.0,24.1,64,888.0,0.0,15.5,0.7071067811865475,0.7071067811865476,0.06021327736579302,-0.9981855344718586
2025-06-28 04:00:00+00:00,30.333333492279053,47.25,308.8333333333333,27.341666221618652,49.083333333333336,1.899999996026357,0.0,24.8,60,886.0,0.0,14.9,0.8660254037844386,0.5000000000000001,0.06021327736579302,-0.9981855344718586
2025-06-28 05:00:00+00:00,30.700000445048016,44.333333333333336,314.1666666666667,28.15833330154419,45.166666666666664,1.7666666607062023,0.0,25.1,56,820.0,0.0,14.9,0.9659258262890683,0.25881904510252074,0.06021327736579302,-0.9981855344718586
2025-06-28 06:00:00+00:00,30.066666920979817,44.083333333333336,313.9166666666667,28.149999777475994,44.25,1.5,0.0,25.0,54,697.0,0.0,14.7,1.0,6.123233995736766e-17,0.06021327736579302,-0.9981855344718586
2025-06-28 07:00:00+00:00,29.0,47.333333333333336,299.0833333333333,27.34166669845581,47.416666666666664,1.2750000059604645,0.0,24.2,56,546.0,0.0,14.3,0.9659258262890683,-0.25881904510252063,0.06021327736579302,-0.9981855344718586
2025-06-28 08:00:00+00:00,27.949999968210857,58.5,295.5,26.02500009536743,50.916666666666664,1.3000000019868214,0.0,22.9,66,381.0,0.0,11.5,0.8660254037844387,-0.4999999999999998,0.06021327736579302,-0.9981855344718586
2025-06-28 09:00:00+00:00,26.391666412353516,88.83333333333333,318.75,23.59166669845581,63.166666666666664,0.7666666662941376,0.0,21.4,75,206.0,0.0,10.1,0.7071067811865476,-0.7071067811865475,0.06021327736579302,-0.9981855344718586
2025-06-28 10:00:00+00:00,23.225000222524006,94.83333333333333,374.9166666666667,20.324999809265137,78.25,0.30833333482344943,0.0,19.5,79,61.0,0.0,8.0,0.49999999999999994,-0.8660254037844387,0.06021327736579302,-0.9981855344718586
2025-06-28 11:00:00+00:00,21.366666316986084,95.75,433.0833333333333,18.699999968210857,85.66666666666667,0.1583333338300387,0.0,18.0,83,1.0,0.0,7.7,0.258819045102521,-0.9659258262890682,0.06021327736579302,-0.9981855344718586
2025-06-28 12:00:00+00:00,20.383333206176758,96.08333333333333,483.1666666666667,17.983333110809326,89.25,0.15000000099341074,0.0,17.2,86,0.0,0.0,6.4,1.2246467991473532e-16,-1.0,0.06021327736579302,-0.9981855344718586
2025-06-28 13:00:00+00:00,19.88333336512248,97.0,524.8333333333334,17.508333206176758,92.08333333333333,0.10000000335276127,0.0,17.6,84,0.0,0.0,7.4,-0.2588190451025208,-0.9659258262890683,0.06021327736579302,-0.9981855344718586
2025-06-28 14:00:00+00:00,19.341666380564373,97.5,561.1666666666666,17.5,93.33333333333333,0.05000000136593977,0.0,17.4,86,0.0,0.0,6.9,-0.4999999999999997,-0.8660254037844388,0.06021327736579302,-0.9981855344718586
2025-06-28 15:00:00+00:00,19.13333336512248,98.0,593.3333333333334,17.449999968210857,90.83333333333333,0.04166666728754837,0.0,16.9,89,0.0,0.0,5.4,-0.7071067811865471,-0.7071067811865479,0.06021327736579302,-0.9981855344718586
2025-06-28 16:00:00+00:00,18.46666653951009,98.08333333333333,625.0,16.49166663487752,93.25,0.0,0.0,16.6,90,0.0,0.0,5.1,-0.8660254037844384,-0.5000000000000004,0.06021327736579302,-0.9981855344718586
2025-06-28 17:00:00+00:00,17.84999990463257,98.58333333333333,654.0833333333334,16.074999888737995,95.66666666666667,0.05000000074505805,0.0,16.4,90,0.0,0.0,4.9,-0.9659258262890683,-0.25881904510252063,0.06021327736579302,-0.9981855344718586
2025-06-28 18:00:00+00:00,17.583333333333332,99.0,678.0,15.974999825159708,89.83333333333333,0.2750000034769376,0.0,16.0,88,0.0,0.0,3.9,-1.0,-1.8369701987210297e-16,0.06021327736579302,-0.9981855344718586
2025-06-28 19:00:00+00:00,17.583333492279053,99.0,698.75,15.616666475931803,90.16666666666667,0.008333333457509676,0.0,15.9,86,0.0,0.0,2.0,-0.9659258262890684,0.2588190451025203,0.06021327736579302,-0.9981855344718586
2025-06-28 20:00:00+00:00,19.31666660308838,98.41666666666667,680.5833333333334,17.966666380564373,82.5,0.11666666840513547,0.0,17.0,86,37.0,0.0,0.9,-0.8660254037844386,0.5000000000000001,0.06021327736579302,-0.9981855344718586
2025-06-28 21:00:00+00:00,24.31666660308838,90.16666666666667,517.25,19.524999777475994,80.91666666666667,0.3333333395421505,0.0,18.5,82,169.0,0.0,2.1,-0.7071067811865477,0.7071067811865474,0.06021327736579302,-0.9981855344718586
2025-06-28 22:00:00+00:00,26.00000015894572,75.75,316.0833333333333,21.78333330154419,74.16666666666667,0.5166666700194279,0.0,20.1,79,342.0,0.0,2.0,-0.5000000000000004,0.8660254037844384,0.06021327736579302,-0.9981855344718586
2025-06-28 23:00:00+00:00,28.28333346048991,64.0,329.6666666666667,23.71666653951009,67.83333333333333,0.5000000055879354,0.0,21.8,72,519.0,0.0,2.9,-0.25881904510252157,0.9659258262890681,0.06021327736579302,-0.9981855344718586
2025-06-29 00:00:00+00:00,29.64999993642171,57.333333333333336,331.5,25.65833346048991,60.0,0.7833333356926838,0.0,23.2,65,678.0,0.0,2.8,0.0,1.0,0.04302223300453059,-0.99907411510223
2025-06-29 01:00:00+00:00,31.53333330154419,53.666666666666664,333.8333333333333,27.125,55.916666666666664,1.0333333338300388,0.0,25.0,65,798.0,0.0,4.4,0.25881904510252074,0.9659258262890683,0.04302223300453059,-0.99907411510223
2025-06-29 02:00:00+00:00,31.199999809265137,53.5,332.0,27.9416667620341,55.416666666666664,1.0833333258827527,0.0,26.3,64,880.0,0.0,6.1,0.49999999999999994,0.8660254037844387,0.04302223300453059,-0.99907411510223
2025-06-29 04:00:00+00:00,32.91111077202691,50.55555555555556,333.1111111111111,29.97499990463257,51.5,0.849999999627471,0.0,27.6,62,888.0,0.0,8.4,0.8660254037844386,0.5000000000000001,0.04302223300453059,-0.99907411510223
2025-06-29 05:00:00+00:00,33.225000063578285,49.833333333333336,323.25,30.28333314259847,50.583333333333336,0.7833333400388559,0.0,27.5,63,801.0,0.0,8.4,0.9659258262890683,0.25881904510252074,0.04302223300453059,-0.99907411510223
2025-06-29 06:00:00+00:00,33.050000508626304,50.166666666666664,317.75,30.62500015894572,49.666666666666664,1.100000003973643,0.0,27.2,63,667.0,0.0,8.2,1.0,6.123233995736766e-17,0.04302223300453059,-0.99907411510223
2025-06-29 07:00:00+00:00,31.474999745686848,58.416666666666664,305.8333333333333,29.858333110809326,58.75,0.7916666716337204,0.0,26.9,64,541.0,0.0,8.7,0.9659258262890683,-0.25881904510252063,0.04302223300453059,-0.99907411510223
2025-06-29 08:00:00+00:00,29.658332983652752,63.583333333333336,305.9166666666667,28.233333269755047,61.0,1.3916666557391484,0.0,26.2,68,358.0,0.0,8.9,0.8660254037844387,-0.4999999999999998,0.04302223300453059,-0.99907411510223
2025-06-29 09:00:00+00:00,27.93333339691162,84.58333333333333,326.9166666666667,26.5583332379659,66.91666666666667,0.47500000335276127,0.0,25.1,78,196.0,0.0,8.3,0.7071067811865476,-0.7071067811865475,0.04302223300453059,-0.99907411510223
2025-06-29 10:00:00+00:00,26.00833336512248,96.5,384.25,23.63333336512248,81.25,0.6750000044703484,0.0,23.2,86,56.0,0.0,8.0,0.49999999999999994,-0.8660254037844387,0.04302223300453059,-0.99907411510223
2025-06-29 11:00:00+00:00,24.69166644414266,96.91666666666667,435.5833333333333,22.391666571299236,83.66666666666667,1.0000000049670537,0.0,21.5,93,1.0,0.0,6.2,0.258819045102521,-0.9659258262890682,0.04302223300453059,-0.99907411510223
2025-06-29 12:00:00+00:00,23.800000031789143,97.0,478.5833333333333,21.65833330154419,86.0,0.11666666840513545,0.0,20.4,96,0.0,0.0,6.2,1.2246467991473532e-16,-1.0,0.04302223300453059,-0.99907411510223
2025-06-29 13:00:00+00:00,23.016666730244953,97.33333333333333,517.5833333333334,20.708333492279053,88.83333333333333,0.12500000124176344,0.0,19.6,97,0.0,0.0,3.0,-0.2588190451025208,-0.9659258262890683,0.04302223300453059,-0.99907411510223
2025-06-29 14:00:00+00:00,22.424999872843426,97.66666666666667,554.0833333333334,20.116666475931805,90.66666666666667,0.05000000136593977,0.0,19.0,98,0.0,0.0,2.4,-0.4999999999999997,-0.8660254037844388,0.04302223300453059,-0.99907411510223
2025-06-29 15:00:00+00:00,22.075000127156574,98.0,587.5833333333334,19.925000031789143,90.5,0.008333333457509676,0.0,18.4,98,0.0,0.0,2.7,-0.7071067811865471,-0.7071067811865479,0.04302223300453059,-0.99907411510223
2025-06-29 16:00:00+00:00,21.350000222524006,98.08333333333333,618.0,19.266666412353516,92.41666666666667,0.1666666710128387,0.0,17.7,99,0.0,0.0,2.5,-0.8660254037844384,-0.5000000000000004,0.04302223300453059,-0.99907411510223
2025-06-29 17:00:00+00:00,20.800000190734863,98.83333333333333,646.4166666666666,19.050000190734863,92.33333333333333,0.3416666705161333,0.0,17.9,98,0.0,0.0,6.9,-0.9659258262890683,-0.25881904510252063,0.04302223300453059,-0.99907411510223
2025-06-29 18:00:00+00:00,20.608333746592205,99.0,662.5833333333334,19.18333387374878,92.0,0.40833334003885585,0.0,17.5,98,0.0,0.0,4.2,-1.0,-1.8369701987210297e-16,0.04302223300453059,-0.99907411510223
2025-06-29 19:00:00+00:00,21.59999990463257,99.0,661.1666666666666,19.491666316986084,91.08333333333333,1.0250000109275181,0.0,17.5,98,0.0,0.0,6.1,-0.9659258262890684,0.2588190451025203,0.04302223300453059,-0.99907411510223
2025-06-29 20:00:00+00:00,23.49999984105428,98.83333333333333,619.75,20.125000476837158,89.0,0.900000007202228,0.0,17.8,97,16.0,0.0,7.6,-0.8660254037844386,0.5000000000000001,0.04302223300453059,-0.99907411510223
2025-06-29 21:00:00+00:00,24.61666663487752,97.25,448.8333333333333,20.516666889190674,87.75,0.7416666721304258,0.0,18.5,94,66.0,0.0,11.7,-0.7071067811865477,0.7071067811865474,0.04302223300453059,-0.99907411510223
2025-06-29 22:00:00+00:00,23.37499984105428,99.5,402.3333333333333,19.633333524068195,92.66666666666667,1.2000000104308128,0.0,19.5,92,161.0,0.0,12.9,-0.5000000000000004,0.8660254037844384,0.04302223300453059,-0.99907411510223
2025-06-29 23:00:00+00:00,25.008333206176758,97.25,378.1666666666667,20.00833336512248,92.83333333333333,1.9583333283662796,0.800000011920929,19.2,95,88.0,0.2,11.8,-0.25881904510252157,0.9659258262890681,0.04302223300453059,-0.99907411510223
2025-06-30 00:00:00+00:00,25.30833339691162,97.0,329.75,19.81666644414266,93.25,1.6333333452542622,0.0,20.5,92,229.0,0.6,13.0,0.0,1.0,0.02581844022713308,-0.9996666485105112
2025-06-30 01:00:00+00:00,26.983333428700764,93.16666666666667,293.5833333333333,20.291666666666668,93.83333333333333,3.0,0.5,20.5,89,251.0,0.1,17.1,0.25881904510252074,0.9659258262890683,0.02581844022713308,-0.9996666485105112
2025-06-30 02:00:00+00:00,26.875,93.66666666666667,293.9166666666667,20.991666475931805,92.16666666666667,2.708333343267441,0.3000000119209289,20.5,91,292.0,2.4,20.2,0.49999999999999994,0.8660254037844387,0.02581844022713308,-0.9996666485105112
2025-06-30 03:00:00+00:00,26.075000286102295,96.08333333333333,287.0833333333333,20.633333206176758,93.5,2.6166666746139526,0.0,19.5,99,160.0,2.6,14.3,0.7071067811865475,0.7071067811865476,0.02581844022713308,-0.9996666485105112
2025-06-30 04:00:00+00:00,26.516666571299236,94.16666666666667,274.25,20.94166660308838,92.75,2.8416666388511658,0.800000011920929,20.9,93,381.0,0.4,16.8,0.8660254037844386,0.5000000000000001,0.02581844022713308,-0.9996666485105112
2025-06-30 05:00:00+00:00,27.325000286102295,92.91666666666667,279.6666666666667,20.766666412353516,92.0,3.4750000536441803,0.0,21.4,89,432.0,0.0,19.5,0.9659258262890683,0.25881904510252074,0.02581844022713308,-0.9996666485105112
2025-06-30 06:00:00+00:00,27.93333339691162,88.41666666666667,295.75,21.316666920979817,89.75,2.908333341280619,0.0,22.0,84,482.0,0.0,18.4,1.0,6.123233995736766e-17,0.02581844022713308,-0.9996666485105112
2025-06-30 07:00:00+00:00,27.68333339691162,85.0,300.1666666666667,21.90000009536743,87.41666666666667,2.716666653752327,0.0,22.0,82,383.0,0.0,18.1,0.9659258262890683,-0.25881904510252063,0.02581844022713308,-0.9996666485105112
2025-06-30 08:00:00+00:00,27.24999984105428,86.75,309.0833333333333,21.949999809265137,86.58333333333333,1.258333330353101,0.0,21.5,85,270.0,0.0,17.0,0.8660254037844387,-0.4999999999999998,0.02581844022713308,-0.9996666485105112
2025-06-30 09:00:00+00:00,25.333333333333332,94.33333333333333,342.6666666666667,20.925000190734863,90.08333333333333,1.6583333214124043,0.0,20.8,89,128.0,0.0,15.1,0.7071067811865476,-0.7071067811865475,0.02581844022713308,-0.9996666485105112
2025-06-30 10:00:00+00:00,23.875,97.91666666666667,377.3333333333333,20.366666158040363,91.75,1.3833333402872086,0.0,19.7,93,41.0,0.0,13.9,0.49999999999999994,-0.8660254037844387,0.02581844022713308,-0.9996666485105112
2025-06-30 11:00:00+00:00,23.22499958674113,98.91666666666667,408.75,20.108333587646484,92.25,1.474999984105428,0.0,19.0,95,1.0,0.0,13.5,0.258819045102521,-0.9659258262890682,0.02581844022713308,-0.9996666485105112
2025-06-30 12:00:00+00:00,22.791666666666668,99.0,429.9166666666667,19.625,93.58333333333333,1.0416666666666667,0.0,18.5,96,0.0,0.0,12.6,1.2246467991473532e-16,-1.0,0.02581844022713308,-0.9996666485105112
2025-06-30 13:00:00+00:00,22.25833336512248,99.16666666666667,443.6666666666667,19.158333142598472,94.58333333333333,1.8166666515171528,0.0,19.0,95,0.0,0.0,13.3,-0.2588190451025208,-0.9659258262890683,0.02581844022713308,-0.9996666485105112
2025-06-30 14:00:00+00:00,21.666666666666668,100.0,449.0,18.75833336512248,95.66666666666667,2.3333333233992257,0.0,18.8,95,0.0,0.0,13.8,-0.4999999999999997,-0.8660254037844388,0.02581844022713308,-0.9996666485105112
2025-06-30 15:00:00+00:00,21.46666653951009,100.0,453.0833333333333,18.71666685740153,96.0,1.3583333293596904,0.0,18.4,96,0.0,0.0,12.9,-0.7071067811865471,-0.7071067811865479,0.02581844022713308,-0.9996666485105112
2025-06-30 16:00:00+00:00,21.708333333333332,100.0,467.3333333333333,19.00833336512248,96.0,0.4666666680326064,0.0,17.9,98,0.0,0.0,13.0,-0.8660254037844384,-0.5000000000000004,0.02581844022713308,-0.9996666485105112
2025-06-30 17:00:00+00:00,21.71666653951009,100.0,481.4166666666667,19.28333346048991,94.83333333333333,0.6499999966472387,0.0,17.6,98,0.0,0.0,13.0,-0.9659258262890683,-0.25881904510252063,0.02581844022713308,-0.9996666485105112
2025-06-30 18:00:00+00:00,21.74166663487752,100.0,489.4166666666667,19.483333269755047,93.75,0.7083333289871613,0.0,17.5,98,0.0,0.0,11.8,-1.0,-1.8369701987210297e-16,0.02581844022713308,-0.9996666485105112
2025-06-30 19:00:00+00:00,21.774999777475994,100.0,502.25,19.41666634877523,94.0,1.1250000062088172,0.0,17.7,97,0.0,0.0,10.7,-0.9659258262890684,0.2588190451025203,0.02581844022713308,-0.9996666485105112
2025-06-30 20:00:00+00:00,22.90833330154419,99.75,482.9166666666667,19.733333428700764,92.58333333333333,1.7499999850988388,0.0,18.4,94,24.0,0.0,11.1,-0.8660254037844386,0.5000000000000001,0.02581844022713308,-0.9996666485105112
2025-06-30 21:00:00+00:00,24.9333332379659,94.83333333333333,373.75,20.808333079020183,89.33333333333333,2.1916666626930237,0.0,19.3,92,89.0,0.0,12.3,-0.7071067811865477,0.7071067811865474,0.02581844022713308,-0.9996666485105112
2025-06-30 22:00:00+00:00,26.27500009536743,83.16666666666667,308.1666666666667,22.81666660308838,84.33333333333333,2.1416666905085244,0.0,20.9,88,221.0,0.0,12.1,-0.5000000000000004,0.8660254037844384,0.02581844022713308,-0.9996666485105112
2025-06-30 23:00:00+00:00,27.933333079020183,76.91666666666667,320.0,24.358332951863606,80.25,2.4249999821186066,0.0,22.9,82,413.0,0.0,10.2,-0.25881904510252157,0.9659258262890681,0.02581844022713308,-0.9996666485105112
2025-07-01 00:00:00+00:00,29.800000031789143,72.91666666666667,322.25,26.049999872843426,76.41666666666667,2.0583333348234496,0.0,24.9,77,543.0,0.0,8.1,0.0,1.0,0.008606996888688698,-0.9999629591162655
2025-07-01 01:00:00+00:00,30.983333428700764,69.08333333333333,328.6666666666667,27.21666669845581,72.66666666666667,2.8333333134651184,0.0,27.0,71,623.0,0.0,8.8,0.25881904510252074,0.9659258262890683,0.008606996888688698,-0.9999629591162655
2025-07-01 02:00:00+00:00,32.35000038146973,66.66666666666667,332.5,28.21666653951009,69.91666666666667,3.0499999870856604,0.0,28.0,69,749.0,0.0,10.4,0.49999999999999994,0.8660254037844387,0.008606996888688698,-0.9999629591162655
2025-07-01 03:00:00+00:00,33.15833282470703,64.91666666666667,332.0,28.916666507720947,68.5,2.7666666507720947,0.0,28.0,70,775.0,0.3,11.4,0.7071067811865475,0.7071067811865476,0.008606996888688698,-0.9999629591162655
2025-07-01 04:00:00+00:00,32.70000044504801,65.16666666666667,322.6666666666667,28.76363615556197,69.18181818181819,3.3363636190241035,0.0,27.9,73,653.0,0.2,9.8,0.8660254037844386,0.5000000000000001,0.008606996888688698,-0.9999629591162655
2025-07-01 05:00:00+00:00,31.30833355585734,69.25,317.9166666666667,28.15656538683959,71.16161616161617,2.976767661520327,0.0,28.1,75,713.0,0.1,6.5,0.9659258262890683,0.25881904510252074,0.008606996888688698,-0.9999629591162655
2025-07-01 06:00:00+00:00,29.666666666666668,73.83333333333333,316.1666666666667,27.54949461811721,73.14141414141415,2.6171717040165507,0.0,28.0,75,649.0,0.1,7.8,1.0,6.123233995736766e-17,0.008606996888688698,-0.9999629591162655
2025-07-01 07:00:00+00:00,29.25833336512248,75.0,321.25,26.942423849394828,75.12121212121212,2.2575757465127744,0.0,26.6,82,494.0,0.9,7.5,0.9659258262890683,-0.25881904510252063,0.008606996888688698,-0.9999629591162655
2025-07-01 08:00:00+00:00,28.049999872843426,81.91666666666667,321.0833333333333,26.335353080672448,77.1010101010101,1.897979789008998,0.0,26.0,84,291.0,0.1,5.1,0.8660254037844387,-0.4999999999999998,0.008606996888688698,-0.9999629591162655
2025-07-01 09:00:00+00:00,27.78333314259847,93.0,350.0,25.728282311950068,79.08080808080808,1.5383838315052216,0.0,24.7,90,165.0,1.2,4.6,0.7071067811865476,-0.7071067811865475,0.008606996888688698,-0.9999629591162655
2025-07-01 10:00:00+00:00,27.166666666666668,98.0,382.0833333333333,25.121211543227687,81.06060606060606,1.1787878740014452,0.0,23.4,97,47.0,0.1,0.6,0.49999999999999994,-0.8660254037844387,0.008606996888688698,-0.9999629591162655
2025-07-01 11:00:00+00:00,25.925000349680584,97.33333333333333,402.0833333333333,24.514140774505307,83.04040404040404,0.8191919164976689,0.0,22.5,97,1.0,0.5,1.6,0.258819045102521,-0.9659258262890682,0.008606996888688698,-0.9999629591162655
2025-07-01 12:00:00+00:00,24.09166653951009,94.16666666666667,363.25,23.907070005782927,85.02020202020202,0.4595959589938925,0.0,22.6,98,0.0,0.3,4.8,1.2246467991473532e-16,-1.0,0.008606996888688698,-0.9999629591162655
2025-07-01 13:00:00+00:00,23.666666666666668,98.16666666666667,385.9166666666667,23.299999237060547,87.0,0.1000000014901161,0.0,22.0,98,0.0,0.6,7.8,-0.2588190451025208,-0.9659258262890683,0.008606996888688698,-0.9999629591162655
2025-07-01 14:00:00+00:00,23.725000381469727,100.0,435.8333333333333,23.21666653951009,87.58333333333333,0.0750000017384688,0.0,21.8,97,0.0,1.1,7.7,-0.4999999999999997,-0.8660254037844388,0.008606996888688698,-0.9999629591162655
2025-07-01 15:00:00+00:00,24.133333841959637,99.91666666666667,466.6666666666667,22.300000031789143,91.58333333333333,0.1083333349476258,0.0,21.5,98,0.0,0.3,4.2,-0.7071067811865471,-0.7071067811865479,0.008606996888688698,-0.9999629591162655
2025-07-01 16:00:00+00:00,24.1833332379659,100.0,491.4166666666667,22.158333619435627,92.33333333333333,0.008333333457509676,0.0,21.0,98,0.0,0.1,2.7,-0.8660254037844384,-0.5000000000000004,0.008606996888688698,-0.9999629591162655
2025-07-01 17:00:00+00:00,23.108333269755047,99.5,450.5,22.15000057220459,92.91666666666667,0.05833333482344944,0.0,20.9,99,0.0,0.0,3.1,-0.9659258262890683,-0.25881904510252063,0.008606996888688698,-0.9999629591162655
2025-07-01 18:00:00+00:00,23.516666730244953,100.0,463.25,22.233332951863606,92.58333333333333,0.4333333360652129,0.0,21.0,99,0.0,0.0,7.1,-1.0,-1.8369701987210297e-16,0.008606996888688698,-0.9999629591162655
2025-07-01 19:00:00+00:00,24.02500009536743,100.0,481.75,22.29166603088379,91.0,0.6499999991307656,0.0,20.8,99,0.0,0.0,9.2,-0.9659258262890684,0.2588190451025203,0.008606996888688698,-0.9999629591162655
2025-07-01 20:00:00+00:00,24.516666571299236,97.75,418.6666666666667,22.666666348775227,89.75,0.8250000029802322,0.0,20.8,99,25.0,0.0,10.3,-0.8660254037844386,0.5000000000000001,0.008606996888688698,-0.9999629591162655
2025-07-01 21:00:00+00:00,25.124999682108562,94.41666666666667,347.9166666666667,22.924999713897705,88.25,1.4416666453083355,0.0,21.4,95,138.0,0.0,12.5,-0.7071067811865477,0.7071067811865474,0.008606996888688698,-0.9999629591162655
2025-07-01 22:00:00+00:00,25.883333206176758,89.58333333333333,335.9166666666667,23.099999836512975,86.71428571428571,1.514285717691694,0.0,22.0,94,239.0,0.0,12.4,-0.5000000000000004,0.8660254037844384,0.008606996888688698,-0.9999629591162655
2025-07-01 23:00:00+00:00,27.38333336512248,86.41666666666667,314.6666666666667,23.105390608615377,86.68465832660748,1.5159201002550728,0.0,23.1,88,379.0,0.0,13.1,-0.25881904510252157,0.9659258262890681,0.008606996888688698,-0.9999629591162655
2025-07-02 00:00:00+00:00,27.441666920979817,81.33333333333333,320.1666666666667,23.110781380717782,86.65503093892924,1.5175544828184515,0.0,23.9,85,427.0,0.0,14.5,0.0,1.0,-0.008606996888688009,-0.9999629591162655
2025-07-02 01:00:00+00:00,28.84999990463257,76.83333333333333,320.0,23.116172152820184,86.625403551251,1.5191888653818304,0.0,24.5,83,477.0,0.1,15.5,0.25881904510252074,0.9659258262890683,-0.008606996888688009,-0.9999629591162655
2025-07-02 02:00:00+00:00,28.108333587646484,80.08333333333333,313.3333333333333,23.12156292492259,86.59577616357276,1.5208232479452093,0.0,24.8,82,464.0,0.0,16.6,0.49999999999999994,0.8660254037844387,-0.008606996888688009,-0.9999629591162655
2025-07-02 03:00:00+00:00,29.574999968210857,77.08333333333333,321.0833333333333,23.12695369702499,86.56614877589453,1.522457630508588,0.0,24.5,83,369.0,0.3,18.6,0.7071067811865475,0.7071067811865476,-0.008606996888688009,-0.9999629591162655
2025-07-02 04:00:00+00:00,29.15000009536743,77.33333333333333,315.1666666666667,23.132344469127393,86.5365213882163,1.5240920130719668,0.0,24.2,86,492.0,0.5,16.5,0.8660254037844386,0.5000000000000001,-0.008606996888688009,-0.9999629591162655
2025-07-02 05:00:00+00:00,29.1916667620341,76.08333333333333,318.5,23.137735241229798,86.50689400053807,1.5257263956353457,0.0,24.6,83,536.0,0.0,17.8,0.9659258262890683,0.25881904510252074,-0.008606996888688009,-0.9999629591162655
2025-07-02 06:00:00+00:00,27.89999993642171,80.91666666666667,313.3333333333333,23.1431260133322,86.47726661285982,1.5273607781987244,0.0,24.5,83,454.0,0.0,16.5,1.0,6.123233995736766e-17,-0.008606996888688009,-0.9999629591162655
2025-07-02 07:00:00+00:00,26.741666793823242,90.83333333333333,330.0833333333333,23.1485167854346,86.44763922518159,1.5289951607621033,0.0,23.5,85,336.0,0.0,19.1,0.9659258262890683,-0.25881904510252063,-0.008606996888688009,-0.9999629591162655
2025-07-02 08:00:00+00:00,26.00000015894572,95.08333333333333,393.5833333333333,23.153907557537007,86.41801183750336,1.5306295433254822,0.0,21.7,91,131.0,0.0,17.7,0.8660254037844387,-0.4999999999999998,-0.008606996888688009,-0.9999629591162655
2025-07-02 09:00:00+00:00,25.15000009536743,97.58333333333333,485.6666666666667,23.15929832963941,86.38838444982512,1.532263925888861,0.0,20.8,93,68.0,0.3,16.0,0.7071067811865476,-0.7071067811865475,-0.008606996888688009,-0.9999629591162655
2025-07-02 10:00:00+00:00,24.35000006357829,99.91666666666667,547.6666666666666,23.164689101741814,86.35875706214689,1.5338983084522397,0.0,20.0,95,22.0,0.0,16.5,0.49999999999999994,-0.8660254037844387,-0.008606996888688009,-0.9999629591162655
2025-07-02 11:00:00+00:00,23.741666952768963,99.58333333333333,538.75,23.170079873844216,86.32912967446865,1.5355326910156186,0.0,19.4,96,1.0,0.0,14.6,0.258819045102521,-0.9659258262890682,-0.008606996888688009,-0.9999629591162655
2025-07-02 12:00:00+00:00,23.175000349680584,100.0,527.6666666666666,23.175470645946618,86.29950228679041,1.5371670735789975,0.0,19.0,97,0.0,0.0,15.0,1.2246467991473532e-16,-1.0,-0.008606996888688009,-0.9999629591162655
2025-07-02 13:00:00+00:00,22.833333333333332,100.0,511.75,23.180861418049023,86.26987489911218,1.5388014561423762,0.0,19.4,96,0.0,0.0,17.9,-0.2588190451025208,-0.9659258262890683,-0.008606996888688009,-0.9999629591162655
2025-07-02 14:00:00+00:00,22.85000006357829,100.0,509.4166666666667,23.186252190151425,86.24024751143395,1.540435838705755,0.0,19.2,96,0.0,0.1,16.7,-0.4999999999999997,-0.8660254037844388,-0.008606996888688009,-0.9999629591162655
2025-07-02 15:00:00+00:00,22.416666666666668,100.0,517.8333333333334,23.19164296225383,86.21062012375572,1.542070221269134,0.0,19.0,97,0.0,0.1,16.3,-0.7071067811865471,-0.7071067811865479,-0.008606996888688009,-0.9999629591162655
2025-07-02 16:00:00+00:00,22.100000381469727,100.0,531.1666666666666,23.197033734356232,86.18099273607747,1.5437046038325126,0.0,18.8,97,0.0,0.2,17.5,-0.8660254037844384,-0.5000000000000004,-0.008606996888688009,-0.9999629591162655
2025-07-02 17:00:00+00:00,21.94166660308838,100.0,490.25,23.202424506458634,86.15136534839924,1.5453389863958915,0.0,18.4,98,0.0,0.1,19.3,-0.9659258262890683,-0.25881904510252063,-0.008606996888688009,-0.9999629591162655
2025-07-02 18:00:00+00:00,22.02500009536743,100.0,500.9166666666667,23.20781527856104,86.121737960721,1.5469733689592704,0.0,18.1,99,0.0,0.2,15.9,-1.0,-1.8369701987210297e-16,-0.008606996888688009,-0.9999629591162655
2025-07-02 19:00:00+00:00,22.11666711171468,100.0,503.6666666666667,23.21320605066344,86.09211057304277,1.548607751522649,0.0,18.1,98,0.0,0.2,15.9,-0.9659258262890684,0.2588190451025203,-0.008606996888688009,-0.9999629591162655
2025-07-02 20:00:00+00:00,22.53333330154419,100.0,496.5833333333333,23.218596822765843,86.06248318536454,1.550242134086028,0.0,18.2,98,11.0,0.0,17.4,-0.8660254037844386,0.5000000000000001,-0.008606996888688009,-0.9999629591162655
2025-07-02 21:00:00+00:00,23.516666730244953,100.0,485.6666666666667,23.223987594868248,86.0328557976863,1.5518765166494068,0.0,18.5,98,45.0,0.0,18.1,-0.7071067811865477,0.7071067811865474,-0.008606996888688009,-0.9999629591162655
2025-07-02 22:00:00+00:00,24.36666663487752,99.75,446.5,23.22937836697065,86.00322841000806,1.5535108992127855,0.0,19.1,96,118.0,0.0,18.4,-0.5000000000000004,0.8660254037844384,-0.008606996888688009,-0.9999629591162655
2025-07-02 23:00:00+00:00,26.516666412353516,95.91666666666667,344.4166666666667,23.234769139073055,85.97360102232983,1.5551452817761644,0.0,20.0,93,194.0,0.0,20.1,-0.25881904510252157,0.9659258262890681,-0.008606996888688009,-0.9999629591162655
2025-07-03 00:00:00+00:00,26.68333339691162,89.33333333333333,304.25,23.240159911175457,85.9439736346516,1.5567796643395433,0.0,20.5,93,246.0,0.0,20.3,0.0,1.0,-0.02581844022713239,-0.9996666485105112
2025-07-03 01:00:00+00:00,27.299999872843426,90.5,296.75,23.24555068327786,85.91434624697337,1.5584140469029222,0.0,21.1,91,325.0,0.0,21.2,0.25881904510252074,0.9659258262890683,-0.02581844022713239,-0.9996666485105112
2025-07-03 02:00:00+00:00,27.450000127156574,82.5,308.8333333333333,23.250941455380264,85.88471885929512,1.5600484294663008,0.0,22.0,88,388.0,0.0,19.8,0.49999999999999994,0.8660254037844387,-0.02581844022713239,-0.9996666485105112
2025-07-03 03:00:00+00:00,27.60000006357829,80.5,310.3333333333333,23.256332227482666,85.85509147161689,1.5616828120296797,0.0,23.2,86,449.0,0.0,19.3,0.7071067811865475,0.7071067811865476,-0.02581844022713239,-0.9996666485105112
2025-07-03 04:00:00+00:00,28.008333206176758,79.41666666666667,307.8333333333333,23.26172299958507,85.82546408393866,1.5633171945930586,0.0,23.5,86,482.0,0.0,19.0,0.8660254037844386,0.5000000000000001,-0.02581844022713239,-0.9996666485105112
2025-07-03 05:00:00+00:00,27.56666660308838,83.83333333333333,296.6666666666667,23.267113771687473,85.79583669626042,1.5649515771564373,0.0,24.0,85,513.0,0.0,19.9,0.9659258262890683,0.25881904510252074,-0.02581844022713239,-0.9996666485105112
2025-07-03 06:00:00+00:00,27.958333174387615,87.0,293.1666666666667,23.272504543789875,85.76620930858219,1.5665859597198162,0.0,23.8,86,516.0,0.0,19.7,1.0,6.123233995736766e-17,-0.02581844022713239,-0.9996666485105112
2025-07-03 07:00:00+00:00,27.858333587646484,81.33333333333333,307.8333333333333,23.27789531589228,85.73658192090394,1.568220342283195,0.0,23.0,89,317.0,0.0,18.4,0.9659258262890683,-0.25881904510252063,-0.02581844022713239,-0.9996666485105112
2025-07-03 08:00:00+00:00,26.9333332379659,96.5,351.9166666666667,23.283286087994682,85.70695453322571,1.5698547248465737,0.0,22.2,91,196.0,0.0,17.8,0.8660254037844387,-0.4999999999999998,-0.02581844022713239,-0.9996666485105112
2025-07-03 09:00:00+00:00,25.65833330154419,97.91666666666667,412.0,23.288676860097084,85.67732714554748,1.5714891074099526,0.0,21.3,93,137.0,0.0,18.4,0.7071067811865476,-0.7071067811865475,-0.02581844022713239,-0.9996666485105112
2025-07-03 10:00:00+00:00,24.166666507720947,99.0,445.25,23.29406763219949,85.64769975786925,1.5731234899733315,0.0,20.0,98,38.0,0.0,15.9,0.49999999999999994,-0.8660254037844387,-0.02581844022713239,-0.9996666485105112
2025-07-03 11:00:00+00:00,23.133333683013916,99.5,461.6666666666667,23.29945840430189,85.61807237019102,1.5747578725367102,0.0,19.5,100,1.0,0.0,14.4,0.258819045102521,-0.9659258262890682,-0.02581844022713239,-0.9996666485105112
2025-07-03 12:00:00+00:00,22.849999745686848,100.0,483.25,23.304849176404296,85.58844498251277,1.576392255100089,0.0,19.6,99,0.0,0.0,16.5,1.2246467991473532e-16,-1.0,-0.02581844022713239,-0.9996666485105112
2025-07-03 13:00:00+00:00,22.949999809265137,100.0,487.25,23.3102399485067,85.55881759483454,1.578026637663468,0.0,20.0,99,0.0,0.0,18.2,-0.2588190451025208,-0.9659258262890683,-0.02581844022713239,-0.9996666485105112
2025-07-03 14:00:00+00:00,22.99166663487752,100.0,483.0833333333333,23.3156307206091,85.5291902071563,1.5796610202268466,0.0,19.7,100,0.0,0.0,17.3,-0.4999999999999997,-0.8660254037844388,-0.02581844022713239,-0.9996666485105112
2025-07-03 15:00:00+00:00,22.84166653951009,100.0,475.5833333333333,23.321021492711505,85.49956281947807,1.5812954027902255,0.0,19.5,99,0.0,0.4,18.3,-0.7071067811865471,-0.7071067811865479,-0.02581844022713239,-0.9996666485105112
2025-07-03 16:00:00+00:00,22.983333269755047,100.0,488.6666666666667,23.326412264813907,85.46993543179983,1.5829297853536044,0.0,19.1,100,0.0,0.0,17.7,-0.8660254037844384,-0.5000000000000004,-0.02581844022713239,-0.9996666485105112
2025-07-03 17:00:00+00:00,22.391666889190674,100.0,453.1666666666667,23.331803036916313,85.4403080441216,1.5845641679169833,0.0,18.8,100,0.0,0.0,17.5,-0.9659258262890683,-0.25881904510252063,-0.02581844022713239,-0.9996666485105112
2025-07-03 18:00:00+00:00,21.96666653951009,100.0,367.9166666666667,23.337193809018714,85.41068065644336,1.586198550480362,0.0,18.6,100,0.0,0.0,16.8,-1.0,-1.8369701987210297e-16,-0.02581844022713239,-0.9996666485105112
2025-07-03 19:00:00+00:00,21.983333269755047,100.0,355.0833333333333,23.342584581121116,85.38105326876513,1.5878329330437408,0.0,18.9,99,0.0,0.0,18.1,-0.9659258262890684,0.2588190451025203,-0.02581844022713239,-0.9996666485105112
2025-07-03 20:00:00+00:00,22.4416667620341,100.0,343.6666666666667,23.34797535322352,85.3514258810869,1.5894673156071197,0.0,19.4,99,14.0,0.0,18.2,-0.8660254037844386,0.5000000000000001,-0.02581844022713239,-0.9996666485105112
2025-07-03 21:00:00+00:00,24.075000127156574,98.58333333333333,328.8333333333333,23.353366125325923,85.32179849340865,1.5911016981704984,0.0,20.1,98,52.0,0.0,20.3,-0.7071067811865477,0.7071067811865474,-0.02581844022713239,-0.9996666485105112
2025-07-03 22:00:00+00:00,25.541666825612385,96.75,308.25,23.358756897428325,85.29217110573042,1.5927360807338773,0.0,20.5,98,83.0,0.0,19.1,-0.5000000000000004,0.8660254037844384,-0.02581844022713239,-0.9996666485105112
2025-07-03 23:00:00+00:00,25.65833330154419,98.0,299.5833333333333,23.36414766953073,85.26254371805219,1.5943704632972562,0.0,20.8,98,82.0,0.0,16.6,-0.25881904510252157,0.9659258262890681,-0.02581844022713239,-0.9996666485105112
2025-07-04 00:00:00+00:00,24.86666663487752,99.0,289.1666666666667,23.369538441633132,85.23291633037395,1.5960048458606348,0.0,23.1,89,357.0,0.0,20.7,0.0,1.0,-0.04302223300453034,-0.99907411510223
2025-07-04 01:00:00+00:00,25.93333339691162,97.33333333333333,287.5833333333333,23.374929213735538,85.20328894269572,1.5976392284240137,0.0,23.4,93,167.0,0.0,15.1,0.25881904510252074,0.9659258262890683,-0.04302223300453034,-0.99907411510223
2025-07-04 02:00:00+00:00,28.449999809265137,92.41666666666667,322.5,23.38031998583794,85.17366155501747,1.5992736109873926,0.0,23.5,94,92.0,0.1,14.2,0.49999999999999994,0.8660254037844387,-0.04302223300453034,-0.99907411510223
2025-07-04 03:00:00+00:00,27.391666412353516,92.66666666666667,301.0,23.38571075794034,85.14403416733924,1.6009079935507713,0.0,23.2,96,119.0,0.4,15.9,0.7071067811865475,0.7071067811865476,-0.04302223300453034,-0.99907411510223
2025-07-04 04:00:00+00:00,27.958333015441895,88.75,313.1666666666667,23.391101530042747,85.11440677966101,1.6025423761141502,0.0,25.0,88,435.0,0.1,18.1,0.8660254037844386,0.5000000000000001,-0.04302223300453034,-0.99907411510223
2025-07-04 05:00:00+00:00,27.96666653951009,86.16666666666667,309.5,23.39649230214515,85.08477939198278,1.604176758677529,0.0,25.5,88,367.0,0.0,13.9,0.9659258262890683,0.25881904510252074,-0.04302223300453034,-0.99907411510223
2025-07-04 06:00:00+00:00,27.800000190734863,89.33333333333333,301.75,23.401883074247554,85.05515200430455,1.6058111412409077,0.0,26.0,86,360.0,0.0,15.6,1.0,6.123233995736766e-17,-0.04302223300453034,-0.99907411510223
2025-07-04 07:00:00+00:00,27.750000317891438,93.16666666666667,318.1666666666667,23.407273846349955,85.0255246166263,1.6074455238042866,0.0,24.8,88,257.0,0.0,16.1,0.9659258262890683,-0.25881904510252063,-0.04302223300453034,-0.99907411510223
2025-07-04 08:00:00+00:00,27.416666984558105,96.91666666666667,315.5833333333333,23.412664618452357,84.99589722894807,1.6090799063676655,0.0,23.6,90,170.0,0.0,17.0,0.8660254037844387,-0.4999999999999998,-0.04302223300453034,-0.99907411510223
2025-07-04 09:00:00+00:00,25.708333492279053,98.66666666666667,330.75,23.418055390554763,84.96626984126983,1.6107142889310442,0.0,22.8,91,116.0,0.0,15.4,0.7071067811865476,-0.7071067811865475,-0.04302223300453034,-0.99907411510223
2025-07-04 10:00:00+00:00,24.175000031789143,100.0,367.0833333333333,23.423446162657164,84.9366424535916,1.612348671494423,0.0,21.9,94,28.0,0.0,15.0,0.49999999999999994,-0.8660254037844387,-0.04302223300453034,-0.99907411510223
2025-07-04 11:00:00+00:00,23.6750005086263,100.0,399.75,23.428836934759566,84.90701506591337,1.613983054057802,0.0,21.2,96,0.0,0.0,12.3,0.258819045102521,-0.9659258262890682,-0.04302223300453034,-0.99907411510223
2025-07-04 12:00:00+00:00,23.408332983652752,100.0,421.5,23.43422770686197,84.87738767823512,1.6156174366211808,0.0,20.7,98,0.0,0.0,13.4,1.2246467991473532e-16,-1.0,-0.04302223300453034,-0.99907411510223
2025-07-04 13:00:00+00:00,23.208333174387615,100.0,438.0,23.439618478964373,84.84776029055689,1.6172518191845595,0.0,21.0,97,0.0,0.0,13.6,-0.2588190451025208,-0.9659258262890683,-0.04302223300453034,-0.99907411510223
2025-07-04 14:00:00+00:00,22.866666316986084,100.0,448.8333333333333,23.44500925106678,84.81813290287866,1.6188862017479384,0.0,20.5,97,0.0,0.0,12.9,-0.4999999999999997,-0.8660254037844388,-0.04302223300453034,-0.99907411510223
2025-07-04 15:00:00+00:00,22.666667302449543,100.0,456.1666666666667,23.45040002316918,84.78850551520043,1.6205205843113173,0.0,20.4,97,0.0,0.0,14.0,-0.7071067811865471,-0.7071067811865479,-0.04302223300453034,-0.99907411510223
2025-07-04 16:00:00+00:00,22.516666730244953,100.0,462.3333333333333,23.455790795271582,84.7588781275222,1.622154966874696,0.0,19.9,98,0.0,0.0,12.2,-0.8660254037844384,-0.5000000000000004,-0.04302223300453034,-0.99907411510223
2025-07-04 17:00:00+00:00,22.158333619435627,100.0,420.3333333333333,23.461181567373988,84.72925073984395,1.6237893494380748,0.0,19.5,98,0.0,0.0,11.3,-0.9659258262890683,-0.25881904510252063,-0.04302223300453034,-0.99907411510223
2025-07-04 18:00:00+00:00,22.016666730244953,100.0,410.4166666666667,23.46657233947639,84.69962335216572,1.6254237320014537,0.0,19.2,98,0.0,0.0,9.9,-1.0,-1.8369701987210297e-16,-0.04302223300453034,-0.99907411510223
2025-07-04 19:00:00+00:00,22.016666571299236,100.0,430.3333333333333,23.471963111578795,84.66999596448748,1.6270581145648324,0.0,19.4,98,0.0,0.0,11.3,-0.9659258262890684,0.2588190451025203,-0.04302223300453034,-0.99907411510223
2025-07-04 20:00:00+00:00,22.824999968210857,100.0,434.25,23.477353883681197,84.64036857680925,1.6286924971282113,0.0,19.8,97,16.0,0.0,9.6,-0.8660254037844386,0.5000000000000001,-0.04302223300453034,-0.99907411510223
2025-07-04 21:00:00+00:00,24.31666660308838,100.0,414.9166666666667,23.4827446557836,84.61074118913102,1.6303268796915902,0.0,20.4,95,53.0,0.0,9.1,-0.7071067811865477,0.7071067811865474,-0.04302223300453034,-0.99907411510223
2025-07-04 22:00:00+00:00,25.62499984105428,99.33333333333333,362.75,23.488135427886004,84.58111380145277,1.6319612622549688,0.0,22.0,90,193.0,0.0,5.6,-0.5000000000000004,0.8660254037844384,-0.04302223300453034,-0.99907411510223
2025-07-04 23:00:00+00:00,26.81666660308838,92.83333333333333,309.25,23.493526199988406,84.55148641377454,1.6335956448183477,0.0,24.0,83,497.0,0.0,3.0,-0.25881904510252157,0.9659258262890681,-0.04302223300453034,-0.99907411510223
2025-07-05 00:00:00+00:00,28.699999968210857,82.75,311.1666666666667,23.498916972090807,84.52185902609631,1.6352300273817266,0.0,25.8,75,608.0,0.0,0.4,0.0,1.0,-0.060213277365792774,-0.9981855344718586
2025-07-05 01:00:00+00:00,30.34166685740153,75.83333333333333,314.4166666666667,23.504307744193213,84.49223163841808,1.6368644099451055,0.0,26.2,71,715.0,0.0,5.9,0.25881904510252074,0.9659258262890683,-0.060213277365792774,-0.9981855344718586
2025-07-05 02:00:00+00:00,32.27500025431315,71.16666666666667,321.9166666666667,23.509698516295614,84.46260425073984,1.6384987925084842,0.0,27.5,68,760.0,0.0,3.6,0.49999999999999994,0.8660254037844387,-0.060213277365792774,-0.9981855344718586
2025-07-05 03:00:00+00:00,32.91666634877523,68.33333333333333,324.6666666666667,23.51508928839802,84.4329768630616,1.640133175071863,0.0,28.2,66,707.0,0.0,5.3,0.7071067811865475,0.7071067811865476,-0.060213277365792774,-0.9981855344718586
2025-07-05 04:00:00+00:00,33.19166660308838,66.5,322.3333333333333,23.52048006050042,84.40334947538337,1.6417675576352417,0.0,29.1,64,864.0,0.0,5.0,0.8660254037844386,0.5000000000000001,-0.060213277365792774,-0.9981855344718586
2025-07-05 05:00:00+00:00,33.69166692097982,63.666666666666664,314.3333333333333,23.525870832602823,84.37372208770513,1.6434019401986206,0.0,29.1,65,782.0,0.0,4.4,0.9659258262890683,0.25881904510252074,-0.060213277365792774,-0.9981855344718586
2025-07-05 06:00:00+00:00,33.05000034968058,63.5,311.1666666666667,23.53126160470523,84.3440947000269,1.6450363227619995,0.0,28.5,70,612.0,0.0,6.2,1.0,6.123233995736766e-17,-0.060213277365792774,-0.9981855344718586
2025-07-05 07:00:00+00:00,30.908333619435627,66.83333333333333,307.8333333333333,23.53665237680763,84.31446731234867,1.6466707053253784,0.0,28.2,73,464.0,0.0,4.0,0.9659258262890683,-0.25881904510252063,-0.060213277365792774,-0.9981855344718586
2025-07-05 08:00:00+00:00,28.90833346048991,72.91666666666667,306.8333333333333,23.542043148910036,84.28483992467042,1.648305087888757,0.0,27.8,75,293.0,0.0,2.9,0.8660254037844387,-0.4999999999999998,-0.060213277365792774,-0.9981855344718586
2025-07-05 09:00:00+00:00,27.59166685740153,92.33333333333333,323.1666666666667,23.547433921012438,84.25521253699219,1.649939470452136,0.0,26.4,78,169.0,0.0,6.2,0.7071067811865476,-0.7071067811865475,-0.060213277365792774,-0.9981855344718586
2025-07-05 10:00:00+00:00,26.15000009536743,98.66666666666667,372.4166666666667,23.55282469311484,84.22558514931396,1.6515738530155148,0.0,24.2,88,56.0,0.0,3.1,0.49999999999999994,-0.8660254037844387,-0.060213277365792774,-0.9981855344718586
2025-07-05 11:00:00+00:00,24.975000222524006,99.41666666666667,427.0,23.558215465217245,84.19595776163573,1.6532082355788935,0.0,22.9,94,1.0,0.0,4.7,0.258819045102521,-0.9659258262890682,-0.060213277365792774,-0.9981855344718586
2025-07-05 12:00:00+00:00,24.049999872843426,99.08333333333333,419.1666666666667,23.563606237319647,84.16633037395749,1.6548426181422724,0.0,21.6,98,0.0,0.0,7.9,1.2246467991473532e-16,-1.0,-0.060213277365792774,-0.9981855344718586
2025-07-05 13:00:00+00:00,23.65833393732707,99.91666666666667,421.5833333333333,23.56899700942205,84.13670298627925,1.6564770007056513,0.0,21.0,98,0.0,0.0,6.4,-0.2588190451025208,-0.9659258262890683,-0.060213277365792774,-0.9981855344718586
2025-07-05 14:00:00+00:00,23.433333079020183,100.0,464.9166666666667,23.574387781524454,84.10707559860101,1.65811138326903,0.0,20.5,98,0.0,0.0,6.4,-0.4999999999999997,-0.8660254037844388,-0.060213277365792774,-0.9981855344718586
2025-07-05 15:00:00+00:00,23.53333346048991,100.0,498.5,23.579778553626856,84.07744821092278,1.6597457658324088,0.0,20.0,99,0.0,0.0,8.2,-0.7071067811865471,-0.7071067811865479,-0.060213277365792774,-0.9981855344718586
2025-07-05 16:00:00+00:00,23.383333206176758,100.0,532.5,23.58516932572926,84.04782082324455,1.6613801483957877,0.0,19.9,98,0.0,0.0,9.9,-0.8660254037844384,-0.5000000000000004,-0.060213277365792774,-0.9981855344718586
2025-07-05 17:00:00+00:00,22.074999968210857,99.91666666666667,428.5833333333333,23.590560097831663,84.01819343556632,1.6630145309591664,0.0,19.6,100,0.0,0.0,9.7,-0.9659258262890683,-0.25881904510252063,-0.060213277365792774,-0.9981855344718586
2025-07-05 18:00:00+00:00,22.53333330154419,100.0,432.5833333333333,23.595950869934065,83.98856604788807,1.6646489135225453,0.0,19.7,99,0.0,0.0,9.3,-1.0,-1.8369701987210297e-16,-0.060213277365792774,-0.9981855344718586
2025-07-05 19:00:00+00:00,23.13333336512248,100.0,469.5833333333333,23.60134164203647,83.95893866020984,1.6662832960859242,0.0,19.8,99,0.0,0.0,9.6,-0.9659258262890684,0.2588190451025203,-0.060213277365792774,-0.9981855344718586
2025-07-05 20:00:00+00:00,24.341666380564373,100.0,459.8333333333333,23.60673241413887,83.9293112725316,1.667917678649303,0.0,19.8,99,20.0,0.0,10.9,-0.8660254037844386,0.5000000000000001,-0.060213277365792774,-0.9981855344718586
2025-07-05 21:00:00+00:00,25.03333346048991,98.91666666666667,367.1666666666667,23.612123186241277,83.89968388485337,1.6695520612126817,0.0,20.4,97,82.0,0.0,12.8,-0.7071067811865477,0.7071067811865474,-0.060213277365792774,-0.9981855344718586
2025-07-05 22:00:00+00:00,25.74999984105428,93.0,310.1666666666667,23.61751395834368,83.87005649717514,1.6711864437760606,0.0,21.2,94,150.0,0.0,14.7,-0.5000000000000004,0.8660254037844384,-0.060213277365792774,-0.9981855344718586
2025-07-05 23:00:00+00:00,27.0,83.08333333333333,309.6666666666667,23.62290473044608,83.8404291094969,1.6728208263394395,0.0,22.5,88,285.0,0.0,16.5,-0.25881904510252157,0.9659258262890681,-0.060213277365792774,-0.9981855344718586
2025-07-06 00:00:00+00:00,28.84999990463257,77.33333333333333,315.75,23.628295502548486,83.81080172181866,1.6744552089028182,0.0,25.5,76,539.0,0.0,18.1,0.0,1.0,-0.07738647923346322,-0.9970011699250151
2025-07-06 01:00:00+00:00,30.06666644414266,73.25,317.1666666666667,23.633686274650888,83.78117433414043,1.676089591466197,0.0,27.2,71,740.0,0.0,19.8,0.25881904510252074,0.9659258262890683,-0.07738647923346322,-0.9970011699250151
2025-07-06 02:00:00+00:00,28.40833346048991,79.25,302.8333333333333,23.639077046753293,83.7515469464622,1.677723974029576,0.0,26.1,79,717.0,0.0,20.8,0.49999999999999994,0.8660254037844387,-0.07738647923346322,-0.9970011699250151
2025-07-06 03:00:00+00:00,28.141666730244953,81.41666666666667,298.75,23.644467818855695,83.72191955878397,1.6793583565929546,0.0,25.6,80,758.0,0.0,22.4,0.7071067811865475,0.7071067811865476,-0.07738647923346322,-0.9970011699250151
2025-07-06 04:00:00+00:00,27.924999713897705,84.41666666666667,300.0833333333333,23.649858590958097,83.69229217110572,1.6809927391563335,0.0,23.6,89,397.0,0.0,21.0,0.8660254037844386,0.5000000000000001,-0.07738647923346322,-0.9970011699250151
2025-07-06 05:00:00+00:00,28.116666793823242,82.0,298.25,23.655249363060502,83.66266478342749,1.6826271217197124,0.0,24.1,87,532.0,0.0,20.9,0.9659258262890683,0.25881904510252074,-0.07738647923346322,-0.9970011699250151
2025-07-06 06:00:00+00:00,27.99999984105428,82.08333333333333,301.6666666666667,23.660640135162904,83.63303739574926,1.684261504283091,0.0,23.9,86,461.0,0.0,20.7,1.0,6.123233995736766e-17,-0.07738647923346322,-0.9970011699250151
2025-07-06 07:00:00+00:00,27.741666793823242,86.91666666666667,301.0,23.666030907265306,83.60341000807102,1.68589588684647,0.0,23.5,87,454.0,0.0,18.8,0.9659258262890683,-0.25881904510252063,-0.07738647923346322,-0.9970011699250151
2025-07-06 08:00:00+00:00,27.683333079020183,91.5,306.3333333333333,23.67142167936771,83.57378262039279,1.6875302694098488,0.0,23.1,88,278.0,0.0,18.0,0.8660254037844387,-0.4999999999999998,-0.07738647923346322,-0.9970011699250151
2025-07-06 09:00:00+00:00,26.78333314259847,97.58333333333333,364.0,23.676812451470113,83.54415523271454,1.6891646519732277,0.0,22.5,89,160.0,0.0,15.7,0.7071067811865476,-0.7071067811865475,-0.07738647923346322,-0.9970011699250151
2025-07-06 10:00:00+00:00,25.591666380564373,99.08333333333333,425.4166666666667,23.682203223572518,83.51452784503631,1.6907990345366064,0.0,21.6,92,46.0,0.1,14.8,0.49999999999999994,-0.8660254037844387,-0.07738647923346322,-0.9970011699250151
2025-07-06 11:00:00+00:00,25.02499993642171,99.91666666666667,459.75,23.68759399567492,83.48490045735808,1.6924334170999853,0.0,21.0,94,1.0,0.1,13.4,0.258819045102521,-0.9659258262890682,-0.07738647923346322,-0.9970011699250151
2025-07-06 12:00:00+00:00,24.233333587646484,98.0,378.8333333333333,23.69298476777732,83.45527306967985,1.694067799663364,0.0,20.7,95,0.0,0.0,12.7,1.2246467991473532e-16,-1.0,-0.07738647923346322,-0.9970011699250151
2025-07-06 13:00:00+00:00,24.158333778381348,99.0,356.4166666666667,23.698375539879727,83.42564568200162,1.6957021822267428,0.0,21.0,96,0.0,0.1,13.5,-0.2588190451025208,-0.9659258262890683,-0.07738647923346322,-0.9970011699250151
2025-07-06 14:00:00+00:00,23.90833314259847,99.08333333333333,354.0,23.70376631198213,83.39601829432337,1.6973365647901217,0.0,20.9,96,0.0,0.0,12.6,-0.4999999999999997,-0.8660254037844388,-0.07738647923346322,-0.9970011699250151
2025-07-06 15:00:00+00:00,23.78333282470703,100.0,388.5,23.70915708408453,83.36639090664514,1.6989709473535006,0.0,20.8,97,0.0,0.0,12.6,-0.7071067811865471,-0.7071067811865479,-0.07738647923346322,-0.9970011699250151
2025-07-06 16:00:00+00:00,23.616666475931805,100.0,423.5,23.714547856186936,83.3367635189669,1.7006053299168793,0.0,20.8,97,0.0,0.0,11.1,-0.8660254037844384,-0.5000000000000004,-0.07738647923346322,-0.9970011699250151
2025-07-06 17:00:00+00:00,22.208333492279053,98.75,346.5833333333333,23.719938628289338,83.30713613128867,1.7022397124802582,0.0,20.9,97,0.0,0.0,10.0,-0.9659258262890683,-0.25881904510252063,-0.07738647923346322,-0.9970011699250151
2025-07-06 18:00:00+00:00,22.908333619435627,99.83333333333333,344.1666666666667,23.725329400391743,83.27750874361044,1.703874095043637,0.0,20.9,97,0.0,0.0,7.5,-1.0,-1.8369701987210297e-16,-0.07738647923346322,-0.9970011699250151
2025-07-06 19:00:00+00:00,23.38333288828532,100.0,383.25,23.730720172494145,83.2478813559322,1.7055084776070157,0.0,20.7,97,0.0,0.0,6.6,-0.9659258262890684,0.2588190451025203,-0.07738647923346322,-0.9970011699250151
2025-07-06 20:00:00+00:00,24.50833336512248,97.41666666666667,350.8333333333333,23.736110944596547,83.21825396825396,1.7071428601703946,0.0,21.0,96,26.0,0.0,5.9,-0.8660254037844386,0.5000000000000001,-0.07738647923346322,-0.9970011699250151
2025-07-06 21:00:00+00:00,25.666666825612385,89.0,311.3333333333333,23.741501716698952,83.18862658057573,1.7087772427337735,0.0,22.0,94,111.0,0.0,5.0,-0.7071067811865477,0.7071067811865474,-0.07738647923346322,-0.9970011699250151
2025-07-06 22:00:00+00:00,28.049999713897705,81.16666666666667,313.3333333333333,23.746892488801354,83.1589991928975,1.7104116252971522,0.0,23.5,89,256.0,0.0,5.2,-0.5000000000000004,0.8660254037844384,-0.07738647923346322,-0.9970011699250151
2025-07-06 23:00:00+00:00,30.333333492279053,76.41666666666667,324.0833333333333,23.75228326090376,83.12937180521925,1.712046007860531,0.0,24.8,87,362.0,0.0,4.4,-0.25881904510252157,0.9659258262890681,-0.07738647923346322,-0.9970011699250151
2025-07-07 00:00:00+00:00,32.149999936421715,71.75,331.8333333333333,23.75767403300616,83.09974441754102,1.71368039042391,0.0,26.2,82,491.0,0.0,5.2,0.0,1.0,-0.09453674981719933,-0.9955213724144752
2025-07-07 01:00:00+00:00,33.7416664759318,67.25,337.25,23.763064805108563,83.07011702986279,1.7153147729872886,0.0,28.8,70,671.0,0.0,6.1,0.25881904510252074,0.9659258262890683,-0.09453674981719933,-0.9955213724144752
2025-07-07 02:00:00+00:00,34.083333333333336,65.66666666666667,338.0,23.76845557721097,83.04048964218455,1.7169491555506675,0.0,29.5,67,827.0,0.0,7.0,0.49999999999999994,0.8660254037844387,-0.09453674981719933,-0.9955213724144752
2025-07-07 03:00:00+00:00,34.59166717529297,63.5,336.0,23.77384634931337,83.01086225450632,1.7185835381140464,0.0,29.2,69,766.0,0.0,8.1,0.7071067811865475,0.7071067811865476,-0.09453674981719933,-0.9955213724144752
2025-07-07 04:00:00+00:00,34.64166673024496,62.5,325.4166666666667,23.779237121415775,82.98123486682809,1.7202179206774253,0.0,29.0,72,813.0,0.0,9.7,0.8660254037844386,0.5000000000000001,-0.09453674981719933,-0.9955213724144752
2025-07-07 05:00:00+00:00,34.049999713897705,63.5,320.0,23.784627893518177,82.95160747914984,1.721852303240804,0.0,28.9,72,713.0,0.0,8.6,0.9659258262890683,0.25881904510252074,-0.09453674981719933,-0.9955213724144752
2025-07-07 06:00:00+00:00,33.73333326975504,64.08333333333333,311.4166666666667,23.79001866562058,82.92198009147161,1.7234866858041828,0.0,28.7,72,643.0,0.1,3.3,1.0,6.123233995736766e-17,-0.09453674981719933,-0.9955213724144752
2025-07-07 07:00:00+00:00,32.566666762034096,65.83333333333333,306.6666666666667,23.795409437722984,82.89235270379338,1.7251210683675615,0.0,27.8,74,418.0,0.1,6.5,0.9659258262890683,-0.25881904510252063,-0.09453674981719933,-0.9955213724144752
2025-07-07 08:00:00+00:00,30.274999777475994,67.83333333333333,308.1666666666667,23.800800209825386,82.86272531611515,1.7267554509309404,0.0,26.9,73,290.0,0.0,8.1,0.8660254037844387,-0.4999999999999998,-0.09453674981719933,-0.9955213724144752
2025-07-07 09:00:00+00:00,28.14999993642171,88.33333333333333,314.1666666666667,23.806190981927788,82.8330979284369,1.7283898334943193,0.0,26.0,76,190.0,0.0,7.6,0.7071067811865476,-0.7071067811865475,-0.09453674981719933,-0.9955213724144752
2025-07-07 10:00:00+00:00,26.59166669845581,98.5,377.5,23.811581754030193,82.80347054075867,1.7300242160576982,0.0,24.2,81,57.0,0.0,6.4,0.49999999999999994,-0.8660254037844387,-0.09453674981719933,-0.9955213724144752
2025-07-07 11:00:00+00:00,24.90000009536743,99.33333333333333,441.3333333333333,23.816972526132595,82.77384315308043,1.7316585986210768,0.0,22.1,87,1.0,0.0,4.7,0.258819045102521,-0.9659258262890682,-0.09453674981719933,-0.9955213724144752
2025-07-07 12:00:00+00:00,23.24166663487752,99.16666666666667,435.25,23.822363298235,82.7442157654022,1.7332929811844557,0.0,21.0,91,0.0,0.0,5.7,1.2246467991473532e-16,-1.0,-0.09453674981719933,-0.9955213724144752
2025-07-07 13:00:00+00:00,22.891666571299236,100.0,451.3333333333333,23.827754070337402,82.71458837772397,1.7349273637478346,0.0,20.9,89,0.0,0.0,6.5,-0.2588190451025208,-0.9659258262890683,-0.09453674981719933,-0.9955213724144752
2025-07-07 14:00:00+00:00,21.733333587646484,100.0,498.9166666666667,23.833144842439804,82.68496099004574,1.7365617463112133,0.0,19.8,94,0.0,0.0,5.2,-0.4999999999999997,-0.8660254037844388,-0.09453674981719933,-0.9955213724144752
2025-07-07 15:00:00+00:00,20.93333339691162,100.0,543.8333333333334,23.83853561454221,82.65533360236749,1.7381961288745922,0.0,19.1,96,0.0,0.0,4.5,-0.7071067811865471,-0.7071067811865479,-0.09453674981719933,-0.9955213724144752
2025-07-07 16:00:00+00:00,20.05833339691162,100.0,583.3333333333334,23.84392638664461,82.62570621468926,1.739830511437971,0.0,18.4,98,0.0,0.0,3.8,-0.8660254037844384,-0.5000000000000004,-0.09453674981719933,-0.9955213724144752
2025-07-07 17:00:00+00:00,19.833333333333332,100.0,619.1666666666666,23.849317158747017,82.59607882701103,1.7414648940013497,0.0,18.2,96,0.0,0.0,4.1,-0.9659258262890683,-0.25881904510252063,-0.09453674981719933,-0.9955213724144752
2025-07-07 18:00:00+00:00,19.583333492279053,100.0,658.0,23.85470793084942,82.5664514393328,1.7430992765647286,0.0,18.0,95,0.0,0.0,5.6,-1.0,-1.8369701987210297e-16,-0.09453674981719933,-0.9955213724144752
2025-07-07 19:00:00+00:00,19.474999745686848,100.0,678.5833333333334,23.86009870295182,82.53682405165455,1.7447336591281075,0.0,17.7,91,0.0,0.0,6.8,-0.9659258262890684,0.2588190451025203,-0.09453674981719933,-0.9955213724144752
2025-07-07 20:00:00+00:00,21.916666666666668,99.41666666666667,640.5833333333334,23.865489475054225,82.50719666397632,1.7463680416914862,0.0,18.6,82,31.0,0.0,7.0,-0.8660254037844386,0.5000000000000001,-0.09453674981719933,-0.9955213724144752
2025-07-07 21:00:00+00:00,25.10000006357829,85.41666666666667,391.5,23.870880247156627,82.47756927629808,1.748002424254865,0.0,20.6,74,162.0,0.0,8.9,-0.7071067811865477,0.7071067811865474,-0.09453674981719933,-0.9955213724144752
2025-07-07 22:00:00+00:00,26.300000190734863,71.25,317.9166666666667,23.87627101925903,82.44794188861985,1.749636806818244,0.0,22.0,74,336.0,0.0,6.4,-0.5000000000000004,0.8660254037844384,-0.09453674981719933,-0.9955213724144752
2025-07-07 23:00:00+00:00,28.608333428700764,63.083333333333336,322.1666666666667,23.881661791361434,82.41831450094162,1.7512711893816229,0.0,23.5,70,508.0,0.0,6.5,-0.25881904510252157,0.9659258262890681,-0.09453674981719933,-0.9955213724144752
2025-07-08 00:00:00+00:00,29.891666889190674,58.833333333333336,320.5,23.887052563463836,82.38868711326337,1.7529055719450015,0.0,25.0,65,669.0,0.0,8.1,0.0,1.0,-0.11165900712169444,-0.9937465804361781
2025-07-08 01:00:00+00:00,30.975000222524006,55.25,316.4166666666667,23.89244333556624,82.35905972558514,1.7545399545083804,0.0,26.6,61,794.0,0.0,7.4,0.25881904510252074,0.9659258262890683,-0.11165900712169444,-0.9937465804361781
2025-07-08 02:00:00+00:00,31.21666653951009,55.0,310.6666666666667,23.897834107668643,82.32943233790691,1.7561743370717593,0.0,27.5,55,885.0,0.0,9.2,0.49999999999999994,0.8660254037844387,-0.11165900712169444,-0.9937465804361781
2025-07-08 03:00:00+00:00,32.25833288828532,48.166666666666664,303.8333333333333,23.903224879771045,82.29980495022868,1.757808719635138,0.0,28.1,50,916.0,0.0,11.5,0.7071067811865475,0.7071067811865476,-0.11165900712169444,-0.9937465804361781
2025-07-08 04:00:00+00:00,32.324999968210854,42.333333333333336,300.8333333333333,23.90861565187345,82.27017756255044,1.7594431021985169,0.0,28.0,45,903.0,0.0,15.0,0.8660254037844386,0.5000000000000001,-0.11165900712169444,-0.9937465804361781
2025-07-08 05:00:00+00:00,31.516666730244953,43.0,294.6666666666667,23.914006423975852,82.2405501748722,1.7610774847618957,0.0,27.2,44,831.0,0.0,16.1,0.9659258262890683,0.25881904510252074,-0.11165900712169444,-0.9937465804361781
2025-07-08 06:00:00+00:00,30.025000254313152,46.583333333333336,293.4166666666667,23.919397196078258,82.21092278719397,1.7627118673252744,0.0,26.4,46,713.0,0.0,17.5,1.0,6.123233995736766e-17,-0.11165900712169444,-0.9937465804361781
2025-07-08 07:00:00+00:00,29.141666730244953,49.166666666666664,288.75,23.92478796818066,82.18129539951573,1.7643462498886533,0.0,25.7,47,561.0,0.0,17.0,0.9659258262890683,-0.25881904510252063,-0.11165900712169444,-0.9937465804361781
2025-07-08 08:00:00+00:00,27.825000127156574,56.25,291.25,23.93017874028306,82.1516680118375,1.7659806324520322,0.0,24.9,52,388.0,0.0,14.7,0.8660254037844387,-0.4999999999999998,-0.11165900712169444,-0.9937465804361781
2025-07-08 09:00:00+00:00,26.52500009536743,92.41666666666667,314.75,23.935569512385467,82.12204062415927,1.7676150150154109,0.0,23.4,55,210.0,0.0,15.7,0.7071067811865476,-0.7071067811865475,-0.11165900712169444,-0.9937465804361781
2025-07-08 10:00:00+00:00,23.833333492279053,98.5,367.8333333333333,23.94096028448787,82.09241323648102,1.7692493975787897,0.0,22.0,56,60.0,0.0,15.2,0.49999999999999994,-0.8660254037844387,-0.11165900712169444,-0.9937465804361781
2025-07-08 11:00:00+00:00,22.166666825612385,99.0,423.0,23.94635105659027,82.06278584880279,1.7708837801421686,0.0,21.3,54,1.0,0.0,15.6,0.258819045102521,-0.9659258262890682,-0.11165900712169444,-0.9937465804361781
2025-07-08 12:00:00+00:00,21.608333269755047,99.91666666666667,468.0,23.951741828692676,82.03315846112456,1.7725181627055475,0.0,20.6,54,0.0,0.0,13.8,1.2246467991473532e-16,-1.0,-0.11165900712169444,-0.9937465804361781
2025-07-08 13:00:00+00:00,20.65000009536743,100.0,500.8333333333333,23.957132600795077,82.00353107344633,1.7741525452689262,0.0,20.5,57,0.0,0.0,13.7,-0.2588190451025208,-0.9659258262890683,-0.11165900712169444,-0.9937465804361781
2025-07-08 14:00:00+00:00,19.783333619435627,100.0,532.5,23.962523372897483,81.9739036857681,1.775786927832305,0.0,19.7,61,0.0,0.0,12.3,-0.4999999999999997,-0.8660254037844388,-0.11165900712169444,-0.9937465804361781
2025-07-08 15:00:00+00:00,19.366666952768963,100.0,569.3333333333334,23.967914144999884,81.94427629808985,1.7774213103956837,0.0,19.2,62,0.0,0.0,12.2,-0.7071067811865471,-0.7071067811865479,-0.11165900712169444,-0.9937465804361781
2025-07-08 16:00:00+00:00,18.808333079020183,100.0,595.75,23.973304917102286,81.91464891041161,1.7790556929590626,0.0,19.1,61,0.0,0.0,13.4,-0.8660254037844384,-0.5000000000000004,-0.11165900712169444,-0.9937465804361781
2025-07-08 17:00:00+00:00,18.34999958674113,100.0,624.25,23.97869568920469,81.88502152273338,1.7806900755224415,0.0,18.9,61,0.0,0.0,13.2,-0.9659258262890683,-0.25881904510252063,-0.11165900712169444,-0.9937465804361781
2025-07-08 18:00:00+00:00,18.1750005086263,100.0,654.3333333333334,23.984086461307093,81.85539413505515,1.7823244580858204,0.0,18.2,63,0.0,0.0,11.1,-1.0,-1.8369701987210297e-16,-0.11165900712169444,-0.9937465804361781
2025-07-08 19:00:00+00:00,18.516666730244953,100.0,673.25,23.9894772334095,81.82576674737692,1.783958840649199,0.0,17.8,64,0.0,0.0,10.5,-0.9659258262890684,0.2588190451025203,-0.11165900712169444,-0.9937465804361781
2025-07-08 20:00:00+00:00,20.4333332379659,99.83333333333333,643.3333333333334,23.9948680055119,81.79613935969867,1.785593223212578,0.0,18.0,67,29.0,0.0,9.8,-0.8660254037844386,0.5000000000000001,-0.11165900712169444,-0.9937465804361781
2025-07-08 21:00:00+00:00,23.758333206176758,84.25,405.4166666666667,24.000258777614302,81.76651197202044,1.7872276057759569,0.0,19.5,69,127.0,0.0,7.6,-0.7071067811865477,0.7071067811865474,-0.11165900712169444,-0.9937465804361781
2025-07-08 22:00:00+00:00,25.766666412353516,64.08333333333333,313.9166666666667,24.005649549716708,81.7368845843422,1.7888619883393355,0.0,21.4,69,319.0,0.0,6.0,-0.5000000000000004,0.8660254037844384,-0.11165900712169444,-0.9937465804361781
2025-07-08 23:00:00+00:00,27.35000006357829,57.166666666666664,311.25,24.01104032181911,81.70725719666397,1.7904963709027144,0.0,23.0,63,507.0,0.0,6.8,-0.25881904510252157,0.9659258262890681,-0.11165900712169444,-0.9937465804361781
2025-07-09 00:00:00+00:00,28.891666571299236,55.916666666666664,312.0833333333333,24.01643109392151,81.67762980898574,1.7921307534660933,0.0,24.3,59,674.0,0.0,6.0,0.0,1.0,-0.12874817745258066,-0.99167731989929
2025-07-09 01:00:00+00:00,30.391666730244953,51.75,314.0833333333333,24.021821866023917,81.6480024213075,1.7937651360294722,0.0,25.6,56,799.0,0.0,6.9,0.25881904510252074,0.9659258262890683,-0.12874817745258066,-0.99167731989929
2025-07-09 02:00:00+00:00,31.758333206176758,48.583333333333336,314.9166666666667,24.02721263812632,81.61837503362926,1.7953995185928509,0.0,26.7,54,882.0,0.0,5.8,0.49999999999999994,0.8660254037844387,-0.12874817745258066,-0.99167731989929
2025-07-09 03:00:00+00:00,32.44999965031942,43.083333333333336,311.3333333333333,24.032603410228724,81.58874764595103,1.7970339011562297,0.0,27.8,50,917.0,0.0,6.1,0.7071067811865475,0.7071067811865476,-0.12874817745258066,-0.99167731989929
2025-07-09 04:00:00+00:00,32.27499977747599,45.666666666666664,305.3333333333333,24.037994182331126,81.5591202582728,1.7986682837196084,0.0,28.4,50,844.0,0.0,7.1,0.8660254037844386,0.5000000000000001,-0.12874817745258066,-0.99167731989929
2025-07-09 05:00:00+00:00,31.97499990463257,46.75,298.25,24.043384954433527,81.52949287059457,1.8003026662829873,0.0,28.9,47,805.0,0.0,7.9,0.9659258262890683,0.25881904510252074,-0.12874817745258066,-0.99167731989929
2025-07-09 06:00:00+00:00,29.983333269755047,46.75,296.9166666666667,24.048775726535933,81.49986548291632,1.8019370488463662,0.0,29.0,45,659.0,0.0,8.7,1.0,6.123233995736766e-17,-0.12874817745258066,-0.99167731989929
2025-07-09 07:00:00+00:00,28.108333746592205,52.916666666666664,297.1666666666667,24.054166498638335,81.47023809523809,1.803571431409745,0.0,28.2,47,542.0,0.0,11.9,0.9659258262890683,-0.25881904510252063,-0.12874817745258066,-0.99167731989929
2025-07-09 08:00:00+00:00,27.37500015894572,59.416666666666664,302.8333333333333,24.05955727074074,81.44061070755986,1.8052058139731237,0.0,26.8,50,371.0,0.0,10.2,0.8660254037844387,-0.4999999999999998,-0.12874817745258066,-0.99167731989929
2025-07-09 09:00:00+00:00,25.358333428700764,77.91666666666667,317.9166666666667,24.06494804284314,81.41098331988162,1.8068401965365026,0.0,25.2,60,190.0,0.0,5.1,0.7071067811865476,-0.7071067811865475,-0.12874817745258066,-0.99167731989929
2025-07-09 10:00:00+00:00,23.34999990463257,91.5,335.25,24.070338814945544,81.38135593220339,1.8084745790998813,0.0,23.6,68,47.0,0.0,0.4,0.49999999999999994,-0.8660254037844387,-0.12874817745258066,-0.99167731989929
2025-07-09 11:00:00+00:00,21.708333174387615,93.25,345.4166666666667,24.07572958704795,81.35172854452514,1.8101089616632602,0.0,22.0,76,1.0,0.0,0.4,0.258819045102521,-0.9659258262890682,-0.12874817745258066,-0.99167731989929
2025-07-09 12:00:00+00:00,20.666666825612385,95.66666666666667,362.8333333333333,24.08112035915035,81.32210115684691,1.811743344226639,0.0,20.5,84,0.0,0.0,0.8,1.2246467991473532e-16,-1.0,-0.12874817745258066,-0.99167731989929
2025-07-09 13:00:00+00:00,20.166666825612385,97.08333333333333,369.6666666666667,24.086511131252752,81.29247376916868,1.813377726790018,0.0,19.9,81,0.0,0.0,0.4,-0.2588190451025208,-0.9659258262890683,-0.12874817745258066,-0.99167731989929
2025-07-09 14:00:00+00:00,19.6999994913737,97.0,362.25,24.091901903355158,81.26284638149045,1.8150121093533966,0.0,19.2,83,0.0,0.0,0.5,-0.4999999999999997,-0.8660254037844388,-0.12874817745258066,-0.99167731989929
2025-07-09 15:00:00+00:00,19.266666571299236,98.75,380.25,24.09729267545756,81.23321899381222,1.8166464919167755,0.0,18.2,89,0.0,0.0,1.3,-0.7071067811865471,-0.7071067811865479,-0.12874817745258066,-0.99167731989929
2025-07-09 16:00:00+00:00,18.78333330154419,99.41666666666667,400.5833333333333,24.102683447559965,81.20359160613397,1.8182808744801544,0.0,17.6,93,0.0,0.0,1.1,-0.8660254037844384,-0.5000000000000004,-0.12874817745258066,-0.99167731989929
2025-07-09 17:00:00+00:00,18.891666571299236,99.75,421.75,24.108074219662367,81.17396421845574,1.819915257043533,0.0,17.2,94,0.0,0.0,0.4,-0.9659258262890683,-0.25881904510252063,-0.12874817745258066,-0.99167731989929
2025-07-09 18:00:00+00:00,18.233333428700764,100.0,437.6666666666667,24.11346499176477,81.1443368307775,1.821549639606912,0.0,16.9,93,0.0,0.0,2.7,-1.0,-1.8369701987210297e-16,-0.12874817745258066,-0.99167731989929
2025-07-09 19:00:00+00:00,18.53333346048991,99.66666666666667,417.8333333333333,24.118855763867174,81.11470944309927,1.8231840221702909,0.0,16.7,93,0.0,0.0,2.7,-0.9659258262890684,0.2588190451025203,-0.12874817745258066,-0.99167731989929
2025-07-09 20:00:00+00:00,20.583333333333332,97.5,375.9166666666667,24.124246535969576,81.08508205542104,1.8248184047336697,0.0,17.7,88,26.0,0.0,4.2,-0.8660254037844386,0.5000000000000001,-0.12874817745258066,-0.99167731989929
2025-07-09 21:00:00+00:00,23.52500009536743,86.16666666666667,343.0833333333333,24.12963730807198,81.0554546677428,1.8264527872970484,0.0,19.0,87,148.0,0.0,4.9,-0.7071067811865477,0.7071067811865474,-0.12874817745258066,-0.99167731989929
2025-07-09 22:00:00+00:00,25.233333428700764,78.66666666666667,320.0833333333333,24.135028080174383,81.02582728006456,1.8280871698604273,0.0,20.4,81,316.0,0.0,4.6,-0.5000000000000004,0.8660254037844384,-0.12874817745258066,-0.99167731989929
2025-07-09 23:00:00+00:00,27.708333492279053,70.33333333333333,313.0833333333333,24.140418852276785,80.99619989238633,1.829721552423806,0.0,21.7,75,486.0,0.0,3.2,-0.25881904510252157,0.9659258262890681,-0.12874817745258066,-0.99167731989929
2025-07-10 00:00:00+00:00,28.80833355585734,66.08333333333333,313.4166666666667,24.14580962437919,80.9665725047081,1.8313559349871849,0.0,23.2,68,645.0,0.0,3.1,0.0,1.0,-0.14579919691987442,-0.9893142039703664
2025-07-10 01:00:00+00:00,28.800000031789143,66.41666666666667,308.0,24.151200396481592,80.93694511702986,1.8329903175505637,0.0,24.8,63,727.0,0.0,3.0,0.25881904510252074,0.9659258262890683,-0.14579919691987442,-0.9893142039703664
2025-07-10 02:00:00+00:00,30.40833314259847,61.083333333333336,307.75,24.156591168583994,80.90731772935162,1.8346247001139426,0.0,25.2,64,873.0,0.0,7.6,0.49999999999999994,0.8660254037844387,-0.14579919691987442,-0.9893142039703664
2025-07-10 03:00:00+00:00,29.333333015441895,65.41666666666667,291.9166666666667,24.1619819406864,80.87769034167339,1.8362590826773213,0.0,24.1,67,718.0,0.0,13.1,0.7071067811865475,0.7071067811865476,-0.14579919691987442,-0.9893142039703664
2025-07-10 04:00:00+00:00,28.233333269755047,68.08333333333333,288.9166666666667,24.1673727127888,80.84806295399515,1.8378934652407002,0.0,23.4,67,681.0,0.1,17.3,0.8660254037844386,0.5000000000000001,-0.14579919691987442,-0.9893142039703664
2025-07-10 05:00:00+00:00,29.44166644414266,63.75,293.0833333333333,24.172763484891206,80.81843556631692,1.8395278478040789,0.0,22.8,67,662.0,0.2,18.4,0.9659258262890683,0.25881904510252074,-0.14579919691987442,-0.9893142039703664
2025-07-10 06:00:00+00:00,27.49999984105428,75.5,294.25,24.178154256993608,80.78880817863867,1.8411622303674577,0.0,22.4,68,582.0,0.1,19.6,1.0,6.123233995736766e-17,-0.14579919691987442,-0.9893142039703664
2025-07-10 07:00:00+00:00,27.125,78.16666666666667,293.5,24.18354502909601,80.75918079096044,1.8427966129308366,0.0,21.5,70,466.0,0.0,20.0,0.9659258262890683,-0.25881904510252063,-0.14579919691987442,-0.9893142039703664
2025-07-10 08:00:00+00:00,27.333333333333332,85.83333333333333,282.8333333333333,24.188935801198415,80.72955340328221,1.8444309954942155,0.0,20.4,73,309.0,0.0,18.9,0.8660254037844387,-0.4999999999999998,-0.14579919691987442,-0.9893142039703664
2025-07-10 09:00:00+00:00,25.06666644414266,95.66666666666667,294.5833333333333,24.194326573300817,80.69992601560398,1.8460653780575942,0.0,19.2,77,166.0,0.0,17.8,0.7071067811865476,-0.7071067811865475,-0.14579919691987442,-0.9893142039703664
2025-07-10 10:00:00+00:00,22.675000190734863,97.5,351.25,24.199717345403222,80.67029862792575,1.847699760620973,0.0,18.3,81,48.0,0.0,16.0,0.49999999999999994,-0.8660254037844387,-0.14579919691987442,-0.9893142039703664
2025-07-10 11:00:00+00:00,21.65833314259847,98.41666666666667,402.9166666666667,24.205108117505624,80.64067124024751,1.849334143184352,0.0,17.7,84,0.0,0.0,14.8,0.258819045102521,-0.9659258262890682,-0.14579919691987442,-0.9893142039703664
2025-07-10 12:00:00+00:00,21.141666412353516,99.0,441.8333333333333,24.210498889608026,80.61104385256927,1.8509685257477306,0.0,17.5,86,0.0,0.0,14.6,1.2246467991473532e-16,-1.0,-0.14579919691987442,-0.9893142039703664
2025-07-10 13:00:00+00:00,20.874999523162845,99.58333333333333,467.0833333333333,24.21588966171043,80.58141646489103,1.8526029083111095,0.0,17.5,86,0.0,0.0,16.0,-0.2588190451025208,-0.9659258262890683,-0.14579919691987442,-0.9893142039703664
2025-07-10 14:00:00+00:00,20.96666653951009,100.0,486.0,24.221280433812833,80.5517890772128,1.8542372908744884,0.0,17.7,85,0.0,0.0,17.3,-0.4999999999999997,-0.8660254037844388,-0.14579919691987442,-0.9893142039703664
2025-07-10 15:00:00+00:00,20.908332983652752,100.0,493.25,24.226671205915235,80.52216168953457,1.8558716734378673,0.0,17.5,86,0.0,0.0,18.0,-0.7071067811865471,-0.7071067811865479,-0.14579919691987442,-0.9893142039703664
2025-07-10 16:00:00+00:00,20.633333524068195,100.0,502.6666666666667,24.23206197801764,80.49253430185632,1.857506056001246,0.0,17.3,86,0.0,0.0,17.3,-0.8660254037844384,-0.5000000000000004,-0.14579919691987442,-0.9893142039703664
2025-07-10 17:00:00+00:00,19.258333047231037,98.91666666666667,378.1666666666667,24.237452750120042,80.46290691417809,1.8591404385646249,0.0,17.2,86,0.0,0.0,16.3,-0.9659258262890683,-0.25881904510252063,-0.14579919691987442,-0.9893142039703664
2025-07-10 18:00:00+00:00,19.949999968210857,100.0,367.9166666666667,24.242843522222447,80.43327952649986,1.8607748211280035,0.0,17.2,85,0.0,0.0,16.0,-1.0,-1.8369701987210297e-16,-0.14579919691987442,-0.9893142039703664
2025-07-10 19:00:00+00:00,19.675000031789143,100.0,410.0,24.24823429432485,80.40365213882163,1.8624092036913824,0.0,17.0,86,0.0,0.0,15.6,-0.9659258262890684,0.2588190451025203,-0.14579919691987442,-0.9893142039703664
2025-07-10 20:00:00+00:00,19.708333492279053,100.0,426.0833333333333,24.25362506642725,80.3740247511434,1.8640435862547613,0.0,17.0,85,11.0,0.0,15.3,-0.8660254037844386,0.5000000000000001,-0.14579919691987442,-0.9893142039703664
2025-07-10 21:00:00+00:00,20.691666920979817,100.0,414.5833333333333,24.259015838529656,80.34439736346516,1.8656779688181402,0.0,17.4,81,73.0,0.0,15.6,-0.7071067811865477,0.7071067811865474,-0.14579919691987442,-0.9893142039703664
2025-07-10 22:00:00+00:00,23.699999809265137,99.25,342.5833333333333,24.264406610632058,80.31476997578692,1.8673123513815189,0.0,17.6,78,121.0,0.0,15.7,-0.5000000000000004,0.8660254037844384,-0.14579919691987442,-0.9893142039703664
2025-07-10 23:00:00+00:00,25.699999968210857,94.5,265.25,24.269797382734463,80.28514258810868,1.8689467339448977,0.0,18.0,75,179.0,0.0,16.5,-0.25881904510252157,0.9659258262890681,-0.14579919691987442,-0.9893142039703664
2025-07-11 00:00:00+00:00,26.050000031789143,84.25,265.8333333333333,24.275188154836865,80.25551520043045,1.8705811165082766,0.0,18.5,72,287.0,0.0,16.5,0.0,1.0,-0.16280701293851646,-0.9866579328916572
2025-07-11 01:00:00+00:00,26.56666660308838,76.58333333333333,277.3333333333333,24.280578926939267,80.22588781275222,1.8722154990716553,0.0,18.5,74,295.0,0.0,19.2,0.25881904510252074,0.9659258262890683,-0.16280701293851646,-0.9866579328916572
2025-07-11 02:00:00+00:00,26.5666667620341,70.83333333333333,292.5,24.285969699041672,80.19626042507397,1.8738498816350342,0.0,18.5,74,294.0,0.0,19.3,0.49999999999999994,0.8660254037844387,-0.16280701293851646,-0.9866579328916572
2025-07-11 03:00:00+00:00,27.350000222524006,65.33333333333333,293.1666666666667,24.291360471144074,80.16663303739574,1.875484264198413,0.0,19.2,71,489.0,0.0,19.4,0.7071067811865475,0.7071067811865476,-0.16280701293851646,-0.9866579328916572
2025-07-11 04:00:00+00:00,26.833333333333332,67.25,291.9166666666667,24.296751243246476,80.13700564971751,1.877118646761792,0.0,19.4,71,550.0,0.0,19.2,0.8660254037844386,0.5000000000000001,-0.16280701293851646,-0.9866579328916572
2025-07-11 05:00:00+00:00,27.574999968210857,67.25,288.4166666666667,24.30214201534888,80.10737826203928,1.8787530293251706,0.0,19.2,71,504.0,0.0,19.4,0.9659258262890683,0.25881904510252074,-0.16280701293851646,-0.9866579328916572
2025-07-11 06:00:00+00:00,27.125,71.08333333333333,285.8333333333333,24.307532787451283,80.07775087436104,1.8803874118885495,0.0,18.9,72,383.0,0.0,19.8,1.0,6.123233995736766e-17,-0.16280701293851646,-0.9866579328916572
2025-07-11 07:00:00+00:00,26.449999809265137,82.58333333333333,284.25,24.31292355955369,80.0481234866828,1.8820217944519282,0.0,18.8,72,380.0,0.0,18.9,0.9659258262890683,-0.25881904510252063,-0.16280701293851646,-0.9866579328916572
2025-07-11 08:00:00+00:00,25.15000009536743,91.5,312.6666666666667,24.31831433165609,80.01849609900457,1.883656177015307,0.0,18.4,73,273.0,0.0,17.2,0.8660254037844387,-0.4999999999999998,-0.16280701293851646,-0.9866579328916572
2025-07-11 09:00:00+00:00,23.30833339691162,96.33333333333333,363.5833333333333,24.323705103758492,79.98886871132633,1.885290559578686,0.0,17.8,75,128.0,0.0,15.8,0.7071067811865476,-0.7071067811865475,-0.16280701293851646,-0.9866579328916572
2025-07-11 10:00:00+00:00,22.233333428700764,98.33333333333333,400.0833333333333,24.329095875860897,79.9592413236481,1.8869249421420649,0.0,17.2,78,33.0,0.0,14.9,0.49999999999999994,-0.8660254037844387,-0.16280701293851646,-0.9866579328916572
2025-07-11 11:00:00+00:00,21.36666663487752,98.16666666666667,425.3333333333333,24.3344866479633,79.92961393596987,1.8885593247054435,0.0,16.9,80,0.0,0.0,15.1,0.258819045102521,-0.9659258262890682,-0.16280701293851646,-0.9866579328916572
2025-07-11 12:00:00+00:00,21.09166653951009,99.41666666666667,448.0833333333333,24.339877420065704,79.89998654829162,1.8901937072688224,0.0,16.8,81,0.0,0.0,14.6,1.2246467991473532e-16,-1.0,-0.16280701293851646,-0.9866579328916572
2025-07-11 13:00:00+00:00,20.675000349680584,100.0,469.9166666666667,24.345268192168106,79.87035916061339,1.891828089832201,0.0,16.3,83,0.0,0.0,12.3,-0.2588190451025208,-0.9659258262890683,-0.16280701293851646,-0.9866579328916572
2025-07-11 14:00:00+00:00,20.42499971389771,100.0,486.8333333333333,24.350658964270508,79.84073177293516,1.89346247239558,0.0,16.4,81,0.0,0.0,12.8,-0.4999999999999997,-0.8660254037844388,-0.16280701293851646,-0.9866579328916572
2025-07-11 15:00:00+00:00,20.35833295186361,100.0,502.4166666666667,24.356049736372913,79.81110438525693,1.8950968549589589,0.0,16.4,82,0.0,0.0,13.0,-0.7071067811865471,-0.7071067811865479,-0.16280701293851646,-0.9866579328916572
2025-07-11 16:00:00+00:00,20.083333333333332,100.0,516.8333333333334,24.361440508475315,79.7814769975787,1.8967312375223377,0.0,16.3,82,0.0,0.0,13.1,-0.8660254037844384,-0.5000000000000004,-0.16280701293851646,-0.9866579328916572
2025-07-11 17:00:00+00:00,18.966666380564373,99.08333333333333,426.25,24.36683128057772,79.75184960990045,1.8983656200857164,0.0,16.2,81,0.0,0.0,12.6,-0.9659258262890683,-0.25881904510252063,-0.16280701293851646,-0.9866579328916572
2025-07-11 18:00:00+00:00,19.52500009536743,100.0,420.9166666666667,24.372222052680122,79.72222222222221,1.9000000026490953,0.0,16.2,82,0.0,0.0,12.1,-1.0,-1.8369701987210297e-16,-0.16280701293851646,-0.9866579328916572
2025-07-11 19:00:00+00:00,19.38333304723104,100.0,449.4166666666667,24.377612824782524,79.69259483454398,1.9016343852124742,0.0,16.1,83,0.0,0.0,12.1,-0.9659258262890684,0.2588190451025203,-0.16280701293851646,-0.9866579328916572
2025-07-11 20:00:00+00:00,19.84166669845581,100.0,451.9166666666667,24.38300359688493,79.66296744686575,1.9032687677758529,0.0,16.2,83,12.0,0.0,11.9,-0.8660254037844386,0.5000000000000001,-0.16280701293851646,-0.9866579328916572
2025-07-11 21:00:00+00:00,21.27499993642171,100.0,423.8333333333333,24.38839436898733,79.63334005918752,1.9049031503392317,0.0,16.8,80,80.0,0.0,14.2,-0.7071067811865477,0.7071067811865474,-0.16280701293851646,-0.9866579328916572
2025-07-11 22:00:00+00:00,24.02500009536743,98.75,352.1666666666667,24.393785141089733,79.60371267150927,1.9065375329026106,0.0,17.4,77,164.0,0.0,14.4,-0.5000000000000004,0.8660254037844384,-0.16280701293851646,-0.9866579328916572
2025-07-11 23:00:00+00:00,25.47499990463257,92.41666666666667,269.3333333333333,24.39917591319214,79.57408528383104,1.9081719154659895,0.0,17.9,75,257.0,0.0,14.6,-0.25881904510252157,0.9659258262890681,-0.16280701293851646,-0.9866579328916572
2025-07-12 00:00:00+00:00,26.46666669845581,88.0,256.0833333333333,24.40456668529454,79.5444578961528,1.9098062980293682,0.0,18.6,72,433.0,0.0,15.5,0.0,1.0,-0.17976658572556214,-0.9837092937736098
2025-07-12 01:00:00+00:00,26.350000222524006,76.58333333333333,269.9166666666667,24.409957457396946,79.51483050847457,1.911440680592747,0.0,18.4,72,437.0,0.0,17.3,0.25881904510252074,0.9659258262890683,-0.17976658572556214,-0.9837092937736098
2025-07-12 02:00:00+00:00,27.333333333333332,66.08333333333333,286.8333333333333,24.415348229499347,79.48520312079634,1.9130750631561257,0.0,19.0,69,550.0,0.0,16.9,0.49999999999999994,0.8660254037844387,-0.17976658572556214,-0.9837092937736098
2025-07-12 03:00:00+00:00,28.383333524068195,61.666666666666664,291.0833333333333,24.42073900160175,79.4555757331181,1.9147094457195046,0.0,19.1,68,552.0,0.0,17.0,0.7071067811865475,0.7071067811865476,-0.17976658572556214,-0.9837092937736098
2025-07-12 04:00:00+00:00,28.075000127156574,62.166666666666664,287.4166666666667,24.426129773704155,79.42594834543986,1.9163438282828835,0.0,19.4,67,629.0,0.0,17.7,0.8660254037844386,0.5000000000000001,-0.17976658572556214,-0.9837092937736098
2025-07-12 05:00:00+00:00,27.674999872843426,63.75,282.1666666666667,24.431520545806556,79.39632095776163,1.9179782108462624,0.0,19.9,64,689.0,0.0,18.3,0.9659258262890683,0.25881904510252074,-0.17976658572556214,-0.9837092937736098
2025-07-12 06:00:00+00:00,27.03333330154419,65.83333333333333,277.0833333333333,24.436911317908958,79.3666935700834,1.919612593409641,0.0,19.6,64,661.0,0.0,18.2,1.0,6.123233995736766e-17,-0.17976658572556214,-0.9837092937736098
2025-07-12 07:00:00+00:00,27.49166663487752,74.08333333333333,269.8333333333333,24.442302090011363,79.33706618240517,1.92124697597302,0.0,18.8,66,530.0,0.0,18.8,0.9659258262890683,-0.25881904510252063,-0.17976658572556214,-0.9837092937736098
2025-07-12 08:00:00+00:00,26.758333047231037,87.58333333333333,254.08333333333334,24.447692862113765,79.30743879472692,1.9228813585363989,0.0,17.9,70,386.0,0.0,18.9,0.8660254037844387,-0.4999999999999998,-0.17976658572556214,-0.9837092937736098
2025-07-12 09:00:00+00:00,23.05833355585734,96.0,279.5833333333333,24.45308363421617,79.27781140704869,1.9245157410997775,0.0,16.8,74,207.0,0.0,18.4,0.7071067811865476,-0.7071067811865475,-0.17976658572556214,-0.9837092937736098
2025-07-12 10:00:00+00:00,20.40000009536743,97.25,352.8333333333333,24.458474406318572,79.24818401937046,1.9261501236631564,0.0,15.8,78,57.0,0.0,16.7,0.49999999999999994,-0.8660254037844387,-0.17976658572556214,-0.9837092937736098
2025-07-12 11:00:00+00:00,19.883333047231037,99.0,402.3333333333333,24.463865178420974,79.21855663169222,1.9277845062265353,0.0,15.0,82,0.0,0.0,14.6,0.258819045102521,-0.9659258262890682,-0.17976658572556214,-0.9837092937736098
2025-07-12 12:00:00+00:00,19.4333332379659,99.66666666666667,433.0,24.46925595052338,79.18892924401399,1.9294188887899142,0.0,14.6,85,0.0,0.0,13.2,1.2246467991473532e-16,-1.0,-0.17976658572556214,-0.9837092937736098
2025-07-12 13:00:00+00:00,19.28333346048991,100.0,457.4166666666667,24.47464672262578,79.15930185633574,1.9310532713532929,0.0,14.9,83,0.0,0.0,13.1,-0.2588190451025208,-0.9659258262890683,-0.17976658572556214,-0.9837092937736098
2025-07-12 14:00:00+00:00,19.208333651224773,100.0,474.0,24.480037494728187,79.12967446865751,1.9326876539166717,0.0,14.9,84,0.0,0.0,13.3,-0.4999999999999997,-0.8660254037844388,-0.17976658572556214,-0.9837092937736098
2025-07-12 15:00:00+00:00,18.975000381469727,100.0,497.0833333333333,24.48542826683059,79.10004708097928,1.9343220364800504,0.0,15.0,84,0.0,0.0,12.8,-0.7071067811865471,-0.7071067811865479,-0.17976658572556214,-0.9837092937736098
2025-07-12 16:00:00+00:00,18.03333346048991,100.0,520.8333333333334,24.49081903893299,79.07041969330105,1.9359564190434293,0.0,14.8,86,0.0,0.0,12.4,-0.8660254037844384,-0.5000000000000004,-0.17976658572556214,-0.9837092937736098
2025-07-12 17:00:00+00:00,18.00833336512248,100.0,524.75,24.496209811035396,79.04079230562282,1.9375908016068082,0.0,14.2,89,0.0,0.0,12.0,-0.9659258262890683,-0.25881904510252063,-0.17976658572556214,-0.9837092937736098
2025-07-12 18:00:00+00:00,17.59999990463257,100.0,524.1666666666666,24.501600583137797,79.01116491794457,1.939225184170187,0.0,13.9,91,0.0,0.0,11.6,-1.0,-1.8369701987210297e-16,-0.17976658572556214,-0.9837092937736098
2025-07-12 19:00:00+00:00,17.300000031789143,100.0,526.9166666666666,24.506991355240203,78.98153753026634,1.9408595667335657,0.0,13.9,90,0.0,0.0,11.3,-0.9659258262890684,0.2588190451025203,-0.17976658572556214,-0.9837092937736098
2025-07-12 20:00:00+00:00,19.24166663487752,99.5,480.75,24.512382127342605,78.9519101425881,1.9424939492969446,0.0,14.2,90,24.0,0.0,11.5,-0.8660254037844386,0.5000000000000001,-0.17976658572556214,-0.9837092937736098
2025-07-12 21:00:00+00:00,23.199999968210857,92.5,306.5833333333333,24.517772899445006,78.92228275490987,1.9441283318603233,0.0,16.0,83,117.0,0.0,12.6,-0.7071067811865477,0.7071067811865474,-0.17976658572556214,-0.9837092937736098
2025-07-12 22:00:00+00:00,24.28333330154419,89.0,249.75,24.52316367154741,78.89265536723164,1.9457627144237022,0.0,17.9,76,280.0,0.0,15.7,-0.5000000000000004,0.8660254037844384,-0.17976658572556214,-0.9837092937736098
2025-07-12 23:00:00+00:00,25.200000127156574,75.83333333333333,281.0,24.528554443649814,78.8630279795534,1.947397096987081,0.0,19.2,71,416.0,0.0,17.3,-0.25881904510252157,0.9659258262890681,-0.17976658572556214,-0.9837092937736098
2025-07-13 00:00:00+00:00,26.200000127156574,73.16666666666667,277.25,24.533945215752215,78.83340059187516,1.94903147955046,0.0,19.8,70,514.0,0.0,17.6,0.0,1.0,-0.19667288979357622,-0.9804691603616321
2025-07-13 01:00:00+00:00,27.0583332379659,68.66666666666667,285.0,24.53933598785462,78.80377320419693,1.9506658621138386,0.0,20.5,69,636.0,0.0,17.9,0.25881904510252074,0.9659258262890683,-0.19667288979357622,-0.9804691603616321
2025-07-13 02:00:00+00:00,28.291666825612385,66.75,290.5,24.544726759957022,78.7741458165187,1.9523002446772175,0.0,20.8,69,700.0,0.0,18.8,0.49999999999999994,0.8660254037844387,-0.19667288979357622,-0.9804691603616321
2025-07-13 03:00:00+00:00,28.708333174387615,67.08333333333333,289.4166666666667,24.550117532059428,78.74451842884046,1.9539346272405964,0.0,21.2,68,774.0,0.0,19.2,0.7071067811865475,0.7071067811865476,-0.19667288979357622,-0.9804691603616321
2025-07-13 04:00:00+00:00,28.208333333333332,67.5,280.5,24.55550830416183,78.71489104116222,1.955569009803975,0.0,21.3,69,727.0,0.0,18.6,0.8660254037844386,0.5000000000000001,-0.19667288979357622,-0.9804691603616321
2025-07-13 05:00:00+00:00,28.21666685740153,68.25,278.75,24.56089907626423,78.68526365348399,1.957203392367354,0.0,21.4,70,631.0,0.0,17.6,0.9659258262890683,0.25881904510252074,-0.19667288979357622,-0.9804691603616321
2025-07-13 06:00:00+00:00,27.65000009536743,68.83333333333333,274.5,24.566289848366637,78.65563626580575,1.9588377749307329,0.0,21.8,70,652.0,0.0,17.6,1.0,6.123233995736766e-17,-0.19667288979357622,-0.9804691603616321
2025-07-13 07:00:00+00:00,26.78333346048991,78.75,282.5833333333333,24.57168062046904,78.62600887812752,1.9604721574941117,0.0,21.3,72,478.0,0.0,18.0,0.9659258262890683,-0.25881904510252063,-0.19667288979357622,-0.9804691603616321
2025-07-13 08:00:00+00:00,27.133333206176758,91.08333333333333,279.3333333333333,24.57707139257144,78.59638149044929,1.9621065400574904,0.0,20.5,76,346.0,0.0,18.2,0.8660254037844387,-0.4999999999999998,-0.19667288979357622,-0.9804691603616321
2025-07-13 09:00:00+00:00,25.241666952768963,96.58333333333333,305.25,24.582462164673846,78.56675410277104,1.9637409226208693,0.0,19.6,80,172.0,0.0,17.6,0.7071067811865476,-0.7071067811865475,-0.19667288979357622,-0.9804691603616321
2025-07-13 10:00:00+00:00,23.450000286102295,98.41666666666667,387.5,24.587852936776248,78.53712671509281,1.965375305184248,0.0,18.5,88,52.0,0.0,17.1,0.49999999999999994,-0.8660254037844387,-0.19667288979357622,-0.9804691603616321
2025-07-13 11:00:00+00:00,22.699999809265137,99.16666666666667,431.9166666666667,24.593243708878653,78.50749932741458,1.9670096877476269,0.0,17.9,93,0.0,0.0,16.3,0.258819045102521,-0.9659258262890682,-0.19667288979357622,-0.9804691603616321
2025-07-13 12:00:00+00:00,22.15833330154419,100.0,450.0833333333333,24.598634480981055,78.47787193973635,1.9686440703110057,0.0,17.8,95,0.0,0.0,15.7,1.2246467991473532e-16,-1.0,-0.19667288979357622,-0.9804691603616321
2025-07-13 13:00:00+00:00,21.15833330154419,100.0,465.0833333333333,24.604025253083456,78.4482445520581,1.9702784528743846,0.0,17.4,96,0.0,0.0,16.0,-0.2588190451025208,-0.9659258262890683,-0.19667288979357622,-0.9804691603616321
2025-07-13 14:00:00+00:00,21.083333333333332,100.0,476.9166666666667,24.609416025185862,78.41861716437987,1.9719128354377633,0.0,17.4,97,0.0,0.0,14.7,-0.4999999999999997,-0.8660254037844388,-0.19667288979357622,-0.9804691603616321
2025-07-13 15:00:00+00:00,20.083333333333332,100.0,485.4166666666667,24.614806797288264,78.38898977670164,1.9735472180011422,0.0,17.3,97,0.0,0.0,13.1,-0.7071067811865471,-0.7071067811865479,-0.19667288979357622,-0.9804691603616321
2025-07-13 16:00:00+00:00,19.691667079925537,100.0,498.0833333333333,24.62019756939067,78.3593623890234,1.9751816005645209,0.0,17.1,97,0.0,0.0,13.1,-0.8660254037844384,-0.5000000000000004,-0.19667288979357622,-0.9804691603616321
2025-07-13 17:00:00+00:00,19.06666660308838,100.0,446.8333333333333,24.62558834149307,78.32973500134517,1.9768159831278997,0.0,17.0,97,0.0,0.0,12.9,-0.9659258262890683,-0.25881904510252063,-0.19667288979357622,-0.9804691603616321
2025-07-13 18:00:00+00:00,18.94999980926514,100.0,452.8333333333333,24.630979113595473,78.30010761366694,1.9784503656912786,0.0,16.9,97,0.0,0.0,12.9,-1.0,-1.8369701987210297e-16,-0.19667288979357622,-0.9804691603616321
2025-07-13 19:00:00+00:00,19.200000127156578,100.0,484.8333333333333,24.636369885697878,78.27048022598869,1.9800847482546575,0.0,16.9,97,0.0,0.0,12.8,-0.9659258262890684,0.2588190451025203,-0.19667288979357622,-0.9804691603616321
2025-07-13 20:00:00+00:00,20.84166669845581,99.91666666666667,478.1666666666667,24.64176065780028,78.24085283831046,1.9817191308180362,0.0,17.3,96,22.0,0.0,12.5,-0.8660254037844386,0.5000000000000001,-0.19667288979357622,-0.9804691603616321
2025-07-13 21:00:00+00:00,23.641666571299236,88.58333333333333,326.8333333333333,24.647151429902685,78.21122545063223,1.983353513381415,0.0,19.1,87,133.0,0.0,13.0,-0.7071067811865477,0.7071067811865474,-0.19667288979357622,-0.9804691603616321
2025-07-13 22:00:00+00:00,25.00000015894572,76.91666666666667,283.3333333333333,24.652542202005087,78.181598062954,1.984987895944794,0.0,20.9,79,295.0,0.0,13.6,-0.5000000000000004,0.8660254037844384,-0.19667288979357622,-0.9804691603616321
2025-07-13 23:00:00+00:00,27.28333330154419,68.25,286.25,24.65793297410749,78.15197067527575,1.9866222785081726,0.0,22.2,78,407.0,0.0,17.8,-0.25881904510252157,0.9659258262890681,-0.19667288979357622,-0.9804691603616321
2025-07-14 00:00:00+00:00,28.125,71.08333333333333,295.5,24.663323746209894,78.12234328759752,1.9882566610715515,0.0,23.2,77,421.0,0.0,19.5,0.0,1.0,-0.2135209154397959,-0.9769384927771817
2025-07-14 01:00:00+00:00,28.216667016347248,78.16666666666667,293.9166666666667,24.668714518312296,78.09271589991928,1.9898910436349304,0.0,25.0,74,558.0,0.1,23.7,0.25881904510252074,0.9659258262890683,-0.2135209154397959,-0.9769384927771817
2025-07-14 02:00:00+00:00,28.74166663487752,77.58333333333333,294.25,24.674105290414698,78.06308851224105,1.9915254261983093,0.0,25.1,75,613.0,0.1,24.3,0.49999999999999994,0.8660254037844387,-0.2135209154397959,-0.9769384927771817
2025-07-14 03:00:00+00:00,28.1833332379659,78.16666666666667,293.25,24.679496062517103,78.03346112456282,1.993159808761688,0.0,25.5,73,702.0,0.0,25.4,0.7071067811865475,0.7071067811865476,-0.2135209154397959,-0.9769384927771817
2025-07-14 04:00:00+00:00,28.64999993642171,82.25,288.9166666666667,24.684886834619505,78.00383373688459,1.9947941913250669,0.0,25.1,74,663.0,0.0,23.7,0.8660254037844386,0.5000000000000001,-0.2135209154397959,-0.9769384927771817
2025-07-14 05:00:00+00:00,28.15000009536743,80.66666666666667,288.1666666666667,24.69027760672191,77.97420634920634,1.9964285738884455,0.0,25.5,71,622.0,0.1,26.0,0.9659258262890683,0.25881904510252074,-0.2135209154397959,-0.9769384927771817
2025-07-14 06:00:00+00:00,28.0,82.66666666666667,291.3333333333333,24.695668378824312,77.94457896152811,1.9980629564518244,0.0,25.9,74,539.0,0.2,26.2,1.0,6.123233995736766e-17,-0.2135209154397959,-0.9769384927771817
2025-07-14 07:00:00+00:00,27.941666920979817,85.33333333333333,291.6666666666667,24.701059150926714,77.91495157384988,1.9996973390152033,0.0,25.7,79,380.0,0.0,22.1,0.9659258262890683,-0.25881904510252063,-0.2135209154397959,-0.9769384927771817
2025-07-14 08:00:00+00:00,27.741666793823242,87.41666666666667,297.3333333333333,24.70644992302912,77.88532418617164,2.001331721578582,0.0,24.9,84,228.0,0.2,16.9,0.8660254037844387,-0.4999999999999998,-0.2135209154397959,-0.9769384927771817
2025-07-14 09:00:00+00:00,27.27500009536743,94.58333333333333,319.0,24.71184069513152,77.8556967984934,2.002966104141961,0.0,24.0,91,108.0,0.4,12.3,0.7071067811865476,-0.7071067811865475,-0.2135209154397959,-0.9769384927771817
2025-07-14 10:00:00+00:00,25.800000031789143,96.16666666666667,339.4166666666667,24.717231467233923,77.82606941081517,2.00460048670534,0.0,23.5,94,31.0,0.4,13.4,0.49999999999999994,-0.8660254037844387,-0.2135209154397959,-0.9769384927771817
2025-07-14 11:00:00+00:00,24.991666316986084,99.16666666666667,349.25,24.722622239336328,77.79644202313693,2.0062348692687184,0.0,23.1,95,0.0,1.9,13.7,0.258819045102521,-0.9659258262890682,-0.2135209154397959,-0.9769384927771817
2025-07-14 12:00:00+00:00,24.916666348775227,100.0,375.3333333333333,24.72801301143873,77.7668146354587,2.0078692518320973,0.0,22.8,98,0.0,1.4,14.3,1.2246467991473532e-16,-1.0,-0.2135209154397959,-0.9769384927771817
2025-07-14 13:00:00+00:00,24.78333314259847,100.0,394.0,24.733403783541135,77.73718724778047,2.009503634395476,0.0,23.5,95,0.0,0.1,9.6,-0.2588190451025208,-0.9659258262890683,-0.2135209154397959,-0.9769384927771817
2025-07-14 14:00:00+00:00,24.27499993642171,100.0,394.75,24.738794555643537,77.70755986010224,2.011138016958855,0.0,23.2,95,0.0,0.1,5.7,-0.4999999999999997,-0.8660254037844388,-0.2135209154397959,-0.9769384927771817
2025-07-14 15:00:00+00:00,23.958333174387615,100.0,423.5,24.74418532774594,77.67793247242399,2.012772399522234,0.0,23.2,95,0.0,0.0,5.8,-0.7071067811865471,-0.7071067811865479,-0.2135209154397959,-0.9769384927771817
2025-07-14 16:00:00+00:00,23.94166644414266,100.0,435.5833333333333,24.749576099848344,77.64830508474576,2.0144067820856124,0.0,22.5,98,0.0,0.1,4.8,-0.8660254037844384,-0.5000000000000004,-0.2135209154397959,-0.9769384927771817
2025-07-14 17:00:00+00:00,23.383333206176758,100.0,363.5833333333333,24.754966871950746,77.61867769706753,2.0160411646489917,0.0,22.5,98,0.0,0.0,8.0,-0.9659258262890683,-0.25881904510252063,-0.2135209154397959,-0.9769384927771817
2025-07-14 18:00:00+00:00,23.449999968210857,100.0,345.1666666666667,24.76035764405315,77.5890503093893,2.01767554721237,0.0,22.8,96,0.0,0.0,9.6,-1.0,-1.8369701987210297e-16,-0.2135209154397959,-0.9769384927771817
2025-07-14 19:00:00+00:00,23.491666316986084,99.83333333333333,369.4166666666667,24.765748416155553,77.55942292171105,2.019309929775749,0.0,22.6,96,0.0,0.0,6.5,-0.9659258262890684,0.2588190451025203,-0.2135209154397959,-0.9769384927771817
2025-07-14 20:00:00+00:00,24.30833355585734,98.66666666666667,352.5833333333333,24.771139188257955,77.52979553403281,2.020944312339128,0.0,22.6,96,4.0,0.0,3.5,-0.8660254037844386,0.5000000000000001,-0.2135209154397959,-0.9769384927771817
2025-07-14 21:00:00+00:00,24.916666507720947,97.33333333333333,336.9166666666667,24.77652996036036,77.50016814635458,2.022578694902507,0.0,22.9,97,34.0,0.0,9.4,-0.7071067811865477,0.7071067811865474,-0.2135209154397959,-0.9769384927771817
2025-07-14 22:00:00+00:00,25.00000015894572,95.33333333333333,315.4166666666667,24.781920732462762,77.47054075867635,2.0242130774658857,0.0,23.8,94,153.0,0.0,12.3,-0.5000000000000004,0.8660254037844384,-0.2135209154397959,-0.9769384927771817
2025-07-14 23:00:00+00:00,27.708333333333332,86.58333333333333,307.6666666666667,24.787311504565167,77.44091337099812,2.025847460029264,0.0,23.8,90,274.0,0.0,14.7,-0.25881904510252157,0.9659258262890681,-0.2135209154397959,-0.9769384927771817
2025-07-15 00:00:00+00:00,27.24999984105428,87.58333333333333,301.9166666666667,24.79270227666757,77.41128598331989,2.027481842592643,0.0,23.8,89,248.0,0.0,14.5,0.0,1.0,-0.23030567023061196,-0.973118337233262
2025-07-15 01:00:00+00:00,27.699999968210857,86.0,303.1666666666667,24.79809304876997,77.38165859564164,2.029116225156022,0.0,24.9,85,437.0,0.0,17.1,0.25881904510252074,0.9659258262890683,-0.23030567023061196,-0.973118337233262
2025-07-15 02:00:00+00:00,28.075000127156574,85.5,299.5,24.803483820872376,77.3520312079634,2.030750607719401,0.0,24.9,83,486.0,0.0,20.4,0.49999999999999994,0.8660254037844387,-0.23030567023061196,-0.973118337233262
2025-07-15 03:00:00+00:00,27.799999872843426,93.25,297.3333333333333,24.808874592974778,77.32240382028517,2.0323849902827797,0.0,24.9,82,491.0,0.0,19.3,0.7071067811865475,0.7071067811865476,-0.23030567023061196,-0.973118337233262
2025-07-15 04:00:00+00:00,27.75833336512248,85.83333333333333,298.3333333333333,24.81426536507718,77.29277643260694,2.0340193728461586,0.0,24.6,84,245.0,0.0,19.4,0.8660254037844386,0.5000000000000001,-0.23030567023061196,-0.973118337233262
2025-07-15 05:00:00+00:00,27.40833330154419,87.41666666666667,298.8333333333333,24.819656137179585,77.2631490449287,2.0356537554095375,0.0,25.0,82,415.0,0.0,19.7,0.9659258262890683,0.25881904510252074,-0.23030567023061196,-0.973118337233262
2025-07-15 06:00:00+00:00,27.75833336512248,92.83333333333333,288.5833333333333,24.825046909281987,77.23352165725046,2.037288137972916,0.0,23.8,88,158.0,0.1,20.0,1.0,6.123233995736766e-17,-0.23030567023061196,-0.973118337233262
2025-07-15 07:00:00+00:00,27.60000006357829,94.25,298.8333333333333,24.830437681384392,77.20389426957223,2.038922520536295,0.0,24.3,86,177.0,0.1,18.3,0.9659258262890683,-0.25881904510252063,-0.23030567023061196,-0.973118337233262
2025-07-15 08:00:00+00:00,26.949999968210857,98.25,310.1666666666667,24.835828453486794,77.174266881894,2.0405569030996737,0.0,23.7,91,43.0,0.3,14.6,0.8660254037844387,-0.4999999999999998,-0.23030567023061196,-0.973118337233262
2025-07-15 09:00:00+00:00,25.21666669845581,99.91666666666667,361.5,24.841219225589196,77.14463949421577,2.0421912856630526,0.0,23.7,90,82.0,0.0,15.3,0.7071067811865476,-0.7071067811865475,-0.23030567023061196,-0.973118337233262
2025-07-15 10:00:00+00:00,24.77499993642171,100.0,425.6666666666667,24.8466099976916,77.11501210653752,2.0438256682264315,0.0,23.1,92,10.0,0.0,14.8,0.49999999999999994,-0.8660254037844387,-0.23030567023061196,-0.973118337233262
2025-07-15 11:00:00+00:00,24.28333346048991,100.0,471.6666666666667,24.852000769794003,77.08538471885929,2.04546005078981,0.0,22.6,94,0.0,0.4,15.7,0.258819045102521,-0.9659258262890682,-0.23030567023061196,-0.973118337233262
2025-07-15 12:00:00+00:00,24.050000190734863,100.0,503.25,24.857391541896405,77.05575733118106,2.0470944333531893,0.0,22.2,96,0.0,0.1,14.1,1.2246467991473532e-16,-1.0,-0.23030567023061196,-0.973118337233262
2025-07-15 13:00:00+00:00,23.84999942779541,100.0,530.8333333333334,24.86278231399881,77.02612994350282,2.0487288159165677,0.0,22.0,96,0.0,0.1,17.3,-0.2588190451025208,-0.9659258262890683,-0.23030567023061196,-0.973118337233262
2025-07-15 14:00:00+00:00,23.70833381017049,100.0,552.75,24.868173086101212,76.99650255582459,2.0503631984799466,0.0,22.0,96,0.0,0.1,16.5,-0.4999999999999997,-0.8660254037844388,-0.23030567023061196,-0.973118337233262
2025-07-15 15:00:00+00:00,23.799999237060547,100.0,571.6666666666666,24.873563858203617,76.96687516814634,2.0519975810433255,0.0,21.9,97,0.0,0.0,15.2,-0.7071067811865471,-0.7071067811865479,-0.23030567023061196,-0.973118337233262
2025-07-15 16:00:00+00:00,23.70833396911621,100.0,573.4166666666666,24.87895463030602,76.93724778046811,2.0536319636067044,0.0,22.1,97,0.0,0.0,15.1,-0.8660254037844384,-0.5000000000000004,-0.23030567023061196,-0.973118337233262
2025-07-15 17:00:00+00:00,23.0,99.75,379.75,24.88434540240842,76.90762039278988,2.0552663461700833,0.0,22.4,96,0.0,0.2,16.6,-0.9659258262890683,-0.25881904510252063,-0.23030567023061196,-0.973118337233262
2025-07-15 18:00:00+00:00,23.166666507720947,100.0,336.8333333333333,24.889736174510826,76.87799300511165,2.0569007287334617,0.0,22.2,96,0.0,0.1,18.8,-1.0,-1.8369701987210297e-16,-0.23030567023061196,-0.973118337233262
2025-07-15 19:00:00+00:00,23.483333269755047,100.0,387.9166666666667,24.895126946613228,76.84836561743342,2.0585351112968406,0.0,22.0,96,0.0,0.1,17.3,-0.9659258262890684,0.2588190451025203,-0.23030567023061196,-0.973118337233262
2025-07-15 20:00:00+00:00,23.733333428700764,100.0,421.1666666666667,24.900517718715633,76.81873822975517,2.0601694938602195,0.0,21.9,96,4.0,0.2,17.5,-0.8660254037844386,0.5000000000000001,-0.23030567023061196,-0.973118337233262
2025-07-15 21:00:00+00:00,24.533333619435627,100.0,409.4166666666667,24.905908490818035,76.78911084207694,2.0618038764235984,0.0,21.8,96,20.0,0.6,19.3,-0.7071067811865477,0.7071067811865474,-0.23030567023061196,-0.973118337233262
2025-07-15 22:00:00+00:00,25.491666952768963,100.0,390.0833333333333,24.911299262920437,76.7594834543987,2.0634382589869773,0.0,21.6,98,31.0,0.6,16.0,-0.5000000000000004,0.8660254037844384,-0.23030567023061196,-0.973118337233262
2025-07-15 23:00:00+00:00,26.641666412353516,99.75,347.5,24.916690035022842,76.72985606672047,2.065072641550356,0.0,22.2,97,115.0,0.6,15.6,-0.25881904510252157,0.9659258262890681,-0.23030567023061196,-0.973118337233262
2025-07-16 00:00:00+00:00,30.475000222524006,94.0,259.4166666666667,24.922080807125244,76.70022867904224,2.066707024113735,0.0,23.1,93,168.0,0.5,16.1,0.0,1.0,-0.24702218048093527,-0.9690098257244063
2025-07-16 01:00:00+00:00,27.708333492279053,94.91666666666667,294.4166666666667,24.92747157922765,76.670601291364,2.0683414066771135,0.0,23.0,94,196.0,0.2,12.7,0.25881904510252074,0.9659258262890683,-0.24702218048093527,-0.9690098257244063
2025-07-16 02:00:00+00:00,27.47499990463257,97.66666666666667,280.5833333333333,24.93286235133005,76.64097390368576,2.0699757892404924,0.0,22.4,98,158.0,2.1,10.8,0.49999999999999994,0.8660254037844387,-0.24702218048093527,-0.9690098257244063
2025-07-16 03:00:00+00:00,28.358333110809326,91.33333333333333,277.5,24.938253123432453,76.61134651600753,2.0716101718038713,0.0,22.0,99,93.0,2.8,15.4,0.7071067811865475,0.7071067811865476,-0.24702218048093527,-0.9690098257244063
2025-07-16 04:00:00+00:00,28.96666653951009,83.83333333333333,304.6666666666667,24.94364389553486,76.5817191283293,2.07324455436725,0.0,22.6,94,223.0,1.0,15.9,0.8660254037844386,0.5000000000000001,-0.24702218048093527,-0.9690098257244063
2025-07-16 05:00:00+00:00,28.483333269755047,83.83333333333333,303.3333333333333,24.94903466763726,76.55209174065106,2.074878936930629,0.0,24.2,88,412.0,0.1,15.2,0.9659258262890683,0.25881904510252074,-0.24702218048093527,-0.9690098257244063
2025-07-16 06:00:00+00:00,28.041666984558105,85.5,299.0,24.954425439739662,76.52246435297282,2.0765133194940075,0.0,25.4,84,501.0,0.0,15.8,1.0,6.123233995736766e-17,-0.24702218048093527,-0.9690098257244063
2025-07-16 07:00:00+00:00,27.675000190734863,92.25,286.25,24.959816211842067,76.49283696529459,2.078147702057387,0.0,25.5,84,478.0,0.0,15.7,0.9659258262890683,-0.25881904510252063,-0.24702218048093527,-0.9690098257244063
2025-07-16 08:00:00+00:00,27.233333269755047,96.33333333333333,301.0833333333333,24.96520698394447,76.46320957761635,2.0797820846207653,0.0,24.7,86,357.0,0.0,16.2,0.8660254037844387,-0.4999999999999998,-0.24702218048093527,-0.9690098257244063
2025-07-16 09:00:00+00:00,26.291666666666668,97.75,331.5833333333333,24.970597756046875,76.43358218993812,2.081416467184144,0.0,23.8,89,189.0,0.0,15.3,0.7071067811865476,-0.7071067811865475,-0.24702218048093527,-0.9690098257244063
2025-07-16 10:00:00+00:00,25.241666793823242,99.91666666666667,379.4166666666667,24.975988528149276,76.40395480225989,2.083050849747523,0.0,22.5,96,43.0,0.0,14.4,0.49999999999999994,-0.8660254037844387,-0.24702218048093527,-0.9690098257244063
2025-07-16 11:00:00+00:00,24.691667079925537,100.0,427.75,24.981379300251678,76.37432741458164,2.084685232310902,0.0,21.9,97,0.0,0.0,13.1,0.258819045102521,-0.9659258262890682,-0.24702218048093527,-0.9690098257244063
2025-07-16 12:00:00+00:00,24.64166720708211,100.0,477.0,24.986770072354084,76.34470002690341,2.086319614874281,0.0,21.7,97,0.0,0.0,12.3,1.2246467991473532e-16,-1.0,-0.24702218048093527,-0.9690098257244063
2025-07-16 13:00:00+00:00,24.61666711171468,100.0,523.0833333333334,24.992160844456485,76.31507263922518,2.0879539974376593,0.0,21.5,98,0.0,0.0,11.7,-0.2588190451025208,-0.9659258262890683,-0.24702218048093527,-0.9690098257244063
2025-07-16 14:00:00+00:00,24.416666666666668,100.0,557.5,24.997551616558887,76.28544525154695,2.089588380001038,0.0,21.5,98,0.0,0.0,12.5,-0.4999999999999997,-0.8660254037844388,-0.24702218048093527,-0.9690098257244063
2025-07-16 15:00:00+00:00,23.94166644414266,100.0,594.1666666666666,25.002942388661292,76.25581786386871,2.091222762564417,0.0,21.1,98,0.0,0.0,12.9,-0.7071067811865471,-0.7071067811865479,-0.24702218048093527,-0.9690098257244063
2025-07-16 16:00:00+00:00,23.924999713897705,100.0,616.5,25.008333160763694,76.22619047619047,2.092857145127796,0.0,20.9,99,0.0,0.0,11.3,-0.8660254037844384,-0.5000000000000004,-0.24702218048093527,-0.9690098257244063
2025-07-16 17:00:00+00:00,22.475000222524006,100.0,428.5833333333333,25.0137239328661,76.19656308851224,2.094491527691175,0.0,20.9,99,0.0,0.0,12.5,-0.9659258262890683,-0.25881904510252063,-0.24702218048093527,-0.9690098257244063
2025-07-16 18:00:00+00:00,21.908332983652752,100.0,339.9166666666667,25.0191147049685,76.166935700834,2.0961259102545537,0.0,21.0,98,0.0,0.0,12.2,-1.0,-1.8369701987210297e-16,-0.24702218048093527,-0.9690098257244063
2025-07-16 19:00:00+00:00,22.175000031789143,100.0,345.6666666666667,25.024505477070903,76.13730831315577,2.0977602928179326,0.0,21.1,97,0.0,0.0,12.1,-0.9659258262890684,0.2588190451025203,-0.24702218048093527,-0.9690098257244063
2025-07-16 20:00:00+00:00,22.633333206176758,99.08333333333333,331.5,25.02989624917331,76.10768092547752,2.099394675381311,0.0,21.5,93,17.0,0.0,12.1,-0.8660254037844386,0.5000000000000001,-0.24702218048093527,-0.9690098257244063
2025-07-16 21:00:00+00:00,23.46666653951009,98.0,321.5833333333333,25.03528702127571,76.07805353779929,2.10102905794469,0.0,22.2,90,120.0,0.0,13.8,-0.7071067811865477,0.7071067811865474,-0.24702218048093527,-0.9690098257244063
2025-07-16 22:00:00+00:00,24.64999993642171,94.25,319.5833333333333,25.040677793378116,76.04842615012106,2.102663440508069,0.0,23.2,87,232.0,0.0,14.8,-0.5000000000000004,0.8660254037844384,-0.24702218048093527,-0.9690098257244063
2025-07-16 23:00:00+00:00,25.866666793823242,91.75,311.3333333333333,25.046068565480518,76.01879876244283,2.1042978230714477,0.0,24.0,85,344.0,0.0,15.3,-0.25881904510252157,0.9659258262890681,-0.24702218048093527,-0.9690098257244063
2025-07-17 00:00:00+00:00,26.791666984558105,89.16666666666667,303.0833333333333,25.05145933758292,75.9891713747646,2.1059322056348266,0.0,24.7,83,462.0,0.0,15.4,0.0,1.0,-0.2636654927280072,-0.9646141756912435
2025-07-17 01:00:00+00:00,29.39999993642171,79.58333333333333,308.75,25.056850109685325,75.95954398708636,2.107566588198205,0.0,23.5,96,175.0,2.5,14.2,0.25881904510252074,0.9659258262890683,-0.2636654927280072,-0.9646141756912435
2025-07-17 02:00:00+00:00,30.22499990463257,77.5,312.9166666666667,25.062240881787726,75.92991659940812,2.1092009707615844,0.0,26.6,87,675.0,0.0,12.4,0.49999999999999994,0.8660254037844387,-0.2636654927280072,-0.9646141756912435
2025-07-17 03:00:00+00:00,31.991666316986084,73.75,325.0,25.067631653890132,75.90028921172988,2.110835353324963,0.0,28.0,78,800.0,0.0,14.0,0.7071067811865475,0.7071067811865476,-0.2636654927280072,-0.9646141756912435
2025-07-17 04:00:00+00:00,30.983333428700764,75.25,328.5,25.073022425992534,75.87066182405165,2.1124697358883417,0.0,28.8,74,715.0,0.0,13.0,0.8660254037844386,0.5000000000000001,-0.2636654927280072,-0.9646141756912435
2025-07-17 05:00:00+00:00,30.108333269755047,77.91666666666667,314.5,25.078413198094935,75.84103443637342,2.1141041184517206,0.0,28.5,73,710.0,0.0,16.9,0.9659258262890683,0.25881904510252074,-0.2636654927280072,-0.9646141756912435
2025-07-17 06:00:00+00:00,29.508333524068195,78.0,312.8333333333333,25.08380397019734,75.81140704869517,2.1157385010150995,0.0,27.6,75,566.0,0.0,15.3,1.0,6.123233995736766e-17,-0.2636654927280072,-0.9646141756912435
2025-07-17 07:00:00+00:00,28.000000317891438,83.91666666666667,307.4166666666667,25.089194742299743,75.78177966101694,2.1173728835784784,0.0,26.9,78,453.0,0.0,15.0,0.9659258262890683,-0.25881904510252063,-0.2636654927280072,-0.9646141756912435
2025-07-17 08:00:00+00:00,27.30833339691162,88.91666666666667,318.3333333333333,25.094585514402144,75.75215227333871,2.119007266141857,0.0,25.8,82,308.0,0.0,14.5,0.8660254037844387,-0.4999999999999998,-0.2636654927280072,-0.9646141756912435
2025-07-17 09:00:00+00:00,25.89999993642171,92.83333333333333,331.25,25.09997628650455,75.72252488566048,2.1206416487052357,0.0,24.5,85,141.0,0.0,14.4,0.7071067811865476,-0.7071067811865475,-0.2636654927280072,-0.9646141756912435
2025-07-17 10:00:00+00:00,23.90000009536743,95.75,340.4166666666667,25.10536705860695,75.69289749798224,2.1222760312686146,0.0,23.0,90,38.0,0.0,14.2,0.49999999999999994,-0.8660254037844387,-0.2636654927280072,-0.9646141756912435
2025-07-17 11:00:00+00:00,23.308333079020183,97.83333333333333,351.25,25.110757830709357,75.66327011030401,2.1239104138319935,0.0,22.2,92,0.0,0.0,13.4,0.258819045102521,-0.9659258262890682,-0.2636654927280072,-0.9646141756912435
2025-07-17 12:00:00+00:00,23.258333206176758,97.5,352.1666666666667,25.11614860281176,75.63364272262577,2.1255447963953724,0.0,21.9,93,0.0,0.0,13.2,1.2246467991473532e-16,-1.0,-0.2636654927280072,-0.9646141756912435
2025-07-17 13:00:00+00:00,22.633333206176758,97.91666666666667,347.5,25.12153937491416,75.60401533494753,2.1271791789587513,0.0,21.7,94,0.0,0.0,12.1,-0.2588190451025208,-0.9659258262890683,-0.2636654927280072,-0.9646141756912435
2025-07-17 14:00:00+00:00,22.283332983652752,98.5,347.9166666666667,25.126930147016566,75.5743879472693,2.12881356152213,0.0,21.7,93,0.0,0.0,11.9,-0.4999999999999997,-0.8660254037844388,-0.2636654927280072,-0.9646141756912435
2025-07-17 15:00:00+00:00,22.191666920979817,98.91666666666667,350.0,25.132320919118968,75.54476055959107,2.1304479440855086,0.0,21.4,95,0.0,0.0,9.9,-0.7071067811865471,-0.7071067811865479,-0.2636654927280072,-0.9646141756912435
2025-07-17 16:00:00+00:00,22.041666666666668,98.75,346.0833333333333,25.13771169122137,75.51513317191282,2.1320823266488875,0.0,21.2,95,0.0,0.0,11.5,-0.8660254037844384,-0.5000000000000004,-0.2636654927280072,-0.9646141756912435
2025-07-17 17:00:00+00:00,21.5583332379659,97.25,340.5833333333333,25.143102463323775,75.48550578423459,2.1337167092122664,0.0,21.3,95,0.0,0.0,11.5,-0.9659258262890683,-0.25881904510252063,-0.2636654927280072,-0.9646141756912435
2025-07-17 18:00:00+00:00,21.733333110809326,96.5,334.0,25.148493235426177,75.45587839655636,2.1353510917756453,0.0,21.1,96,0.0,0.0,11.9,-1.0,-1.8369701987210297e-16,-0.2636654927280072,-0.9646141756912435
2025-07-17 19:00:00+00:00,22.083333015441895,97.83333333333333,324.75,25.153884007528582,75.42625100887813,2.136985474339024,0.0,21.2,96,0.0,0.0,12.6,-0.9659258262890684,0.2588190451025203,-0.2636654927280072,-0.9646141756912435
2025-07-17 20:00:00+00:00,23.22500006357829,96.0,324.3333333333333,25.159274779630984,75.3966236211999,2.138619856902403,0.0,21.5,95,13.0,0.0,12.2,-0.8660254037844386,0.5000000000000001,-0.2636654927280072,-0.9646141756912435
2025-07-17 21:00:00+00:00,24.166666825612385,92.33333333333333,314.5,25.164665551733385,75.36699623352166,2.140254239465782,0.0,22.7,91,122.0,0.0,11.4,-0.7071067811865477,0.7071067811865474,-0.2636654927280072,-0.9646141756912435
2025-07-17 22:00:00+00:00,25.708333174387615,88.91666666666667,309.6666666666667,25.17005632383579,75.33736884584341,2.1418886220291604,0.0,24.6,85,292.0,0.0,18.1,-0.5000000000000004,0.8660254037844384,-0.2636654927280072,-0.9646141756912435
2025-07-17 23:00:00+00:00,27.28333346048991,84.83333333333333,304.4166666666667,25.175447095938193,75.30774145816518,2.1435230045925393,0.0,25.8,81,409.0,0.0,18.0,-0.25881904510252157,0.9659258262890681,-0.2636654927280072,-0.9646141756912435
2025-07-18 00:00:00+00:00,28.766666412353516,81.83333333333333,307.4166666666667,25.180837868040598,75.27811407048695,2.145157387155918,0.0,26.8,79,472.0,0.0,17.5,0.0,1.0,-0.2802306751992161,-0.9599326896597445
2025-07-18 01:00:00+00:00,29.583333333333332,79.0,309.0833333333333,25.186228640143,75.24848668280872,2.146791769719297,0.0,26.0,87,369.0,1.0,17.2,0.25881904510252074,0.9659258262890683,-0.2802306751992161,-0.9599326896597445
2025-07-18 02:00:00+00:00,29.741666793823242,78.16666666666667,305.6666666666667,25.1916194122454,75.21885929513047,2.148426152282676,0.0,26.4,86,362.0,0.1,13.9,0.49999999999999994,0.8660254037844387,-0.2802306751992161,-0.9599326896597445
2025-07-18 03:00:00+00:00,30.50000015894572,76.25,308.6666666666667,25.197010184347807,75.18923190745224,2.1500605348460544,0.0,28.5,74,729.0,0.0,17.5,0.7071067811865475,0.7071067811865476,-0.2802306751992161,-0.9599326896597445
2025-07-18 04:00:00+00:00,28.816667079925537,81.41666666666667,296.75,25.20240095645021,75.159604519774,2.1516949174094333,0.0,28.1,75,653.0,0.2,18.9,0.8660254037844386,0.5000000000000001,-0.2802306751992161,-0.9599326896597445
2025-07-18 05:00:00+00:00,28.224999745686848,83.0,295.4166666666667,25.207791728552614,75.12997713209577,2.153329299972812,0.0,26.8,80,382.0,0.2,16.6,0.9659258262890683,0.25881904510252074,-0.2802306751992161,-0.9599326896597445
2025-07-18 06:00:00+00:00,28.016666730244953,85.83333333333333,300.1666666666667,25.213182500655016,75.10034974441754,2.154963682536191,0.0,26.7,81,299.0,0.1,14.2,1.0,6.123233995736766e-17,-0.2802306751992161,-0.9599326896597445
2025-07-18 07:00:00+00:00,27.89999993642171,90.0,298.9166666666667,25.218573272757418,75.07072235673931,2.15659806509957,0.0,27.2,80,439.0,0.1,15.5,0.9659258262890683,-0.25881904510252063,-0.2802306751992161,-0.9599326896597445
2025-07-18 08:00:00+00:00,27.5,96.25,313.8333333333333,25.223964044859823,75.04109496906106,2.158232447662949,0.0,26.2,83,231.0,0.0,17.1,0.8660254037844387,-0.4999999999999998,-0.2802306751992161,-0.9599326896597445
2025-07-18 09:00:00+00:00,25.875,99.58333333333333,381.5833333333333,25.229354816962225,75.01146758138283,2.1598668302263277,0.0,25.5,85,144.0,0.0,15.6,0.7071067811865476,-0.7071067811865475,-0.2802306751992161,-0.9599326896597445
2025-07-18 10:00:00+00:00,24.833333333333332,100.0,460.3333333333333,25.23474558906463,74.9818401937046,2.161501212789706,0.0,24.6,88,39.0,0.0,14.1,0.49999999999999994,-0.8660254037844387,-0.2802306751992161,-0.9599326896597445
2025-07-18 11:00:00+00:00,24.458333174387615,100.0,505.75,25.240136361167032,74.95221280602637,2.163135595353085,0.0,24.1,89,0.0,0.0,13.4,0.258819045102521,-0.9659258262890682,-0.2802306751992161,-0.9599326896597445
2025-07-18 12:00:00+00:00,24.241666793823242,100.0,538.4166666666666,25.245527133269434,74.92258541834812,2.164769977916464,0.0,23.8,92,0.0,1.2,12.9,1.2246467991473532e-16,-1.0,-0.2802306751992161,-0.9599326896597445
2025-07-18 13:00:00+00:00,24.11666711171468,100.0,574.25,25.25091790537184,74.89295803066989,2.166404360479843,0.0,23.2,97,0.0,0.3,14.4,-0.2588190451025208,-0.9659258262890683,-0.2802306751992161,-0.9599326896597445
2025-07-18 14:00:00+00:00,23.908332983652752,100.0,600.4166666666666,25.25630867747424,74.86333064299166,2.1680387430432217,0.0,22.6,98,0.0,0.0,14.7,-0.4999999999999997,-0.8660254037844388,-0.2802306751992161,-0.9599326896597445
2025-07-18 15:00:00+00:00,23.725000381469727,100.0,603.0833333333334,25.261699449576643,74.83370325531342,2.1696731256066006,0.0,22.5,97,0.0,0.4,14.7,-0.7071067811865471,-0.7071067811865479,-0.2802306751992161,-0.9599326896597445
2025-07-18 16:00:00+00:00,23.449999809265137,100.0,597.4166666666666,25.267090221679048,74.80407586763519,2.1713075081699795,0.0,22.2,97,0.0,0.2,14.6,-0.8660254037844384,-0.5000000000000004,-0.2802306751992161,-0.9599326896597445
2025-07-18 17:00:00+00:00,23.333332856496174,100.0,592.5,25.27248099378145,74.77444847995694,2.172941890733358,0.0,22.0,97,0.0,2.0,16.7,-0.9659258262890683,-0.25881904510252063,-0.2802306751992161,-0.9599326896597445
2025-07-18 18:00:00+00:00,23.191667079925537,100.0,585.9166666666666,25.27787176588385,74.74482109227871,2.174576273296737,0.0,21.4,96,0.0,0.2,18.3,-1.0,-1.8369701987210297e-16,-0.2802306751992161,-0.9599326896597445
2025-07-18 19:00:00+00:00,22.725000222524006,100.0,477.75,25.283262537986257,74.71519370460048,2.1762106558601158,0.0,21.4,96,0.0,1.4,18.2,-0.9659258262890684,0.2588190451025203,-0.2802306751992161,-0.9599326896597445
2025-07-18 20:00:00+00:00,22.641666571299236,100.0,334.1666666666667,25.28865331008866,74.68556631692225,2.1778450384234946,0.0,21.1,97,4.0,4.4,15.2,-0.8660254037844386,0.5000000000000001,-0.2802306751992161,-0.9599326896597445
2025-07-18 21:00:00+00:00,23.41666618982951,100.0,356.5,25.294044082191064,74.65593892924402,2.1794794209868735,0.0,21.0,98,11.0,3.9,19.1,-0.7071067811865477,0.7071067811865474,-0.2802306751992161,-0.9599326896597445
2025-07-18 22:00:00+00:00,24.850000222524006,100.0,349.0,25.299434854293466,74.62631154156577,2.181113803550252,0.0,21.2,98,45.0,2.4,16.7,-0.5000000000000004,0.8660254037844384,-0.2802306751992161,-0.9599326896597445
2025-07-18 23:00:00+00:00,26.27499993642171,100.0,277.0833333333333,25.304825626395868,74.59668415388754,2.1827481861136313,0.0,21.4,98,41.0,2.6,15.1,-0.25881904510252157,0.9659258262890681,-0.2802306751992161,-0.9599326896597445
2025-07-19 00:00:00+00:00,26.616666475931805,98.91666666666667,270.1666666666667,25.310216398498273,74.5670567662093,2.1843825686770098,0.0,22.1,96,71.0,0.0,14.2,0.0,1.0,-0.2967128192734901,-0.9549667548552553
2025-07-19 01:00:00+00:00,27.80833355585734,95.16666666666667,304.0,25.315607170600675,74.53742937853107,2.1860169512403886,0.0,24.4,92,207.0,0.0,14.1,0.25881904510252074,0.9659258262890683,-0.2967128192734901,-0.9549667548552553
2025-07-19 02:00:00+00:00,29.03333330154419,87.33333333333333,308.3333333333333,25.32099794270308,74.50780199085284,2.1876513338037675,0.0,26.0,87,339.0,0.0,13.5,0.49999999999999994,0.8660254037844387,-0.2967128192734901,-0.9549667548552553
2025-07-19 03:00:00+00:00,29.449999968210857,85.75,306.5833333333333,25.326388714805482,74.4781746031746,2.1892857163671464,0.0,26.9,82,383.0,0.0,12.4,0.7071067811865475,0.7071067811865476,-0.2967128192734901,-0.9549667548552553
2025-07-19 04:00:00+00:00,29.0,85.83333333333333,296.5,25.331779486907884,74.44854721549636,2.1909200989305253,0.0,28.1,73,562.0,0.0,13.4,0.8660254037844386,0.5000000000000001,-0.2967128192734901,-0.9549667548552553
2025-07-19 05:00:00+00:00,28.616666475931805,89.25,292.0833333333333,25.33717025901029,74.41891982781813,2.1925544814939038,0.0,27.5,75,355.0,0.0,13.0,0.9659258262890683,0.25881904510252074,-0.2967128192734901,-0.9549667548552553
2025-07-19 06:00:00+00:00,27.99166663487752,93.58333333333333,294.9166666666667,25.34256103111269,74.3892924401399,2.1941888640572826,0.0,26.8,80,234.0,0.0,12.6,1.0,6.123233995736766e-17,-0.2967128192734901,-0.9549667548552553
2025-07-19 07:00:00+00:00,27.9416667620341,94.66666666666667,296.0833333333333,25.347951803215096,74.35966505246166,2.1958232466206615,0.0,26.1,84,156.0,0.0,11.6,0.9659258262890683,-0.25881904510252063,-0.2967128192734901,-0.9549667548552553
2025-07-19 08:00:00+00:00,27.416666666666668,98.58333333333333,308.9166666666667,25.353342575317498,74.33003766478342,2.1974576291840404,0.0,25.5,85,113.0,0.0,12.8,0.8660254037844387,-0.4999999999999998,-0.2967128192734901,-0.9549667548552553
2025-07-19 09:00:00+00:00,26.516666571299236,100.0,369.3333333333333,25.3587333474199,74.30041027710519,2.1990920117474193,0.0,24.8,85,54.0,0.0,13.9,0.7071067811865476,-0.7071067811865475,-0.2967128192734901,-0.9549667548552553
2025-07-19 10:00:00+00:00,25.625,100.0,426.25,25.364124119522305,74.27078288942695,2.200726394310798,0.0,23.7,90,14.0,3.9,11.7,0.49999999999999994,-0.8660254037844387,-0.2967128192734901,-0.9549667548552553
2025-07-19 11:00:00+00:00,24.69166660308838,100.0,462.0833333333333,25.369514891624707,74.24115550174872,2.202360776874177,0.0,22.9,94,0.0,1.1,12.3,0.258819045102521,-0.9659258262890682,-0.2967128192734901,-0.9549667548552553
2025-07-19 12:00:00+00:00,24.29166618982951,100.0,487.0,25.374905663727112,74.21152811407049,2.2039951594375555,0.0,22.6,93,0.0,0.0,12.7,1.2246467991473532e-16,-1.0,-0.2967128192734901,-0.9549667548552553
2025-07-19 13:00:00+00:00,24.224999745686848,100.0,514.8333333333334,25.380296435829514,74.18190072639224,2.2056295420009344,0.0,22.8,96,0.0,0.1,16.4,-0.2588190451025208,-0.9659258262890683,-0.2967128192734901,-0.9549667548552553
2025-07-19 14:00:00+00:00,24.00833336512248,100.0,522.4166666666666,25.385687207931916,74.15227333871401,2.2072639245643133,0.0,22.0,96,0.0,0.1,15.2,-0.4999999999999997,-0.8660254037844388,-0.2967128192734901,-0.9549667548552553
2025-07-19 15:00:00+00:00,23.641666730244953,100.0,522.6666666666666,25.39107798003432,74.12264595103578,2.208898307127692,0.0,21.5,97,0.0,0.5,13.6,-0.7071067811865471,-0.7071067811865479,-0.2967128192734901,-0.9549667548552553
2025-07-19 16:00:00+00:00,23.541666825612385,100.0,522.9166666666666,25.396468752136723,74.09301856335755,2.210532689691071,0.0,21.6,98,0.0,0.4,12.6,-0.8660254037844384,-0.5000000000000004,-0.2967128192734901,-0.9549667548552553
2025-07-19 17:00:00+00:00,22.666666666666668,99.83333333333333,409.0833333333333,25.401859524239125,74.06339117567931,2.2121670722544495,0.0,21.9,98,0.0,0.1,15.1,-0.9659258262890683,-0.25881904510252063,-0.2967128192734901,-0.9549667548552553
2025-07-19 18:00:00+00:00,22.59166653951009,99.5,340.5,25.40725029634153,74.03376378800107,2.213801454817829,0.0,21.6,98,0.0,0.5,13.5,-1.0,-1.8369701987210297e-16,-0.2967128192734901,-0.9549667548552553
2025-07-19 19:00:00+00:00,22.925000031789143,100.0,380.8333333333333,25.412641068443932,74.00413640032284,2.2154358373812073,0.0,21.5,98,0.0,0.7,13.9,-0.9659258262890684,0.2588190451025203,-0.2967128192734901,-0.9549667548552553
2025-07-19 20:00:00+00:00,23.358333269755047,100.0,360.1666666666667,25.418031840546334,73.9745090126446,2.217070219944586,0.0,21.5,98,2.0,0.6,13.0,-0.8660254037844386,0.5000000000000001,-0.2967128192734901,-0.9549667548552553
2025-07-19 21:00:00+00:00,23.833333492279053,99.83333333333333,341.6666666666667,25.42342261264874,73.94488162496637,2.218704602507965,0.0,21.5,98,13.0,0.5,11.7,-0.7071067811865477,0.7071067811865474,-0.2967128192734901,-0.9549667548552553
2025-07-19 22:00:00+00:00,25.84999990463257,95.25,324.1666666666667,25.42881338475114,73.91525423728814,2.220338985071344,0.0,22.0,98,59.0,0.0,13.9,-0.5000000000000004,0.8660254037844384,-0.2967128192734901,-0.9549667548552553
2025-07-19 23:00:00+00:00,28.77500009536743,86.0,306.25,25.434204156853546,73.88562684960989,2.221973367634723,0.0,22.7,95,117.0,0.0,15.7,-0.25881904510252157,0.9659258262890681,-0.2967128192734901,-0.9549667548552553
2025-07-20 00:00:00+00:00,28.458333174387615,84.75,301.3333333333333,25.439594928955948,73.85599946193166,2.2236077501981013,0.0,24.6,87,306.0,0.0,16.0,0.0,1.0,-0.3131070409358267,-0.9497178427914317
2025-07-20 01:00:00+00:00,30.00000015894572,86.25,299.4166666666667,25.44498570105835,73.82637207425343,2.22524213276148,0.0,27.3,79,486.0,0.0,11.7,0.25881904510252074,0.9659258262890683,-0.3131070409358267,-0.9497178427914317
2025-07-20 02:00:00+00:00,30.39999993642171,96.08333333333333,229.16666666666666,25.450376473160755,73.7967446865752,2.226876515324859,0.0,27.9,76,378.0,0.0,10.1,0.49999999999999994,0.8660254037844387,-0.3131070409358267,-0.9497178427914317
2025-07-20 03:00:00+00:00,30.50000015894572,94.0,204.66666666666666,25.455767245263157,73.76711729889695,2.228510897888238,0.0,27.8,75,278.0,0.0,10.7,0.7071067811865475,0.7071067811865476,-0.3131070409358267,-0.9497178427914317
2025-07-20 04:00:00+00:00,30.733333587646484,83.08333333333333,310.5833333333333,25.461158017365563,73.73748991121872,2.230145280451617,0.0,28.5,72,484.0,0.1,11.9,0.8660254037844386,0.5000000000000001,-0.3131070409358267,-0.9497178427914317
2025-07-20 05:00:00+00:00,29.22499990463257,85.66666666666667,299.25,25.466548789467964,73.70786252354048,2.2317796630149958,0.0,28.7,69,548.0,0.0,13.3,0.9659258262890683,0.25881904510252074,-0.3131070409358267,-0.9497178427914317
2025-07-20 06:00:00+00:00,28.94166660308838,84.33333333333333,299.0833333333333,25.471939561570366,73.67823513586225,2.2334140455783746,0.0,28.7,68,575.0,0.0,12.7,1.0,6.123233995736766e-17,-0.3131070409358267,-0.9497178427914317
2025-07-20 07:00:00+00:00,28.133333524068195,84.16666666666667,301.4166666666667,25.47733033367277,73.64860774818402,2.235048428141753,0.0,28.1,70,425.0,0.0,13.0,0.9659258262890683,-0.25881904510252063,-0.3131070409358267,-0.9497178427914317
2025-07-20 08:00:00+00:00,27.99166711171468,86.25,302.8333333333333,25.482721105775173,73.61898036050579,2.236682810705132,0.0,27.2,76,266.0,0.0,12.4,0.8660254037844387,-0.4999999999999998,-0.3131070409358267,-0.9497178427914317
2025-07-20 09:00:00+00:00,26.483333269755047,95.75,316.9166666666667,25.48811187787758,73.58935297282754,2.238317193268511,0.0,26.4,82,137.0,0.0,10.7,0.7071067811865476,-0.7071067811865475,-0.3131070409358267,-0.9497178427914317
2025-07-20 10:00:00+00:00,25.016666412353516,97.83333333333333,338.25,25.49350264997998,73.55972558514931,2.2399515758318898,0.0,24.8,87,40.0,0.0,12.6,0.49999999999999994,-0.8660254037844387,-0.3131070409358267,-0.9497178427914317
2025-07-20 11:00:00+00:00,24.483333428700764,98.5,347.25,25.498893422082382,73.53009819747108,2.2415859583952686,0.0,23.6,90,0.0,0.0,13.7,0.258819045102521,-0.9659258262890682,-0.3131070409358267,-0.9497178427914317
2025-07-20 12:00:00+00:00,23.933333079020183,99.41666666666667,352.0,25.504284194184788,73.50047080979284,2.243220340958647,0.0,23.0,91,0.0,0.0,12.2,1.2246467991473532e-16,-1.0,-0.3131070409358267,-0.9497178427914317
2025-07-20 13:00:00+00:00,23.416666348775227,99.5,349.5,25.50967496628719,73.4708434221146,2.2448547235220264,0.0,23.4,89,0.0,0.0,11.3,-0.2588190451025208,-0.9659258262890683,-0.3131070409358267,-0.9497178427914317
2025-07-20 14:00:00+00:00,23.24166663487752,100.0,351.9166666666667,25.515065738389595,73.44121603443637,2.246489106085405,0.0,23.2,89,0.0,0.0,11.9,-0.4999999999999997,-0.8660254037844388,-0.3131070409358267,-0.9497178427914317
2025-07-20 15:00:00+00:00,23.12500015894572,99.83333333333333,344.6666666666667,25.520456510491996,73.41158864675813,2.2481234886487838,0.0,22.9,91,0.0,0.0,11.2,-0.7071067811865471,-0.7071067811865479,-0.3131070409358267,-0.9497178427914317
2025-07-20 16:00:00+00:00,23.641666889190674,100.0,353.0,25.5258472825944,73.3819612590799,2.2497578712121626,0.0,22.5,93,0.0,0.0,10.4,-0.8660254037844384,-0.5000000000000004,-0.3131070409358267,-0.9497178427914317
2025-07-20 17:00:00+00:00,23.28333330154419,98.08333333333333,341.4166666666667,25.531238054696804,73.35233387140167,2.2513922537755415,0.0,22.2,95,0.0,0.0,10.4,-0.9659258262890683,-0.25881904510252063,-0.3131070409358267,-0.9497178427914317
2025-07-20 18:00:00+00:00,22.758333206176758,98.41666666666667,334.0,25.536628826799205,73.32270648372344,2.2530266363389204,0.0,22.3,95,0.0,0.0,11.3,-1.0,-1.8369701987210297e-16,-0.3131070409358267,-0.9497178427914317
2025-07-20 19:00:00+00:00,22.766666730244953,98.91666666666667,337.25,25.542019598901607,73.29307909604519,2.254661018902299,0.0,22.2,95,0.0,0.0,11.9,-0.9659258262890684,0.2588190451025203,-0.3131070409358267,-0.9497178427914317
2025-07-20 20:00:00+00:00,23.899999777475994,96.58333333333333,334.8333333333333,25.547410371004013,73.26345170836696,2.2562954014656778,0.0,22.5,94,16.0,0.0,12.6,-0.8660254037844386,0.5000000000000001,-0.3131070409358267,-0.9497178427914317
2025-07-20 21:00:00+00:00,26.549999872843426,90.16666666666667,321.9166666666667,25.552801143106414,73.23382432068873,2.2579297840290566,0.0,23.7,91,114.0,0.0,12.6,-0.7071067811865477,0.7071067811865474,-0.3131070409358267,-0.9497178427914317
2025-07-20 22:00:00+00:00,28.583333174387615,84.5,310.9166666666667,25.55819191520882,73.2041969330105,2.2595641665924355,0.0,25.4,85,248.0,0.0,11.2,-0.5000000000000004,0.8660254037844384,-0.3131070409358267,-0.9497178427914317
2025-07-20 23:00:00+00:00,31.666666825612385,78.25,314.9166666666667,25.56358268731122,73.17456954533225,2.2611985491558144,0.0,26.5,80,375.0,0.0,13.8,-0.25881904510252157,0.9659258262890681,-0.3131070409358267,-0.9497178427914317
2025-07-21 00:00:00+00:00,31.250000317891438,77.83333333333333,311.4166666666667,25.568973459413623,73.14494215765401,2.2628329317191933,0.0,27.1,77,406.0,0.0,14.1,0.0,1.0,-0.3294084822245302,-0.9441875088341994
2025-07-21 01:00:00+00:00,31.37499984105428,75.16666666666667,314.5833333333333,25.57436423151603,73.11531476997578,2.264467314282572,0.0,28.8,72,534.0,0.0,12.4,0.25881904510252074,0.9659258262890683,-0.3294084822245302,-0.9441875088341994
2025-07-21 02:00:00+00:00,32.52499977747599,73.75,319.4166666666667,25.57975500361843,73.08568738229755,2.2661016968459506,0.0,29.9,68,768.0,0.0,14.7,0.49999999999999994,0.8660254037844387,-0.3294084822245302,-0.9441875088341994
2025-07-21 03:00:00+00:00,32.2416664759318,73.33333333333333,321.1666666666667,25.585145775720832,73.05605999461932,2.2677360794093295,0.0,30.1,65,778.0,0.0,16.3,0.7071067811865475,0.7071067811865476,-0.3294084822245302,-0.9441875088341994
2025-07-21 04:00:00+00:00,32.458333015441895,71.08333333333333,319.9166666666667,25.590536547823238,73.02643260694109,2.2693704619727084,0.0,30.2,65,691.0,0.0,15.5,0.8660254037844386,0.5000000000000001,-0.3294084822245302,-0.9441875088341994
2025-07-21 05:00:00+00:00,31.874999523162842,72.33333333333333,316.3333333333333,25.59592731992564,72.99680521926284,2.2710048445360873,0.0,30.8,62,713.0,0.0,15.4,0.9659258262890683,0.25881904510252074,-0.3294084822245302,-0.9441875088341994
2025-07-21 06:00:00+00:00,30.324999968210857,74.83333333333333,306.0833333333333,25.601318092028045,72.9671778315846,2.272639227099466,0.0,30.4,63,601.0,0.0,15.0,1.0,6.123233995736766e-17,-0.3294084822245302,-0.9441875088341994
2025-07-21 07:00:00+00:00,29.275000254313152,76.91666666666667,302.1666666666667,25.606708864130447,72.93755044390637,2.2742736096628446,0.0,30.0,64,438.0,0.0,13.3,0.9659258262890683,-0.25881904510252063,-0.3294084822245302,-0.9441875088341994
2025-07-21 08:00:00+00:00,29.175000031789143,82.0,307.0,25.61209963623285,72.90792305622814,2.275907992226224,0.0,29.4,68,294.0,0.0,11.3,0.8660254037844387,-0.4999999999999998,-0.3294084822245302,-0.9441875088341994
2025-07-21 09:00:00+00:00,28.30833339691162,94.41666666666667,323.5833333333333,25.617490408335254,72.8782956685499,2.2775423747896024,0.0,27.9,76,145.0,0.0,11.9,0.7071067811865476,-0.7071067811865475,-0.3294084822245302,-0.9441875088341994
2025-07-21 10:00:00+00:00,27.416666507720947,100.0,388.4166666666667,25.622881180437656,72.84866828087166,2.2791767573529813,0.0,26.6,80,33.0,0.0,12.9,0.49999999999999994,-0.8660254037844387,-0.3294084822245302,-0.9441875088341994
2025-07-21 11:00:00+00:00,26.541666348775227,100.0,453.1666666666667,25.62827195254006,72.81904089319343,2.28081113991636,0.0,25.4,84,0.0,0.0,14.1,0.258819045102521,-0.9659258262890682,-0.3294084822245302,-0.9441875088341994
2025-07-21 12:00:00+00:00,26.041666666666668,100.0,495.1666666666667,25.633662724642463,72.7894135055152,2.282445522479739,0.0,24.2,88,0.0,0.0,14.6,1.2246467991473532e-16,-1.0,-0.3294084822245302,-0.9441875088341994
2025-07-21 13:00:00+00:00,25.583333492279053,100.0,523.9166666666666,25.639053496744864,72.75978611783697,2.284079905043118,0.0,23.6,90,0.0,0.0,15.0,-0.2588190451025208,-0.9659258262890683,-0.3294084822245302,-0.9441875088341994
2025-07-21 14:00:00+00:00,25.075000127156574,100.0,533.4166666666666,25.64444426884727,72.73015873015873,2.2857142876064964,0.0,23.4,92,0.0,0.0,15.1,-0.4999999999999997,-0.8660254037844388,-0.3294084822245302,-0.9441875088341994
2025-07-21 15:00:00+00:00,24.608333428700764,100.0,547.9166666666666,25.64983504094967,72.70053134248049,2.2873486701698753,0.0,23.4,94,0.0,0.0,14.8,-0.7071067811865471,-0.7071067811865479,-0.3294084822245302,-0.9441875088341994
2025-07-21 16:00:00+00:00,24.34166669845581,100.0,556.5833333333334,25.655225813052077,72.67090395480226,2.288983052733254,0.0,23.1,96,0.0,0.0,14.1,-0.8660254037844384,-0.5000000000000004,-0.3294084822245302,-0.9441875088341994
2025-07-21 17:00:00+00:00,23.233333269755047,99.75,415.8333333333333,25.66061658515448,72.64127656712402,2.290617435296633,0.0,22.9,97,0.0,0.0,13.7,-0.9659258262890683,-0.25881904510252063,-0.3294084822245302,-0.9441875088341994
2025-07-21 18:00:00+00:00,23.091667016347248,99.0,333.5833333333333,25.66600735725688,72.61164917944579,2.292251817860012,0.0,22.5,98,0.0,0.0,13.6,-1.0,-1.8369701987210297e-16,-0.3294084822245302,-0.9441875088341994
2025-07-21 19:00:00+00:00,23.15000041325887,99.0,339.9166666666667,25.671398129359286,72.58202179176754,2.293886200423391,0.0,22.5,97,0.0,0.0,12.2,-0.9659258262890684,0.2588190451025203,-0.3294084822245302,-0.9441875088341994
2025-07-21 20:00:00+00:00,23.916666666666668,97.66666666666667,342.1666666666667,25.676788901461688,72.55239440408931,2.2955205829867698,0.0,22.8,96,15.0,0.0,10.6,-0.8660254037844386,0.5000000000000001,-0.3294084822245302,-0.9441875088341994
2025-07-21 21:00:00+00:00,26.741666793823242,90.75,324.4166666666667,25.68217967356409,72.52276701641108,2.297154965550148,0.0,24.1,92,112.0,0.0,10.8,-0.7071067811865477,0.7071067811865474,-0.3294084822245302,-0.9441875088341994
2025-07-21 22:00:00+00:00,29.300000190734863,82.33333333333333,311.0,25.687570445666495,72.49313962873285,2.298789348113527,0.0,25.6,87,258.0,0.0,11.8,-0.5000000000000004,0.8660254037844384,-0.3294084822245302,-0.9441875088341994
2025-07-21 23:00:00+00:00,30.808333079020183,80.0,307.25,25.692961217768897,72.46351224105462,2.300423730676906,0.0,27.2,79,456.0,0.0,13.2,-0.25881904510252157,0.9659258262890681,-0.3294084822245302,-0.9441875088341994
2025-07-22 00:00:00+00:00,32.55833371480306,73.91666666666667,316.25,25.698351989871302,72.43388485337638,2.302058113240285,0.0,28.5,72,557.0,0.1,13.1,0.0,1.0,-0.3456123126707333,-0.9383773917408642
2025-07-22 01:00:00+00:00,33.40000025431315,72.75,325.6666666666667,25.703742761973704,72.40425746569814,2.3036924958036638,0.0,30.0,67,668.0,0.1,14.3,0.25881904510252074,0.9659258262890683,-0.3456123126707333,-0.9383773917408642
2025-07-22 02:00:00+00:00,33.17500019073486,69.08333333333333,320.5833333333333,25.709133534076106,72.3746300780199,2.3053268783670426,0.0,30.9,62,656.0,0.0,14.0,0.49999999999999994,0.8660254037844387,-0.3456123126707333,-0.9383773917408642
2025-07-22 03:00:00+00:00,31.200000127156574,73.08333333333333,302.5833333333333,25.71452430617851,72.34500269034167,2.3069612609304215,0.0,31.6,59,770.0,0.1,14.3,0.7071067811865475,0.7071067811865476,-0.3456123126707333,-0.9383773917408642
2025-07-22 04:00:00+00:00,32.55000034968058,70.0,312.75,25.719915078280913,72.31537530266344,2.3085956434938,0.0,31.8,58,750.0,0.3,13.2,0.8660254037844386,0.5000000000000001,-0.3456123126707333,-0.9383773917408642
2025-07-22 05:00:00+00:00,31.02499993642171,72.0,303.9166666666667,25.725305850383315,72.2857479149852,2.310230026057179,0.0,31.6,59,687.0,0.1,10.3,0.9659258262890683,0.25881904510252074,-0.3456123126707333,-0.9383773917408642
2025-07-22 06:00:00+00:00,30.266666571299236,74.08333333333333,300.0,25.73069662248572,72.25612052730696,2.3118644086205578,0.0,30.9,62,524.0,0.0,7.6,1.0,6.123233995736766e-17,-0.3456123126707333,-0.9383773917408642
2025-07-22 07:00:00+00:00,30.674999872843426,73.5,300.6666666666667,25.73608739458812,72.22649313962873,2.3134987911839366,0.0,29.5,71,447.0,0.9,5.1,0.9659258262890683,-0.25881904510252063,-0.3456123126707333,-0.9383773917408642
2025-07-22 08:00:00+00:00,29.49999984105428,75.25,299.3333333333333,25.741478166690527,72.1968657519505,2.3151331737473155,0.0,28.6,79,278.0,0.6,3.1,0.8660254037844387,-0.4999999999999998,-0.3456123126707333,-0.9383773917408642
2025-07-22 09:00:00+00:00,28.35000006357829,86.75,310.3333333333333,25.74686893879293,72.16723836427227,2.316767556310694,0.0,27.9,85,139.0,1.1,3.9,0.7071067811865476,-0.7071067811865475,-0.3456123126707333,-0.9383773917408642
2025-07-22 10:00:00+00:00,27.541666348775227,99.41666666666667,373.6666666666667,25.75225971089533,72.13761097659402,2.3184019388740733,0.0,26.9,89,32.0,0.0,8.7,0.49999999999999994,-0.8660254037844387,-0.3456123126707333,-0.9383773917408642
2025-07-22 11:00:00+00:00,27.21666669845581,100.0,454.5,25.757650482997736,72.10798358891579,2.3200363214374518,0.0,26.1,86,0.0,0.0,9.7,0.258819045102521,-0.9659258262890682,-0.3456123126707333,-0.9383773917408642
2025-07-22 12:00:00+00:00,26.908332983652752,100.0,507.4166666666667,25.763041255100138,72.07835620123755,2.3216707040008306,0.0,25.4,87,0.0,0.0,9.0,1.2246467991473532e-16,-1.0,-0.3456123126707333,-0.9383773917408642
2025-07-22 13:00:00+00:00,26.483333587646484,100.0,541.5,25.768432027202543,72.04872881355932,2.3233050865642095,0.0,25.6,83,0.0,0.0,12.5,-0.2588190451025208,-0.9659258262890683,-0.3456123126707333,-0.9383773917408642
2025-07-22 14:00:00+00:00,25.958333333333332,100.0,573.25,25.773822799304945,72.01910142588109,2.3249394691275884,0.0,25.6,83,0.0,0.0,13.3,-0.4999999999999997,-0.8660254037844388,-0.3456123126707333,-0.9383773917408642
2025-07-22 15:00:00+00:00,25.366666475931805,100.0,603.5,25.779213571407347,71.98947403820284,2.3265738516909673,0.0,25.5,85,0.0,0.0,11.7,-0.7071067811865471,-0.7071067811865479,-0.3456123126707333,-0.9383773917408642
2025-07-22 16:00:00+00:00,24.77500009536743,100.0,632.0833333333334,25.784604343509752,71.95984665052461,2.3282082342543458,0.0,25.0,87,0.0,0.0,8.7,-0.8660254037844384,-0.5000000000000004,-0.3456123126707333,-0.9383773917408642
2025-07-22 17:00:00+00:00,23.666666825612385,99.58333333333333,471.9166666666667,25.789995115612154,71.93021926284638,2.3298426168177246,0.0,24.6,89,0.0,0.0,7.3,-0.9659258262890683,-0.25881904510252063,-0.3456123126707333,-0.9383773917408642
2025-07-22 18:00:00+00:00,23.241666952768963,100.0,342.25,25.79538588771456,71.90059187516815,2.3314769993811035,0.0,23.5,94,0.0,0.0,2.7,-1.0,-1.8369701987210297e-16,-0.3456123126707333,-0.9383773917408642
2025-07-22 19:00:00+00:00,23.041666825612385,99.91666666666667,349.0833333333333,25.80077665981696,71.87096448748991,2.3331113819444824,0.0,22.9,96,0.0,0.0,3.5,-0.9659258262890684,0.2588190451025203,-0.3456123126707333,-0.9383773917408642
2025-07-22 20:00:00+00:00,24.00833336512248,98.75,339.75,25.806167431919363,71.84133709981167,2.3347457645078613,0.0,22.9,96,16.0,0.0,5.1,-0.8660254037844386,0.5000000000000001,-0.3456123126707333,-0.9383773917408642
2025-07-22 21:00:00+00:00,26.741666475931805,91.41666666666667,326.4166666666667,25.811558204021768,71.81170971213344,2.33638014707124,0.0,24.6,88,133.0,0.0,3.2,-0.7071067811865477,0.7071067811865474,-0.3456123126707333,-0.9383773917408642
2025-07-22 22:00:00+00:00,30.083333333333332,81.58333333333333,314.5,25.81694897612417,71.7820823244552,2.338014529634619,0.0,26.0,83,305.0,0.0,1.9,-0.5000000000000004,0.8660254037844384,-0.3456123126707333,-0.9383773917408642
2025-07-22 23:00:00+00:00,32.53333330154419,74.58333333333333,311.1666666666667,25.82233974822657,71.75245493677697,2.3396489121979975,0.0,27.4,78,483.0,0.0,3.9,-0.25881904510252157,0.9659258262890681,-0.3456123126707333,-0.9383773917408642
2025-07-23 00:00:00+00:00,33.50833288828532,70.25,319.6666666666667,25.827730520328977,71.72282754909874,2.3412832947613764,0.0,29.0,71,650.0,0.0,4.4,0.0,1.0,-0.3617137307297674,-0.9322892131745134
2025-07-23 01:00:00+00:00,34.43333339691162,68.66666666666667,320.1666666666667,25.83312129243138,71.69320016142049,2.3429176773247553,0.0,30.6,61,674.0,0.0,4.3,0.25881904510252074,0.9659258262890683,-0.3617137307297674,-0.9322892131745134
2025-07-23 02:00:00+00:00,34.62499968210856,66.33333333333333,324.5833333333333,25.838512064533784,71.66357277374226,2.344552059888134,0.0,31.6,57,793.0,0.0,4.7,0.49999999999999994,0.8660254037844387,-0.3617137307297674,-0.9322892131745134
2025-07-23 03:00:00+00:00,35.59166685740153,64.75,333.0833333333333,25.843902836636186,71.63394538606403,2.346186442451513,0.0,32.7,51,877.0,0.0,4.7,0.7071067811865475,0.7071067811865476,-0.3617137307297674,-0.9322892131745134
2025-07-23 04:00:00+00:00,33.06666628519694,69.91666666666667,318.6666666666667,25.849293608738588,71.6043179983858,2.3478208250148915,0.0,33.3,47,850.0,0.0,6.7,0.8660254037844386,0.5000000000000001,-0.3617137307297674,-0.9322892131745134
2025-07-23 05:00:00+00:00,33.208333333333336,68.83333333333333,314.3333333333333,25.854684380840993,71.57469061070756,2.349455207578271,0.0,33.2,46,714.0,0.0,8.1,0.9659258262890683,0.25881904510252074,-0.3617137307297674,-0.9322892131745134
2025-07-23 06:00:00+00:00,31.933333079020183,68.91666666666667,299.75,25.860075152943395,71.54506322302932,2.3510895901416493,0.0,32.5,51,530.0,0.0,9.8,1.0,6.123233995736766e-17,-0.3617137307297674,-0.9322892131745134
2025-07-23 07:00:00+00:00,32.166666189829506,68.83333333333333,300.8333333333333,25.865465925045797,71.51543583535108,2.352723972705028,0.0,31.4,58,401.0,0.0,11.6,0.9659258262890683,-0.25881904510252063,-0.3617137307297674,-0.9322892131745134
2025-07-23 08:00:00+00:00,30.60000006357829,71.08333333333333,300.1666666666667,25.870856697148202,71.48580844767285,2.354358355268407,0.0,30.7,60,304.0,0.0,8.9,0.8660254037844387,-0.4999999999999998,-0.3617137307297674,-0.9322892131745134
2025-07-23 09:00:00+00:00,28.69166660308838,87.58333333333333,310.1666666666667,25.876247469250604,71.45618105999462,2.355992737831786,0.0,29.3,71,174.0,0.0,5.1,0.7071067811865476,-0.7071067811865475,-0.3617137307297674,-0.9322892131745134
2025-07-23 10:00:00+00:00,27.84999990463257,99.0,368.0,25.88163824135301,71.42655367231639,2.357627120395165,0.0,27.5,79,39.0,0.0,3.4,0.49999999999999994,-0.8660254037844387,-0.3617137307297674,-0.9322892131745134
2025-07-23 11:00:00+00:00,26.741666475931805,100.0,451.0,25.88702901345541,71.39692628463814,2.3592615029585433,0.0,26.2,86,0.0,0.0,5.1,0.258819045102521,-0.9659258262890682,-0.3617137307297674,-0.9322892131745134
2025-07-23 12:00:00+00:00,25.5,100.0,523.6666666666666,25.892419785557813,71.36729889695991,2.360895885521922,0.0,24.6,93,0.0,0.0,3.3,1.2246467991473532e-16,-1.0,-0.3617137307297674,-0.9322892131745134
2025-07-23 13:00:00+00:00,24.800000190734863,100.0,587.1666666666666,25.897810557660218,71.33767150928168,2.362530268085301,0.0,24.3,91,0.0,0.0,3.1,-0.2588190451025208,-0.9659258262890683,-0.3617137307297674,-0.9322892131745134
2025-07-23 14:00:00+00:00,24.24166663487752,100.0,646.4166666666666,25.90320132976262,71.30804412160344,2.36416465064868,0.0,23.6,90,0.0,0.0,1.2,-0.4999999999999997,-0.8660254037844388,-0.3617137307297674,-0.9322892131745134
2025-07-23 15:00:00+00:00,23.72500006357829,100.0,702.0,25.908592101865025,71.27841673392521,2.365799033212059,0.0,23.0,91,0.0,0.0,1.1,-0.7071067811865471,-0.7071067811865479,-0.3617137307297674,-0.9322892131745134
2025-07-23 16:00:00+00:00,23.21666653951009,100.0,747.1666666666666,25.913982873967427,71.24878934624697,2.3674334157754378,0.0,22.3,94,0.0,0.0,0.9,-0.8660254037844384,-0.5000000000000004,-0.3617137307297674,-0.9322892131745134
2025-07-23 17:00:00+00:00,21.583333333333332,97.16666666666667,546.0833333333334,25.91937364606983,71.21916195856873,2.3690677983388166,0.0,22.0,93,0.0,0.0,1.0,-0.9659258262890683,-0.25881904510252063,-0.3617137307297674,-0.9322892131745134
2025-07-23 18:00:00+00:00,20.791666507720947,98.33333333333333,377.5,25.924764418172234,71.1895345708905,2.370702180902195,0.0,21.5,93,0.0,0.0,1.3,-1.0,-1.8369701987210297e-16,-0.3617137307297674,-0.9322892131745134
2025-07-23 19:00:00+00:00,21.291666666666668,100.0,427.25,25.930155190274636,71.15990718321227,2.372336563465574,0.0,21.7,90,0.0,0.0,0.9,-0.9659258262890684,0.2588190451025203,-0.3617137307297674,-0.9322892131745134
2025-07-23 20:00:00+00:00,22.708333333333332,98.75,412.4166666666667,25.93554596237704,71.13027979553402,2.373970946028953,0.0,22.0,90,16.0,0.0,2.5,-0.8660254037844386,0.5000000000000001,-0.3617137307297674,-0.9322892131745134
2025-07-23 21:00:00+00:00,25.508333206176758,86.33333333333333,336.25,25.940936734479443,71.10065240785579,2.3756053285923318,0.0,23.6,84,131.0,0.0,3.2,-0.7071067811865477,0.7071067811865474,-0.3617137307297674,-0.9322892131745134
2025-07-23 22:00:00+00:00,28.99999984105428,80.33333333333333,306.75,25.946327506581845,71.07102502017756,2.3772397111557106,0.0,25.3,78,302.0,0.0,4.8,-0.5000000000000004,0.8660254037844384,-0.3617137307297674,-0.9322892131745134
2025-07-23 23:00:00+00:00,31.074999809265137,74.41666666666667,315.0833333333333,25.95171827868425,71.04139763249933,2.378874093719089,0.0,27.1,72,482.0,0.0,5.9,-0.25881904510252157,0.9659258262890681,-0.3617137307297674,-0.9322892131745134
2025-07-24 00:00:00+00:00,33.13333320617676,70.66666666666667,311.0833333333333,25.957109050786652,71.0117702448211,2.3805084762824684,0.0,29.0,65,645.0,0.0,6.6,0.0,1.0,-0.37770796520396466,-0.9259247771938499
2025-07-24 01:00:00+00:00,34.333333333333336,64.41666666666667,316.0833333333333,25.962499822889058,70.98214285714286,2.382142858845847,0.0,30.5,59,775.0,0.0,7.6,0.25881904510252074,0.9659258262890683,-0.37770796520396466,-0.9259247771938499
2025-07-24 02:00:00+00:00,35.11666711171468,60.333333333333336,321.25,25.96789059499146,70.95251546946461,2.3837772414092258,0.0,31.4,55,862.0,0.0,10.2,0.49999999999999994,0.8660254037844387,-0.37770796520396466,-0.9259247771938499
2025-07-24 03:00:00+00:00,35.75833288828532,58.916666666666664,330.0,25.97328136709386,70.92288808178638,2.3854116239726046,0.0,32.0,51,897.0,0.0,9.9,0.7071067811865475,0.7071067811865476,-0.37770796520396466,-0.9259247771938499
2025-07-24 04:00:00+00:00,35.69166660308838,57.916666666666664,338.1666666666667,25.978672139196266,70.89326069410815,2.3870460065359835,0.0,32.5,48,880.0,0.0,9.3,0.8660254037844386,0.5000000000000001,-0.37770796520396466,-0.9259247771938499
2025-07-24 05:00:00+00:00,35.09166717529297,58.166666666666664,338.4166666666667,25.98406291129867,70.86363330642992,2.3886803890993624,0.0,32.7,46,809.0,0.0,9.2,0.9659258262890683,0.25881904510252074,-0.37770796520396466,-0.9259247771938499
2025-07-24 06:00:00+00:00,34.625000635782875,57.5,331.75,25.98945368340107,70.83400591875167,2.390314771662741,0.0,32.5,46,691.0,0.0,8.3,1.0,6.123233995736766e-17,-0.37770796520396466,-0.9259247771938499
2025-07-24 07:00:00+00:00,33.29999987284342,59.833333333333336,322.75,25.994844455503475,70.80437853107344,2.3919491542261198,0.0,32.2,47,534.0,0.0,7.0,0.9659258262890683,-0.25881904510252063,-0.37770796520396466,-0.9259247771938499
2025-07-24 08:00:00+00:00,30.808333079020183,68.08333333333333,313.1666666666667,26.000235227605877,70.7747511433952,2.3935835367894986,0.0,31.4,49,357.0,0.0,6.0,0.8660254037844387,-0.4999999999999998,-0.37770796520396466,-0.9259247771938499
2025-07-24 09:00:00+00:00,28.40833330154419,85.33333333333333,327.5,26.00562599970828,70.74512375571697,2.3952179193528775,0.0,29.1,63,181.0,0.0,6.1,0.7071067811865476,-0.7071067811865475,-0.37770796520396466,-0.9259247771938499
2025-07-24 10:00:00+00:00,27.34166653951009,98.83333333333333,401.1666666666667,26.011016771810684,70.71549636803874,2.3968523019162564,0.0,26.6,69,41.0,0.0,4.5,0.49999999999999994,-0.8660254037844387,-0.37770796520396466,-0.9259247771938499
2025-07-24 11:00:00+00:00,25.84166685740153,86.75,350.0833333333333,26.016407543913086,70.68586898036051,2.3984866844796353,0.0,25.5,74,0.0,0.0,2.8,0.258819045102521,-0.9659258262890682,-0.37770796520396466,-0.9259247771938499
2025-07-24 12:00:00+00:00,25.424999872843426,85.16666666666667,338.6666666666667,26.02179831601549,70.65624159268226,2.400121067043014,0.0,24.5,77,0.0,0.0,2.8,1.2246467991473532e-16,-1.0,-0.37770796520396466,-0.9259247771938499
2025-07-24 13:00:00+00:00,24.366666475931805,89.66666666666667,345.9166666666667,26.027189088117893,70.62661420500403,2.4017554496063926,0.0,24.0,84,0.0,0.0,6.6,-0.2588190451025208,-0.9659258262890683,-0.37770796520396466,-0.9259247771938499
2025-07-24 14:00:00+00:00,23.508333524068195,93.83333333333333,355.0833333333333,26.032579860220295,70.5969868173258,2.4033898321697715,0.0,23.6,85,0.0,0.0,4.6,-0.4999999999999997,-0.8660254037844388,-0.37770796520396466,-0.9259247771938499
2025-07-24 15:00:00+00:00,23.083333492279053,94.58333333333333,362.6666666666667,26.0379706323227,70.56735942964757,2.4050242147331504,0.0,23.0,88,0.0,0.0,4.2,-0.7071067811865471,-0.7071067811865479,-0.37770796520396466,-0.9259247771938499
2025-07-24 16:00:00+00:00,22.56666644414266,97.25,380.75,26.043361404425102,70.53773204196932,2.4066585972965293,0.0,22.5,91,0.0,0.0,4.4,-0.8660254037844384,-0.5000000000000004,-0.37770796520396466,-0.9259247771938499
2025-07-24 17:00:00+00:00,21.59166669845581,99.41666666666667,393.8333333333333,26.048752176527508,70.50810465429109,2.408292979859908,0.0,22.1,91,0.0,0.0,2.4,-0.9659258262890683,-0.25881904510252063,-0.37770796520396466,-0.9259247771938499
2025-07-24 18:00:00+00:00,21.63333336512248,97.41666666666667,381.75,26.05414294862991,70.47847726661286,2.4099273624232866,0.0,22.0,91,0.0,0.0,0.8,-1.0,-1.8369701987210297e-16,-0.37770796520396466,-0.9259247771938499
2025-07-24 19:00:00+00:00,21.691666920979817,97.5,362.0833333333333,26.05953372073231,70.44884987893462,2.411561744986666,0.0,21.5,92,0.0,0.0,2.2,-0.9659258262890684,0.2588190451025203,-0.37770796520396466,-0.9259247771938499
2025-07-24 20:00:00+00:00,22.800000031789143,95.66666666666667,344.5,26.064924492834717,70.41922249125639,2.4131961275500444,0.0,22.0,92,15.0,0.0,3.7,-0.8660254037844386,0.5000000000000001,-0.37770796520396466,-0.9259247771938499
2025-07-24 21:00:00+00:00,25.02500009536743,90.0,329.4166666666667,26.07031526493712,70.38959510357816,2.4148305101134233,0.0,23.3,87,127.0,0.0,3.6,-0.7071067811865477,0.7071067811865474,-0.37770796520396466,-0.9259247771938499
2025-07-24 22:00:00+00:00,27.733333269755047,82.33333333333333,319.3333333333333,26.075706037039524,70.35996771589991,2.416464892676802,0.0,25.3,79,296.0,0.0,2.2,-0.5000000000000004,0.8660254037844384,-0.37770796520396466,-0.9259247771938499
2025-07-24 23:00:00+00:00,30.358333587646484,75.5,316.3333333333333,26.081096809141926,70.33034032822168,2.418099275240181,0.0,27.2,70,473.0,0.0,1.6,-0.25881904510252157,0.9659258262890681,-0.37770796520396466,-0.9259247771938499
2025-07-25 00:00:00+00:00,32.96666685740153,69.75,314.4166666666667,26.086487581244327,70.30071294054345,2.41973365780356,0.0,28.8,64,636.0,0.0,4.2,0.0,1.0,-0.39359027665646645,-0.9192859697186105
2025-07-25 01:00:00+00:00,34.4916664759318,62.5,317.6666666666667,26.091878353346733,70.27108555286522,2.4213680403669384,0.0,30.4,58,765.0,0.0,4.8,0.25881904510252074,0.9659258262890683,-0.39359027665646645,-0.9192859697186105
2025-07-25 02:00:00+00:00,36.13333320617676,58.916666666666664,320.75,26.097269125449134,70.24145816518697,2.4230024229303173,0.0,31.6,53,843.0,0.0,7.8,0.49999999999999994,0.8660254037844387,-0.39359027665646645,-0.9192859697186105
2025-07-25 03:00:00+00:00,35.808332761128746,60.833333333333336,325.25,26.10265989755154,70.21183077750874,2.424636805493696,0.0,32.0,53,867.0,0.0,8.7,0.7071067811865475,0.7071067811865476,-0.39359027665646645,-0.9192859697186105
2025-07-25 04:00:00+00:00,33.9916664759318,62.166666666666664,323.0,26.10805066965394,70.1822033898305,2.426271188057075,0.0,32.2,51,861.0,0.0,8.7,0.8660254037844386,0.5000000000000001,-0.39359027665646645,-0.9192859697186105
2025-07-25 05:00:00+00:00,32.26666657129923,65.75,307.75,26.113441441756343,70.15257600215227,2.427905570620454,0.0,32.4,48,785.0,0.0,8.6,0.9659258262890683,0.25881904510252074,-0.39359027665646645,-0.9192859697186105
2025-07-25 06:00:00+00:00,31.450000127156574,68.5,300.1666666666667,26.11883221385875,70.12294861447404,2.429539953183833,0.0,32.0,48,556.0,0.0,8.5,1.0,6.123233995736766e-17,-0.39359027665646645,-0.9192859697186105
2025-07-25 07:00:00+00:00,31.05833355585734,65.66666666666667,299.4166666666667,26.12422298596115,70.09332122679581,2.4311743357472118,0.0,30.8,52,248.0,0.0,6.4,0.9659258262890683,-0.25881904510252063,-0.39359027665646645,-0.9192859697186105
2025-07-25 08:00:00+00:00,29.4333332379659,70.16666666666667,299.75,26.129613758063552,70.06369383911756,2.43280871831059,0.0,30.0,56,191.0,0.0,4.3,0.8660254037844387,-0.4999999999999998,-0.39359027665646645,-0.9192859697186105
2025-07-25 09:00:00+00:00,27.84166653951009,76.66666666666667,313.4166666666667,26.135004530165958,70.03406645143933,2.434443100873969,0.0,28.7,62,152.0,0.0,7.5,0.7071067811865476,-0.7071067811865475,-0.39359027665646645,-0.9192859697186105
2025-07-25 10:00:00+00:00,26.549999872843426,79.25,322.5833333333333,26.14039530226836,70.0044390637611,2.436077483437348,0.0,27.1,68,32.0,0.0,6.3,0.49999999999999994,-0.8660254037844387,-0.39359027665646645,-0.9192859697186105
2025-07-25 11:00:00+00:00,26.233333428700764,80.41666666666667,325.6666666666667,26.14578607437076,69.97481167608287,2.437711866000727,0.0,26.5,70,0.0,0.0,6.1,0.258819045102521,-0.9659258262890682,-0.39359027665646645,-0.9192859697186105
2025-07-25 12:00:00+00:00,25.39090919494629,87.27272727272727,336.6363636363636,26.151176846473167,69.94518428840462,2.4393462485641058,0.0,25.5,77,0.0,0.0,2.8,1.2246467991473532e-16,-1.0,-0.39359027665646645,-0.9192859697186105
2025-07-25 13:00:00+00:00,24.583333333333332,91.41666666666667,358.0833333333333,26.15656761857557,69.91555690072639,2.4409806311274846,0.0,25.0,79,0.0,0.0,3.1,-0.2588190451025208,-0.9659258262890683,-0.39359027665646645,-0.9192859697186105
2025-07-25 14:00:00+00:00,23.6833332379659,95.33333333333333,386.6666666666667,26.161958390677974,69.88592951304815,2.4426150136908635,0.0,25.0,78,0.0,0.0,0.4,-0.4999999999999997,-0.8660254037844388,-0.39359027665646645,-0.9192859697186105
2025-07-25 15:00:00+00:00,22.983333269755047,97.58333333333333,423.6666666666667,26.167349162780376,69.85630212536992,2.444249396254242,0.0,24.6,79,0.0,0.0,0.4,-0.7071067811865471,-0.7071067811865479,-0.39359027665646645,-0.9192859697186105
2025-07-25 16:00:00+00:00,23.458333333333332,95.58333333333333,410.0,26.172739934882777,69.82667473769169,2.445883778817621,0.0,24.1,81,0.0,0.0,1.5,-0.8660254037844384,-0.5000000000000004,-0.39359027665646645,-0.9192859697186105
2025-07-25 17:00:00+00:00,23.349999745686848,95.5,403.25,26.178130706985183,69.79704735001346,2.4475181613809998,0.0,24.0,82,0.0,0.0,0.3,-0.9659258262890683,-0.25881904510252063,-0.39359027665646645,-0.9192859697186105
2025-07-25 18:00:00+00:00,23.100000381469727,95.58333333333333,414.75,26.183521479087585,69.76741996233521,2.4491525439443786,0.0,23.6,84,0.0,0.0,3.1,-1.0,-1.8369701987210297e-16,-0.39359027665646645,-0.9192859697186105
2025-07-25 19:00:00+00:00,23.041666825612385,96.41666666666667,379.0833333333333,26.18891225118999,69.73779257465698,2.4507869265077575,0.0,23.1,89,0.0,0.2,0.8,-0.9659258262890684,0.2588190451025203,-0.39359027665646645,-0.9192859697186105
2025-07-25 20:00:00+00:00,23.133333206176758,98.08333333333333,372.5,26.19430302329239,69.70816518697875,2.452421309071136,0.0,23.0,90,3.0,0.3,4.0,-0.8660254037844386,0.5000000000000001,-0.39359027665646645,-0.9192859697186105
2025-07-25 21:00:00+00:00,23.791666507720947,97.91666666666667,358.1666666666667,26.199693795394793,69.6785377993005,2.4540556916345153,0.0,23.1,91,27.0,0.2,4.3,-0.7071067811865477,0.7071067811865474,-0.39359027665646645,-0.9192859697186105
2025-07-25 22:00:00+00:00,24.9333332379659,96.58333333333333,340.0,26.2050845674972,69.64891041162227,2.4556900741978938,0.0,23.7,90,70.0,0.1,4.7,-0.5000000000000004,0.8660254037844384,-0.39359027665646645,-0.9192859697186105
2025-07-25 23:00:00+00:00,25.516666571299236,95.91666666666667,338.5833333333333,26.2104753395996,69.61928302394404,2.4573244567612726,0.0,24.1,88,99.0,0.1,5.0,-0.25881904510252157,0.9659258262890681,-0.39359027665646645,-0.9192859697186105
2025-07-26 00:00:00+00:00,26.608333269755047,91.33333333333333,320.9166666666667,26.215866111702006,69.5896556362658,2.4589588393246515,0.0,24.7,87,128.0,0.0,7.6,0.0,1.0,-0.4093559588156211,-0.9123747579707274
2025-07-26 01:00:00+00:00,26.71666653951009,89.41666666666667,304.5833333333333,26.221256883804408,69.56002824858757,2.4605932218880304,0.0,25.6,79,384.0,0.0,12.0,0.25881904510252074,0.9659258262890683,-0.4093559588156211,-0.9123747579707274
2025-07-26 02:00:00+00:00,26.86666663487752,91.08333333333333,310.0833333333333,26.22664765590681,69.53040086090934,2.4622276044514093,0.0,26.5,74,412.0,0.0,15.0,0.49999999999999994,0.8660254037844387,-0.4093559588156211,-0.9123747579707274
2025-07-26 03:00:00+00:00,27.766666412353516,93.83333333333333,300.8333333333333,26.232038428009215,69.5007734732311,2.4638619870147878,0.0,26.4,73,331.0,0.0,15.3,0.7071067811865475,0.7071067811865476,-0.4093559588156211,-0.9123747579707274
2025-07-26 04:00:00+00:00,27.950000286102295,92.66666666666667,308.5833333333333,26.237429200111617,69.47114608555286,2.4654963695781666,0.0,26.1,76,335.0,0.6,14.4,0.8660254037844386,0.5000000000000001,-0.4093559588156211,-0.9123747579707274
2025-07-26 05:00:00+00:00,27.891666571299236,95.16666666666667,322.0,26.242819972214022,69.44151869787463,2.4671307521415455,0.0,26.4,76,403.0,0.7,15.5,0.9659258262890683,0.25881904510252074,-0.4093559588156211,-0.9123747579707274
2025-07-26 06:00:00+00:00,26.800000031789143,98.25,380.9166666666667,26.248210744316424,69.4118913101964,2.4687651347049244,0.0,26.0,78,224.0,0.0,15.6,1.0,6.123233995736766e-17,-0.4093559588156211,-0.9123747579707274
2025-07-26 07:00:00+00:00,26.774999777475994,98.25,378.75,26.253601516418826,69.38226392251815,2.4703995172683033,0.0,25.5,80,225.0,0.0,16.9,0.9659258262890683,-0.25881904510252063,-0.4093559588156211,-0.9123747579707274
2025-07-26 08:00:00+00:00,25.833333492279053,99.25,383.5,26.25899228852123,69.35263653483992,2.472033899831682,0.0,24.8,85,132.0,0.0,16.3,0.8660254037844387,-0.4999999999999998,-0.4093559588156211,-0.9123747579707274
2025-07-26 09:00:00+00:00,24.116666475931805,99.16666666666667,352.1666666666667,26.264383060623633,69.32300914716168,2.473668282395061,0.0,24.5,88,54.0,0.9,13.5,0.7071067811865476,-0.7071067811865475,-0.4093559588156211,-0.9123747579707274
2025-07-26 10:00:00+00:00,23.583333651224773,98.91666666666667,325.5833333333333,26.269773832726035,69.29338175948345,2.4753026649584395,0.0,23.8,95,16.0,0.6,12.8,0.49999999999999994,-0.8660254037844387,-0.4093559588156211,-0.9123747579707274
2025-07-26 11:00:00+00:00,23.35000006357829,99.66666666666667,329.0833333333333,26.27516460482844,69.26375437180522,2.4769370475218184,0.0,23.5,96,0.0,0.0,11.5,0.258819045102521,-0.9659258262890682,-0.4093559588156211,-0.9123747579707274
2025-07-26 12:00:00+00:00,23.399999618530273,100.0,330.3333333333333,26.28055537693084,69.23412698412699,2.4785714300851973,0.0,23.1,98,0.0,2.1,11.1,1.2246467991473532e-16,-1.0,-0.4093559588156211,-0.9123747579707274
2025-07-26 13:00:00+00:00,23.416666348775227,100.0,327.25,26.285946149033244,69.20449959644876,2.480205812648576,0.0,22.6,98,0.0,2.1,14.9,-0.2588190451025208,-0.9659258262890683,-0.4093559588156211,-0.9123747579707274
2025-07-26 14:00:00+00:00,23.433333079020183,100.0,329.4166666666667,26.29133692113565,69.17487220877051,2.481840195211955,0.0,22.4,99,0.0,7.8,13.2,-0.4999999999999997,-0.8660254037844388,-0.4093559588156211,-0.9123747579707274
2025-07-26 15:00:00+00:00,23.34999942779541,100.0,327.5,26.29672769323805,69.14524482109228,2.4834745777753335,0.0,22.1,99,0.0,0.1,14.1,-0.7071067811865471,-0.7071067811865479,-0.4093559588156211,-0.9123747579707274
2025-07-26 16:00:00+00:00,23.366666316986084,100.0,326.8333333333333,26.302118465340456,69.11561743341404,2.485108960338713,0.0,22.4,99,0.0,0.0,13.7,-0.8660254037844384,-0.5000000000000004,-0.4093559588156211,-0.9123747579707274
2025-07-26 17:00:00+00:00,23.283332983652752,100.0,325.1666666666667,26.307509237442858,69.0859900457358,2.4867433429020913,0.0,22.4,99,0.0,0.1,14.1,-0.9659258262890683,-0.25881904510252063,-0.4093559588156211,-0.9123747579707274
2025-07-26 18:00:00+00:00,23.158333619435627,100.0,327.1666666666667,26.31290000954526,69.05636265805757,2.48837772546547,0.0,22.6,99,0.0,1.2,11.2,-1.0,-1.8369701987210297e-16,-0.4093559588156211,-0.9123747579707274
2025-07-26 19:00:00+00:00,23.0,100.0,330.0,26.318290781647665,69.02673527037933,2.490012108028849,0.0,22.6,99,0.0,2.1,12.2,-0.9659258262890684,0.2588190451025203,-0.4093559588156211,-0.9123747579707274
2025-07-26 20:00:00+00:00,23.141666412353516,100.0,332.6666666666667,26.323681553750067,68.9971078827011,2.491646490592228,0.0,22.9,99,1.0,1.9,12.2,-0.8660254037844386,0.5000000000000001,-0.4093559588156211,-0.9123747579707274
2025-07-26 21:00:00+00:00,23.5583332379659,100.0,333.5833333333333,26.329072325852472,68.96748049502287,2.493280873155607,0.0,23.2,99,11.0,1.5,12.4,-0.7071067811865477,0.7071067811865474,-0.4093559588156211,-0.9123747579707274
2025-07-26 22:00:00+00:00,23.97499990463257,100.0,331.75,26.334463097954874,68.93785310734464,2.4949152557189853,0.0,23.5,99,35.0,1.2,8.2,-0.5000000000000004,0.8660254037844384,-0.4093559588156211,-0.9123747579707274
2025-07-26 23:00:00+00:00,23.825000286102295,100.0,328.5833333333333,26.339853870057276,68.90822571966639,2.496549638282364,0.0,24.1,98,98.0,0.8,0.4,-0.25881904510252157,0.9659258262890681,-0.4093559588156211,-0.9123747579707274
2025-07-27 00:00:00+00:00,24.99999984105428,99.58333333333333,321.8333333333333,26.34524464215968,68.87859833198816,2.498184020845743,0.0,24.3,99,188.0,0.9,6.1,0.0,1.0,-0.42500033996955394,-0.9051931898913975
2025-07-27 01:00:00+00:00,27.72500006357829,95.0,298.75,26.350635414262083,68.84897094430993,2.499818403409122,0.0,25.2,90,243.0,0.1,5.2,0.25881904510252074,0.9659258262890683,-0.42500033996955394,-0.9051931898913975
2025-07-27 02:00:00+00:00,28.858333269755047,91.16666666666667,302.1666666666667,26.35602618636449,68.8193435566317,2.501452785972501,0.0,26.5,86,562.0,0.1,6.8,0.49999999999999994,0.8660254037844387,-0.42500033996955394,-0.9051931898913975
2025-07-27 03:00:00+00:00,30.291666666666668,82.91666666666667,303.0,26.36141695846689,68.78971616895345,2.5030871685358798,0.0,27.5,75,771.0,0.0,9.6,0.7071067811865475,0.7071067811865476,-0.42500033996955394,-0.9051931898913975
2025-07-27 04:00:00+00:00,29.974999745686848,82.75,295.9166666666667,26.366807730569292,68.76008878127521,2.5047215510992586,0.0,27.6,75,751.0,0.1,9.7,0.8660254037844386,0.5000000000000001,-0.42500033996955394,-0.9051931898913975
2025-07-27 05:00:00+00:00,29.324999968210857,79.5,290.5833333333333,26.372198502671697,68.73046139359698,2.506355933662637,0.0,28.4,71,759.0,0.0,7.6,0.9659258262890683,0.25881904510252074,-0.42500033996955394,-0.9051931898913975
2025-07-27 06:00:00+00:00,28.99166663487752,80.66666666666667,285.5833333333333,26.3775892747741,68.70083400591875,2.507990316226016,0.0,28.0,70,584.0,0.1,9.8,1.0,6.123233995736766e-17,-0.42500033996955394,-0.9051931898913975
2025-07-27 07:00:00+00:00,28.375,84.25,286.9166666666667,26.382980046876504,68.67120661824052,2.509624698789395,0.0,27.0,76,419.0,0.1,10.4,0.9659258262890683,-0.25881904510252063,-0.42500033996955394,-0.9051931898913975
2025-07-27 08:00:00+00:00,28.041666507720947,89.33333333333333,290.6666666666667,26.388370818978906,68.64157923056229,2.5112590813527738,0.0,26.4,80,261.0,0.1,9.2,0.8660254037844387,-0.4999999999999998,-0.42500033996955394,-0.9051931898913975
2025-07-27 09:00:00+00:00,25.866666475931805,94.25,302.3333333333333,26.393761591081308,68.61195184288404,2.5128934639161526,0.0,25.5,85,131.0,0.0,10.7,0.7071067811865476,-0.7071067811865475,-0.42500033996955394,-0.9051931898913975
2025-07-27 10:00:00+00:00,24.5,95.33333333333333,312.75,26.399152363183713,68.58232445520581,2.514527846479531,0.0,24.2,91,29.0,0.0,10.1,0.49999999999999994,-0.8660254037844387,-0.42500033996955394,-0.9051931898913975
2025-07-27 11:00:00+00:00,23.991666793823242,96.0,318.5,26.404543135286115,68.55269706752757,2.5161622290429104,0.0,23.5,94,0.0,0.0,10.2,0.258819045102521,-0.9659258262890682,-0.42500033996955394,-0.9051931898913975
2025-07-27 12:00:00+00:00,23.375,97.66666666666667,322.4166666666667,26.409933907388517,68.52306967984934,2.517796611606289,0.0,23.2,94,0.0,0.0,9.3,1.2246467991473532e-16,-1.0,-0.42500033996955394,-0.9051931898913975
2025-07-27 13:00:00+00:00,23.15833346048991,98.58333333333333,327.1666666666667,26.415324679490922,68.4934422921711,2.5194309941696678,0.0,23.3,94,0.0,0.4,10.3,-0.2588190451025208,-0.9659258262890683,-0.42500033996955394,-0.9051931898913975
2025-07-27 14:00:00+00:00,23.15833346048991,99.91666666666667,341.9166666666667,26.420715451593324,68.46381490449286,2.5210653767330466,0.0,22.9,95,0.0,0.5,8.2,-0.4999999999999997,-0.8660254037844388,-0.42500033996955394,-0.9051931898913975
2025-07-27 15:00:00+00:00,22.983333428700764,99.75,342.5833333333333,26.426106223695726,68.43418751681463,2.5226997592964255,0.0,22.4,96,0.0,0.2,7.9,-0.7071067811865471,-0.7071067811865479,-0.42500033996955394,-0.9051931898913975
2025-07-27 16:00:00+00:00,22.766666412353516,100.0,340.3333333333333,26.43149699579813,68.4045601291364,2.5243341418598044,0.0,22.2,96,0.0,0.0,7.3,-0.8660254037844384,-0.5000000000000004,-0.42500033996955394,-0.9051931898913975
2025-07-27 17:00:00+00:00,22.583333651224773,100.0,343.9166666666667,26.436887767900533,68.37493274145817,2.525968524423183,0.0,22.0,97,0.0,0.0,7.3,-0.9659258262890683,-0.25881904510252063,-0.42500033996955394,-0.9051931898913975
2025-07-27 18:00:00+00:00,22.050000190734863,100.0,396.3333333333333,26.44227854000294,68.34530535377993,2.527602906986562,0.0,21.6,97,0.0,0.0,5.9,-1.0,-1.8369701987210297e-16,-0.42500033996955394,-0.9051931898913975
2025-07-27 19:00:00+00:00,22.12500015894572,100.0,404.9166666666667,26.44766931210534,68.31567796610169,2.5292372895499406,0.0,21.5,98,0.0,0.0,4.6,-0.9659258262890684,0.2588190451025203,-0.42500033996955394,-0.9051931898913975
2025-07-27 20:00:00+00:00,22.77499993642171,99.33333333333333,388.4166666666667,26.453060084207742,68.28605057842346,2.5308716721133195,0.0,21.8,97,5.0,0.0,4.2,-0.8660254037844386,0.5000000000000001,-0.42500033996955394,-0.9051931898913975
2025-07-27 21:00:00+00:00,24.22500006357829,96.66666666666667,361.3333333333333,26.458450856310147,68.25642319074522,2.5325060546766984,0.0,22.2,96,47.0,0.0,3.1,-0.7071067811865477,0.7071067811865474,-0.42500033996955394,-0.9051931898913975
2025-07-27 22:00:00+00:00,25.21666653951009,94.58333333333333,332.5,26.46384162841255,68.22679580306699,2.534140437240077,0.0,22.9,93,124.0,0.0,3.0,-0.5000000000000004,0.8660254037844384,-0.42500033996955394,-0.9051931898913975
2025-07-27 23:00:00+00:00,26.69166660308838,90.83333333333333,310.0833333333333,26.469232400514954,68.19716841538875,2.535774819803456,0.0,23.6,90,201.0,0.0,3.4,-0.25881904510252157,0.9659258262890681,-0.42500033996955394,-0.9051931898913975
2025-07-28 00:00:00+00:00,27.03333346048991,89.33333333333333,299.0833333333333,26.474623172617356,68.16754102771051,2.5374092023668346,0.0,24.4,89,261.0,0.1,7.5,0.0,1.0,-0.4405187843504952,-0.8977433935342336
2025-07-28 01:00:00+00:00,27.074999968210857,91.83333333333333,299.0,26.480013944719758,68.13791364003228,2.5390435849302135,0.0,25.0,86,178.0,0.9,7.1,0.25881904510252074,0.9659258262890683,-0.4405187843504952,-0.8977433935342336
2025-07-28 02:00:00+00:00,28.03333330154419,89.08333333333333,299.0,26.485404716822163,68.10828625235405,2.5406779674935924,0.0,24.4,93,161.0,3.8,9.3,0.49999999999999994,0.8660254037844387,-0.4405187843504952,-0.8977433935342336
2025-07-28 03:00:00+00:00,27.733333428700764,91.25,291.6666666666667,26.490795488924565,68.07865886467582,2.5423123500569713,0.0,24.4,93,260.0,0.0,10.7,0.7071067811865475,0.7071067811865476,-0.4405187843504952,-0.8977433935342336
2025-07-28 04:00:00+00:00,27.77500009536743,95.16666666666667,274.4166666666667,26.49618626102697,68.04903147699758,2.54394673262035,0.0,25.2,87,326.0,0.6,10.3,0.8660254037844386,0.5000000000000001,-0.4405187843504952,-0.8977433935342336
2025-07-28 05:00:00+00:00,27.96666653951009,99.5,255.0,26.501577033129372,68.01940408931934,2.5455811151837286,0.0,24.5,91,221.0,0.2,12.1,0.9659258262890683,0.25881904510252074,-0.4405187843504952,-0.8977433935342336
2025-07-28 06:00:00+00:00,26.71666669845581,100.0,278.6666666666667,26.506967805231774,67.9897767016411,2.547215497747108,0.0,24.1,92,158.0,0.1,11.2,1.0,6.123233995736766e-17,-0.4405187843504952,-0.8977433935342336
2025-07-28 07:00:00+00:00,25.850000381469727,100.0,322.75,26.51235857733418,67.96014931396287,2.5488498803104864,0.0,24.5,89,265.0,0.2,13.7,0.9659258262890683,-0.25881904510252063,-0.4405187843504952,-0.8977433935342336
2025-07-28 08:00:00+00:00,25.083333174387615,100.0,344.5,26.51774934943658,67.93052192628464,2.5504842628738653,0.0,23.5,93,135.0,0.9,14.9,0.8660254037844387,-0.4999999999999998,-0.4405187843504952,-0.8977433935342336
2025-07-28 09:00:00+00:00,23.03333330154419,99.16666666666667,323.5833333333333,26.523140121538987,67.9008945386064,2.552118645437244,0.0,22.4,95,74.0,0.2,16.5,0.7071067811865476,-0.7071067811865475,-0.4405187843504952,-0.8977433935342336
2025-07-28 10:00:00+00:00,22.399999618530273,99.0,318.5833333333333,26.52853089364139,67.87126715092816,2.553753028000623,0.0,21.6,97,12.0,0.4,14.0,0.49999999999999994,-0.8660254037844387,-0.4405187843504952,-0.8977433935342336
2025-07-28 11:00:00+00:00,22.333333015441895,99.0,320.0833333333333,26.53392166574379,67.84163976324993,2.555387410564002,0.0,21.6,98,0.0,0.1,14.2,0.258819045102521,-0.9659258262890682,-0.4405187843504952,-0.8977433935342336
2025-07-28 12:00:00+00:00,22.18333371480306,100.0,320.75,26.539312437846196,67.8120123755717,2.5570217931273804,0.0,21.6,98,0.0,0.0,14.3,1.2246467991473532e-16,-1.0,-0.4405187843504952,-0.8977433935342336
2025-07-28 13:00:00+00:00,22.175000349680584,100.0,318.5833333333333,26.544703209948597,67.78238498789347,2.5586561756907598,0.0,22.1,96,0.0,0.1,11.4,-0.2588190451025208,-0.9659258262890683,-0.4405187843504952,-0.8977433935342336
2025-07-28 14:00:00+00:00,22.24166663487752,100.0,318.1666666666667,26.550093982051,67.75275760021523,2.560290558254138,0.0,21.9,96,0.0,0.9,10.5,-0.4999999999999997,-0.8660254037844388,-0.4405187843504952,-0.8977433935342336
2025-07-28 15:00:00+00:00,22.166667302449543,100.0,318.75,26.555484754153404,67.72313021253699,2.561924940817517,0.0,21.6,98,0.0,0.9,9.1,-0.7071067811865471,-0.7071067811865479,-0.4405187843504952,-0.8977433935342336
2025-07-28 16:00:00+00:00,22.18333371480306,100.0,319.75,26.560875526255806,67.69350282485875,2.563559323380896,0.0,21.6,98,0.0,0.1,10.1,-0.8660254037844384,-0.5000000000000004,-0.4405187843504952,-0.8977433935342336
2025-07-28 17:00:00+00:00,22.25,100.0,326.4166666666667,26.566266298358208,67.66387543718052,2.5651937059442744,0.0,21.5,99,0.0,0.2,10.9,-0.9659258262890683,-0.25881904510252063,-0.4405187843504952,-0.8977433935342336
2025-07-28 18:00:00+00:00,22.191667079925537,100.0,326.1666666666667,26.571657070460613,67.63424804950229,2.5668280885076538,0.0,21.5,99,0.0,0.3,9.5,-1.0,-1.8369701987210297e-16,-0.4405187843504952,-0.8977433935342336
2025-07-28 19:00:00+00:00,22.208333651224773,100.0,330.4166666666667,26.577047842563015,67.60462066182404,2.568462471071032,0.0,21.3,99,0.0,0.4,7.5,-0.9659258262890684,0.2588190451025203,-0.4405187843504952,-0.8977433935342336
2025-07-28 20:00:00+00:00,22.599999745686848,100.0,329.0,26.58243861466542,67.57499327414581,2.570096853634411,0.0,21.3,98,7.0,0.1,7.3,-0.8660254037844386,0.5000000000000001,-0.4405187843504952,-0.8977433935342336
2025-07-28 21:00:00+00:00,23.550000349680584,99.83333333333333,325.4166666666667,26.587829386767822,67.54536588646758,2.57173123619779,0.0,21.8,96,59.0,0.0,7.7,-0.7071067811865477,0.7071067811865474,-0.4405187843504952,-0.8977433935342336
2025-07-28 22:00:00+00:00,25.608333110809326,95.91666666666667,306.9166666666667,26.593220158870224,67.51573849878935,2.573365618761169,0.0,22.5,95,129.0,0.0,5.2,-0.5000000000000004,0.8660254037844384,-0.4405187843504952,-0.8977433935342336
2025-07-28 23:00:00+00:00,28.116666793823242,89.33333333333333,296.8333333333333,26.59861093097263,67.48611111111111,2.5750000013245478,0.0,23.5,90,210.0,0.0,4.6,-0.25881904510252157,0.9659258262890681,-0.4405187843504952,-0.8977433935342336
2025-07-29 00:00:00+00:00,29.649999777475994,85.16666666666667,302.5,26.60400170307503,67.45648372343288,2.576634383887926,0.0,24.0,90,212.0,0.1,5.6,0.0,1.0,-0.455906693508459,-0.8900275764346766
2025-07-29 01:00:00+00:00,30.75000015894572,82.16666666666667,302.4166666666667,26.609392475177437,67.42685633575464,2.5782687664513055,0.0,26.4,79,488.0,0.1,4.3,0.25881904510252074,0.9659258262890683,-0.455906693508459,-0.8900275764346766
2025-07-29 02:00:00+00:00,30.825000127156574,82.58333333333333,299.8333333333333,26.61478324727984,67.3972289480764,2.579903149014684,0.0,27.8,72,645.0,0.0,4.1,0.49999999999999994,0.8660254037844387,-0.455906693508459,-0.8900275764346766
2025-07-29 03:00:00+00:00,31.46666685740153,82.08333333333333,300.9166666666667,26.62017401938224,67.36760156039817,2.581537531578063,0.0,28.5,72,687.0,0.0,3.9,0.7071067811865475,0.7071067811865476,-0.455906693508459,-0.8900275764346766
2025-07-29 04:00:00+00:00,32.191666762034096,80.75,307.25,26.625564791484646,67.33797417271994,2.5831719141414418,0.0,29.0,71,691.0,0.0,2.8,0.8660254037844386,0.5000000000000001,-0.455906693508459,-0.8900275764346766
2025-07-29 05:00:00+00:00,29.37500015894572,84.5,296.8333333333333,26.630955563587047,67.30834678504169,2.5848062967048206,0.0,27.5,76,280.0,0.1,6.6,0.9659258262890683,0.25881904510252074,-0.455906693508459,-0.8900275764346766
2025-07-29 06:00:00+00:00,29.466666380564373,86.08333333333333,294.75,26.636346335689453,67.27871939736346,2.5864406792681995,0.0,27.4,78,512.0,0.1,3.9,1.0,6.123233995736766e-17,-0.455906693508459,-0.8900275764346766
2025-07-29 07:00:00+00:00,28.358333587646484,88.08333333333333,304.1666666666667,26.641737107791855,67.24909200968523,2.588075061831578,0.0,26.0,84,311.0,0.2,4.8,0.9659258262890683,-0.25881904510252063,-0.455906693508459,-0.8900275764346766
2025-07-29 08:00:00+00:00,28.09166669845581,94.58333333333333,306.0833333333333,26.647127879894256,67.219464622007,2.5897094443949573,0.0,25.9,85,232.0,0.1,7.7,0.8660254037844387,-0.4999999999999998,-0.455906693508459,-0.8900275764346766
2025-07-29 09:00:00+00:00,25.508333206176758,95.08333333333333,312.1666666666667,26.65251865199666,67.18983723432876,2.5913438269583358,0.0,25.0,89,137.0,0.0,10.3,0.7071067811865476,-0.7071067811865475,-0.455906693508459,-0.8900275764346766
2025-07-29 10:00:00+00:00,24.108333428700764,96.75,324.0,26.657909424099064,67.16020984665053,2.5929782095217146,0.0,23.5,94,28.0,0.0,11.2,0.49999999999999994,-0.8660254037844387,-0.455906693508459,-0.8900275764346766
2025-07-29 11:00:00+00:00,23.708333333333332,97.75,320.8333333333333,26.66330019620147,67.13058245897228,2.5946125920850935,0.0,22.6,98,0.0,0.0,11.8,0.258819045102521,-0.9659258262890682,-0.455906693508459,-0.8900275764346766
2025-07-29 12:00:00+00:00,23.650000254313152,98.16666666666667,320.0,26.66869096830387,67.10095507129405,2.596246974648472,0.0,22.8,98,0.0,0.0,11.1,1.2246467991473532e-16,-1.0,-0.455906693508459,-0.8900275764346766
2025-07-29 13:00:00+00:00,23.199999968210857,97.08333333333333,316.3333333333333,26.674081740406272,67.07132768361582,2.5978813572118513,0.0,22.6,96,0.0,0.0,13.0,-0.2588190451025208,-0.9659258262890683,-0.455906693508459,-0.8900275764346766
2025-07-29 14:00:00+00:00,23.125000317891438,96.75,318.75,26.679472512508678,67.04170029593757,2.5995157397752298,0.0,22.5,95,0.0,0.0,12.2,-0.4999999999999997,-0.8660254037844388,-0.455906693508459,-0.8900275764346766
2025-07-29 15:00:00+00:00,23.11666711171468,96.16666666666667,318.5,26.68486328461108,67.01207290825934,2.601150122338609,0.0,22.6,92,0.0,0.0,11.7,-0.7071067811865471,-0.7071067811865479,-0.455906693508459,-0.8900275764346766
2025-07-29 16:00:00+00:00,22.924999872843426,96.08333333333333,318.75,26.69025405671348,66.98244552058111,2.6027845049019875,0.0,22.5,92,0.0,0.0,11.3,-0.8660254037844384,-0.5000000000000004,-0.455906693508459,-0.8900275764346766
2025-07-29 17:00:00+00:00,22.733333269755047,97.0,327.5,26.695644828815887,66.95281813290288,2.6044188874653664,0.0,22.0,94,0.0,0.0,10.4,-0.9659258262890683,-0.25881904510252063,-0.455906693508459,-0.8900275764346766
2025-07-29 18:00:00+00:00,22.833333015441895,96.0,325.75,26.70103560091829,66.92319074522464,2.6060532700287453,0.0,21.9,94,0.0,0.0,10.1,-1.0,-1.8369701987210297e-16,-0.455906693508459,-0.8900275764346766
2025-07-29 19:00:00+00:00,23.10000006357829,94.16666666666667,321.5,26.706426373020694,66.89356335754641,2.6076876525921238,0.0,22.0,93,0.0,0.0,10.3,-0.9659258262890684,0.2588190451025203,-0.455906693508459,-0.8900275764346766
2025-07-29 20:00:00+00:00,23.62499984105428,94.0,313.0,26.711817145123096,66.86393596986818,2.609322035155503,0.0,22.1,92,7.0,0.0,10.2,-0.8660254037844386,0.5000000000000001,-0.455906693508459,-0.8900275764346766
2025-07-29 21:00:00+00:00,24.97499990463257,92.25,301.3333333333333,26.717207917225497,66.83430858218993,2.6109564177188815,0.0,22.9,90,63.0,0.0,8.9,-0.7071067811865477,0.7071067811865474,-0.455906693508459,-0.8900275764346766
2025-07-29 22:00:00+00:00,26.541666666666668,87.75,294.25,26.722598689327903,66.8046811945117,2.6125908002822604,0.0,23.8,86,203.0,0.0,13.0,-0.5000000000000004,0.8660254037844384,-0.455906693508459,-0.8900275764346766
2025-07-29 23:00:00+00:00,26.574999968210857,88.5,289.8333333333333,26.727989461430305,66.77505380683347,2.6142251828456393,0.0,24.5,81,326.0,0.0,14.0,-0.25881904510252157,0.9659258262890681,-0.455906693508459,-0.8900275764346766
2025-07-30 00:00:00+00:00,28.516666571299236,84.66666666666667,292.0833333333333,26.733380233532706,66.74542641915522,2.615859565409018,0.0,25.0,79,389.0,0.0,14.4,0.0,1.0,-0.47115950767386394,-0.8820480249558535
2025-07-30 01:00:00+00:00,30.866666793823242,78.91666666666667,294.5,26.738771005635112,66.71579903147699,2.617493947972397,0.0,26.5,77,410.0,0.0,12.5,0.25881904510252074,0.9659258262890683,-0.47115950767386394,-0.8820480249558535
2025-07-30 02:00:00+00:00,31.358333269755047,78.5,298.6666666666667,26.744161777737514,66.68617164379876,2.6191283305357755,0.0,27.0,74,595.0,0.0,13.8,0.49999999999999994,0.8660254037844387,-0.47115950767386394,-0.8820480249558535
2025-07-30 03:00:00+00:00,31.4333332379659,75.66666666666667,304.6666666666667,26.74955254983992,66.65654425612053,2.620762713099155,0.0,27.8,71,803.0,0.0,16.1,0.7071067811865475,0.7071067811865476,-0.47115950767386394,-0.8820480249558535
2025-07-30 04:00:00+00:00,31.30833339691162,75.83333333333333,304.25,26.75494332194232,66.6269168684423,2.6223970956625333,0.0,27.5,71,836.0,0.0,18.2,0.8660254037844386,0.5000000000000001,-0.47115950767386394,-0.8820480249558535
2025-07-30 05:00:00+00:00,30.05833339691162,76.91666666666667,300.0833333333333,26.760334094044723,66.59728948076406,2.624031478225912,0.0,26.9,72,774.0,0.0,18.4,0.9659258262890683,0.25881904510252074,-0.47115950767386394,-0.8820480249558535
2025-07-30 06:00:00+00:00,28.925000190734863,79.16666666666667,291.9166666666667,26.765724866147128,66.56766209308581,2.625665860789291,0.0,26.1,74,637.0,0.0,18.8,1.0,6.123233995736766e-17,-0.47115950767386394,-0.8820480249558535
2025-07-30 07:00:00+00:00,28.175000349680584,84.25,284.3333333333333,26.77111563824953,66.53803470540758,2.62730024335267,0.0,25.1,78,491.0,0.0,19.1,0.9659258262890683,-0.25881904510252063,-0.47115950767386394,-0.8820480249558535
2025-07-30 08:00:00+00:00,27.925000031789143,92.83333333333333,285.5,26.776506410351935,66.50840731772935,2.628934625916049,0.0,24.1,82,317.0,0.0,18.0,0.8660254037844387,-0.4999999999999998,-0.47115950767386394,-0.8820480249558535
2025-07-30 09:00:00+00:00,24.93333339691162,91.75,301.0,26.781897182454337,66.47877993005112,2.6305690084794273,0.0,23.1,85,139.0,0.0,16.4,0.7071067811865476,-0.7071067811865475,-0.47115950767386394,-0.8820480249558535
2025-07-30 10:00:00+00:00,23.46666685740153,93.16666666666667,312.0,26.78728795455674,66.44915254237287,2.6322033910428067,0.0,22.3,90,26.0,0.0,14.5,0.49999999999999994,-0.8660254037844387,-0.47115950767386394,-0.8820480249558535
2025-07-30 11:00:00+00:00,23.11666663487752,95.0,315.25,26.792678726659144,66.41952515469464,2.633837773606185,0.0,22.2,90,0.0,0.0,12.9,0.258819045102521,-0.9659258262890682,-0.47115950767386394,-0.8820480249558535
2025-07-30 12:00:00+00:00,23.28333330154419,94.91666666666667,318.4166666666667,26.798069498761546,66.38989776701641,2.635472156169564,0.0,22.1,92,0.0,0.0,12.3,1.2246467991473532e-16,-1.0,-0.47115950767386394,-0.8820480249558535
2025-07-30 13:00:00+00:00,23.075000127156574,96.5,318.1666666666667,26.80346027086395,66.36027037933817,2.637106538732943,0.0,22.5,93,0.0,0.0,11.9,-0.2588190451025208,-0.9659258262890683,-0.47115950767386394,-0.8820480249558535
2025-07-30 14:00:00+00:00,22.8249994913737,98.16666666666667,316.0,26.808851042966353,66.33064299165994,2.6387409212963213,0.0,22.5,93,0.0,0.0,11.5,-0.4999999999999997,-0.8660254037844388,-0.47115950767386394,-0.8820480249558535
2025-07-30 15:00:00+00:00,22.68333355585734,99.66666666666667,315.9166666666667,26.814241815068755,66.30101560398171,2.6403753038597007,0.0,22.4,93,0.0,0.0,11.7,-0.7071067811865471,-0.7071067811865479,-0.47115950767386394,-0.8820480249558535
2025-07-30 16:00:00+00:00,22.71666653951009,99.0,319.25,26.81963258717116,66.27138821630346,2.642009686423079,0.0,22.4,93,0.0,0.0,13.0,-0.8660254037844384,-0.5000000000000004,-0.47115950767386394,-0.8820480249558535
2025-07-30 17:00:00+00:00,22.591667016347248,98.91666666666667,318.9166666666667,26.825023359273562,66.24176082862523,2.643644068986458,0.0,22.3,92,0.0,0.0,15.2,-0.9659258262890683,-0.25881904510252063,-0.47115950767386394,-0.8820480249558535
2025-07-30 18:00:00+00:00,22.391666412353516,98.5,315.75,26.830414131375964,66.212133440947,2.645278451549837,0.0,22.0,93,0.0,0.0,15.0,-1.0,-1.8369701987210297e-16,-0.47115950767386394,-0.8820480249558535
2025-07-30 19:00:00+00:00,22.308333079020183,99.0,315.0,26.83580490347837,66.18250605326877,2.6469128341132158,0.0,22.0,93,0.0,0.0,13.7,-0.9659258262890684,0.2588190451025203,-0.47115950767386394,-0.8820480249558535
2025-07-30 20:00:00+00:00,22.574999968210857,98.83333333333333,325.5,26.84119567558077,66.15287866559052,2.6485472166765947,0.0,22.1,93,4.0,0.0,15.6,-0.8660254037844386,0.5000000000000001,-0.47115950767386394,-0.8820480249558535
2025-07-30 21:00:00+00:00,23.124999523162842,98.0,320.8333333333333,26.846586447683176,66.12325127791229,2.650181599239973,0.0,22.4,91,41.0,0.0,16.8,-0.7071067811865477,0.7071067811865474,-0.47115950767386394,-0.8820480249558535
2025-07-30 22:00:00+00:00,23.616666793823242,97.5,313.8333333333333,26.851977219785578,66.09362389023406,2.6518159818033524,0.0,22.8,89,77.0,0.0,17.9,-0.5000000000000004,0.8660254037844384,-0.47115950767386394,-0.8820480249558535
2025-07-30 23:00:00+00:00,24.52500009536743,94.75,307.4166666666667,26.85736799188798,66.06399650255582,2.653450364366731,0.0,23.2,87,154.0,0.0,19.7,-0.25881904510252157,0.9659258262890681,-0.47115950767386394,-0.8820480249558535
2025-07-31 00:00:00+00:00,25.72500006357829,92.91666666666667,298.3333333333333,26.862758763990385,66.03436911487759,2.6550847469301098,0.0,23.9,83,236.0,0.0,20.7,0.0,1.0,-0.4862727071086902,-0.8738071036110807
2025-07-31 01:00:00+00:00,26.175000190734863,93.91666666666667,291.75,26.868149536092787,66.00474172719936,2.6567191294934887,0.0,25.1,79,342.0,0.0,18.8,0.25881904510252074,0.9659258262890683,-0.4862727071086902,-0.8738071036110807
2025-07-31 02:00:00+00:00,28.666666666666668,86.83333333333333,287.8333333333333,26.87354030819519,65.97511433952111,2.6583535120568675,0.0,25.8,76,448.0,0.1,18.9,0.49999999999999994,0.8660254037844387,-0.4862727071086902,-0.8738071036110807
2025-07-31 03:00:00+00:00,29.141666571299236,83.75,292.25,26.878931080297594,65.94548695184288,2.6599878946202464,0.0,25.5,79,340.0,0.0,17.6,0.7071067811865475,0.7071067811865476,-0.4862727071086902,-0.8738071036110807
2025-07-31 04:00:00+00:00,28.97500006357829,84.0,288.0833333333333,26.884321852399996,65.91585956416465,2.661622277183625,0.0,26.0,76,486.0,0.1,19.8,0.8660254037844386,0.5000000000000001,-0.4862727071086902,-0.8738071036110807
2025-07-31 05:00:00+00:00,29.358333269755047,82.58333333333333,295.8333333333333,26.8897126245024,65.88623217648642,2.663256659747004,0.0,26.2,74,503.0,0.0,19.2,0.9659258262890683,0.25881904510252074,-0.4862727071086902,-0.8738071036110807
2025-07-31 06:00:00+00:00,28.68333339691162,84.25,288.8333333333333,26.895103396604803,65.85660478880817,2.6648910423103827,0.0,25.8,77,339.0,0.0,18.7,1.0,6.123233995736766e-17,-0.4862727071086902,-0.8738071036110807
2025-07-31 07:00:00+00:00,28.008333524068195,86.41666666666667,285.1666666666667,26.900494168707205,65.82697740112994,2.6665254248737615,0.0,25.5,78,359.0,0.0,18.4,0.9659258262890683,-0.25881904510252063,-0.4862727071086902,-0.8738071036110807
2025-07-31 08:00:00+00:00,27.90833330154419,94.16666666666667,277.5833333333333,26.90588494080961,65.7973500134517,2.6681598074371404,0.0,24.7,82,229.0,0.0,15.9,0.8660254037844387,-0.4999999999999998,-0.4862727071086902,-0.8738071036110807
2025-07-31 09:00:00+00:00,24.916666507720947,94.08333333333333,304.8333333333333,26.911275712912012,65.76772262577347,2.669794190000519,0.0,23.5,88,96.0,0.0,15.3,0.7071067811865476,-0.7071067811865475,-0.4862727071086902,-0.8738071036110807
2025-07-31 10:00:00+00:00,24.066666920979817,95.5,314.0833333333333,26.916666485014417,65.73809523809524,2.671428572563898,0.0,22.5,92,18.0,0.0,14.5,0.49999999999999994,-0.8660254037844387,-0.4862727071086902,-0.8738071036110807
2025-07-31 11:00:00+00:00,23.658333619435627,96.08333333333333,317.1666666666667,26.92205725711682,65.70846785041701,2.6730629551272767,0.0,22.1,94,0.0,0.0,14.8,0.258819045102521,-0.9659258262890682,-0.4862727071086902,-0.8738071036110807
2025-07-31 12:00:00+00:00,23.47499990463257,96.0,313.0833333333333,26.92744802921922,65.67884046273876,2.6746973376906555,0.0,22.0,94,0.0,0.0,14.6,1.2246467991473532e-16,-1.0,-0.4862727071086902,-0.8738071036110807
2025-07-31 13:00:00+00:00,23.3083332379659,96.75,312.3333333333333,26.932838801321626,65.64921307506053,2.6763317202540344,0.0,22.2,95,0.0,0.0,14.3,-0.2588190451025208,-0.9659258262890683,-0.4862727071086902,-0.8738071036110807
2025-07-31 14:00:00+00:00,23.116666952768963,96.25,311.0,26.938229573424028,65.6195856873823,2.6779661028174133,0.0,22.0,95,0.0,0.0,13.9,-0.4999999999999997,-0.8660254037844388,-0.4862727071086902,-0.8738071036110807
2025-07-31 15:00:00+00:00,23.02500009536743,97.0,311.3333333333333,26.943620345526433,65.58995829970407,2.679600485380792,0.0,21.9,94,0.0,0.0,14.9,-0.7071067811865471,-0.7071067811865479,-0.4862727071086902,-0.8738071036110807
2025-07-31 16:00:00+00:00,22.85833279291789,97.66666666666667,310.0,26.949011117628835,65.56033091202582,2.6812348679441707,0.0,21.9,93,0.0,0.0,15.9,-0.8660254037844384,-0.5000000000000004,-0.4862727071086902,-0.8738071036110807
2025-07-31 17:00:00+00:00,22.84166653951009,97.66666666666667,311.9166666666667,26.954401889731237,65.53070352434759,2.68286925050755,0.0,21.8,93,0.0,0.0,15.2,-0.9659258262890683,-0.25881904510252063,-0.4862727071086902,-0.8738071036110807
2025-07-31 18:00:00+00:00,22.61666711171468,97.5,308.6666666666667,26.959792661833642,65.50107613666935,2.6845036330709284,0.0,21.6,93,0.0,0.0,14.9,-1.0,-1.8369701987210297e-16,-0.4862727071086902,-0.8738071036110807
2025-07-31 19:00:00+00:00,22.53333346048991,98.0,312.8333333333333,26.965183433936044,65.47144874899112,2.6861380156343073,0.0,21.5,94,0.0,0.0,13.6,-0.9659258262890684,0.2588190451025203,-0.4862727071086902,-0.8738071036110807
2025-07-31 20:00:00+00:00,23.15833346048991,96.66666666666667,309.1666666666667,26.970574206038446,65.44182136131289,2.687772398197686,0.0,21.4,95,7.0,0.0,12.7,-0.8660254037844386,0.5000000000000001,-0.4862727071086902,-0.8738071036110807
2025-07-31 21:00:00+00:00,23.5666667620341,96.33333333333333,303.75,26.97596497814085,65.41219397363466,2.689406780761065,0.0,22.2,90,81.0,0.0,15.7,-0.7071067811865477,0.7071067811865474,-0.4862727071086902,-0.8738071036110807
2025-07-31 22:00:00+00:00,24.583333174387615,94.5,298.4166666666667,26.981355750243253,65.38256658595641,2.691041163324444,0.0,23.2,85,190.0,0.0,18.3,-0.5000000000000004,0.8660254037844384,-0.4862727071086902,-0.8738071036110807
2025-07-31 23:00:00+00:00,26.59999990463257,87.41666666666667,287.5,26.98674652234566,65.35293919827818,2.6926755458878224,0.0,24.0,81,257.0,0.0,19.2,-0.25881904510252157,0.9659258262890681,-0.4862727071086902,-0.8738071036110807
2025-08-01 00:00:00+00:00,27.608333428700764,83.5,283.5,26.99213729444806,65.32331181059995,2.6943099284512018,0.0,25.0,76,426.0,0.1,19.2,0.0,1.0,-0.5012418134457756,-0.8653072543632061
2025-08-01 01:00:00+00:00,28.97500006357829,79.83333333333333,286.0833333333333,26.997528066550462,65.29368442292171,2.69594431101458,0.0,26.0,73,535.0,0.0,18.9,0.25881904510252074,0.9659258262890683,-0.5012418134457756,-0.8653072543632061
2025-08-01 02:00:00+00:00,28.75,79.08333333333333,285.3333333333333,27.002918838652867,65.26405703524347,2.697578693577959,0.0,26.7,69,713.0,0.0,19.1,0.49999999999999994,0.8660254037844387,-0.5012418134457756,-0.8653072543632061
2025-08-01 03:00:00+00:00,29.375000476837158,78.58333333333333,285.0,27.00830961075527,65.23442964756524,2.699213076141338,0.0,26.5,70,588.0,0.0,19.2,0.7071067811865475,0.7071067811865476,-0.5012418134457756,-0.8653072543632061
2025-08-01 04:00:00+00:00,29.591666380564373,76.66666666666667,288.9166666666667,27.01370038285767,65.204802259887,2.7008474587047164,0.0,26.3,71,590.0,0.0,18.5,0.8660254037844386,0.5000000000000001,-0.5012418134457756,-0.8653072543632061
2025-08-01 05:00:00+00:00,29.30833339691162,77.0,290.3333333333333,27.019091154960076,65.17517487220877,2.7024818412680958,0.0,26.5,70,703.0,0.0,17.8,0.9659258262890683,0.25881904510252074,-0.5012418134457756,-0.8653072543632061
2025-08-01 06:00:00+00:00,29.12499984105428,74.25,296.3333333333333,27.024481927062478,65.14554748453054,2.704116223831474,0.0,26.2,70,618.0,0.0,16.7,1.0,6.123233995736766e-17,-0.5012418134457756,-0.8653072543632061
2025-08-01 07:00:00+00:00,28.333333333333332,78.0,294.5833333333333,27.029872699164883,65.1159200968523,2.705750606394853,0.0,25.5,72,490.0,0.0,16.6,0.9659258262890683,-0.25881904510252063,-0.5012418134457756,-0.8653072543632061
2025-08-01 08:00:00+00:00,27.950000127156574,85.58333333333333,278.0,27.035263471267285,65.08629270917406,2.707384988958232,0.0,24.9,73,330.0,0.0,16.2,0.8660254037844387,-0.4999999999999998,-0.5012418134457756,-0.8653072543632061
2025-08-01 09:00:00+00:00,24.49166663487752,87.66666666666667,291.8333333333333,27.040654243369687,65.05666532149583,2.709019371521611,0.0,24.0,80,158.0,0.0,15.1,0.7071067811865476,-0.7071067811865475,-0.5012418134457756,-0.8653072543632061
2025-08-01 10:00:00+00:00,23.19166644414266,90.66666666666667,308.0833333333333,27.046045015472092,65.0270379338176,2.7106537540849898,0.0,22.5,91,30.0,0.0,14.2,0.49999999999999994,-0.8660254037844387,-0.5012418134457756,-0.8653072543632061
2025-08-01 11:00:00+00:00,23.133333047231037,93.41666666666667,316.3333333333333,27.051435787574494,64.99741054613936,2.712288136648368,0.0,21.8,96,0.0,0.0,13.0,0.258819045102521,-0.9659258262890682,-0.5012418134457756,-0.8653072543632061
2025-08-01 12:00:00+00:00,23.408332983652752,94.91666666666667,319.9166666666667,27.0568265596769,64.96778315846112,2.7139225192117475,0.0,21.5,98,0.0,0.0,10.7,1.2246467991473532e-16,-1.0,-0.5012418134457756,-0.8653072543632061
2025-08-01 13:00:00+00:00,23.525000254313152,97.33333333333333,317.6666666666667,27.0622173317793,64.93815577078288,2.715556901775126,0.0,22.4,96,0.0,0.0,11.4,-0.2588190451025208,-0.9659258262890683,-0.5012418134457756,-0.8653072543632061
2025-08-01 14:00:00+00:00,23.8249994913737,98.0,319.25,27.067608103881703,64.90852838310465,2.717191284338505,0.0,22.4,97,0.0,0.0,11.5,-0.4999999999999997,-0.8660254037844388,-0.5012418134457756,-0.8653072543632061
2025-08-01 15:00:00+00:00,23.883333047231037,97.08333333333333,324.4166666666667,27.07299887598411,64.87890099542642,2.7188256669018838,0.0,22.6,95,0.0,0.0,11.7,-0.7071067811865471,-0.7071067811865479,-0.5012418134457756,-0.8653072543632061
2025-08-01 16:00:00+00:00,23.916666348775234,97.33333333333333,323.5833333333333,27.07838964808651,64.84927360774819,2.7204600494652627,0.0,23.1,93,0.0,0.3,13.1,-0.8660254037844384,-0.5000000000000004,-0.5012418134457756,-0.8653072543632061
2025-08-01 17:00:00+00:00,23.84999942779541,97.66666666666667,319.5833333333333,27.083780420188916,64.81964622006996,2.7220944320286415,0.0,23.0,95,0.0,0.7,10.9,-0.9659258262890683,-0.25881904510252063,-0.5012418134457756,-0.8653072543632061
2025-08-01 18:00:00+00:00,23.733333428700764,98.25,321.1666666666667,27.089171192291317,64.79001883239171,2.72372881459202,0.0,23.0,98,0.0,0.6,15.6,-1.0,-1.8369701987210297e-16,-0.5012418134457756,-0.8653072543632061
2025-08-01 19:00:00+00:00,23.53333346048991,99.91666666666667,322.75,27.09456196439372,64.76039144471348,2.7253631971553993,0.0,23.0,98,0.0,0.2,17.1,-0.9659258262890684,0.2588190451025203,-0.5012418134457756,-0.8653072543632061
2025-08-01 20:00:00+00:00,23.55833355585734,100.0,314.0,27.099952736496125,64.73076405703524,2.7269975797187778,0.0,22.9,99,2.0,0.4,15.6,-0.8660254037844386,0.5000000000000001,-0.5012418134457756,-0.8653072543632061
2025-08-01 21:00:00+00:00,23.925000031789143,100.0,314.1666666666667,27.105343508598526,64.701136669357,2.7286319622821567,0.0,23.1,97,26.0,0.1,18.6,-0.7071067811865477,0.7071067811865474,-0.5012418134457756,-0.8653072543632061
2025-08-01 22:00:00+00:00,24.616666475931805,99.41666666666667,305.9166666666667,27.11073428070093,64.67150928167877,2.7302663448455355,0.0,23.3,97,59.0,0.2,18.2,-0.5000000000000004,0.8660254037844384,-0.5012418134457756,-0.8653072543632061
2025-08-01 23:00:00+00:00,24.991666793823242,98.83333333333333,302.25,27.116125052803334,64.64188189400053,2.731900727408914,0.0,23.4,96,101.0,0.3,17.9,-0.25881904510252157,0.9659258262890681,-0.5012418134457756,-0.8653072543632061
2025-08-02 00:00:00+00:00,27.74166663487752,94.75,288.0833333333333,27.121515824905735,64.6122545063223,2.7335351099722933,0.0,24.2,92,270.0,0.2,18.4,0.0,1.0,-0.5160623910158526,-0.8565509959010037
2025-08-02 01:00:00+00:00,28.325000127156574,94.33333333333333,281.1666666666667,27.126906597008137,64.58262711864407,2.7351694925356718,0.0,26.1,88,434.0,0.1,18.7,0.25881904510252074,0.9659258262890683,-0.5160623910158526,-0.8565509959010037
2025-08-02 02:00:00+00:00,28.625,92.41666666666667,283.5,27.132297369110542,64.55299973096584,2.736803875099051,0.0,26.2,86,415.0,0.1,17.8,0.49999999999999994,0.8660254037844387,-0.5160623910158526,-0.8565509959010037
2025-08-02 03:00:00+00:00,27.925000031789143,95.75,278.0,27.137688141212944,64.5233723432876,2.7384382576624295,0.0,26.9,82,562.0,0.1,18.7,0.7071067811865475,0.7071067811865476,-0.5160623910158526,-0.8565509959010037
2025-08-02 04:00:00+00:00,30.96666685740153,87.5,285.3333333333333,27.14307891331535,64.49374495560936,2.7400726402258084,0.0,27.1,81,592.0,0.1,17.6,0.8660254037844386,0.5000000000000001,-0.5160623910158526,-0.8565509959010037
2025-08-02 05:00:00+00:00,30.958333492279053,84.66666666666667,295.6666666666667,27.14846968541775,64.46411756793113,2.7417070227891873,0.0,27.4,81,548.0,0.2,16.1,0.9659258262890683,0.25881904510252074,-0.5160623910158526,-0.8565509959010037
2025-08-02 06:00:00+00:00,29.516666889190674,89.16666666666667,290.5,27.153860457520153,64.4344901802529,2.7433414053525658,0.0,27.8,78,581.0,0.0,13.7,1.0,6.123233995736766e-17,-0.5160623910158526,-0.8565509959010037
2025-08-02 07:00:00+00:00,28.199999968210857,93.41666666666667,285.3333333333333,27.15925122962256,64.40486279257465,2.744975787915945,0.0,26.8,83,384.0,0.0,15.4,0.9659258262890683,-0.25881904510252063,-0.5160623910158526,-0.8565509959010037
2025-08-02 08:00:00+00:00,27.84166669845581,97.58333333333333,302.75,27.16464200172496,64.37523540489642,2.7466101704793235,0.0,26.0,85,247.0,0.0,11.4,0.8660254037844387,-0.4999999999999998,-0.5160623910158526,-0.8565509959010037
2025-08-02 09:00:00+00:00,25.6916667620341,97.83333333333333,314.5833333333333,27.170032773827366,64.34560801721818,2.7482445530427024,0.0,25.1,89,96.0,0.0,9.7,0.7071067811865476,-0.7071067811865475,-0.5160623910158526,-0.8565509959010037
2025-08-02 10:00:00+00:00,25.108333587646484,98.83333333333333,313.5,27.175423545929767,64.31598062953995,2.7498789356060813,0.0,23.9,94,15.0,0.0,10.9,0.49999999999999994,-0.8660254037844387,-0.5160623910158526,-0.8565509959010037
2025-08-02 11:00:00+00:00,24.925000031789143,99.66666666666667,326.75,27.18081431803217,64.28635324186172,2.75151331816946,0.0,23.0,97,0.0,0.0,9.5,0.258819045102521,-0.9659258262890682,-0.5160623910158526,-0.8565509959010037
2025-08-02 12:00:00+00:00,24.574999968210857,100.0,335.3333333333333,27.186205090134575,64.25672585418349,2.753147700732839,0.0,23.0,97,0.0,0.0,8.0,1.2246467991473532e-16,-1.0,-0.5160623910158526,-0.8565509959010037
2025-08-02 13:00:00+00:00,23.858333428700764,100.0,386.3333333333333,27.191595862236976,64.22709846650525,2.7547820832962175,0.0,23.5,98,0.0,0.2,3.1,-0.2588190451025208,-0.9659258262890683,-0.5160623910158526,-0.8565509959010037
2025-08-02 14:00:00+00:00,23.53333346048991,100.0,406.1666666666667,27.196986634339382,64.19747107882701,2.756416465859597,0.0,22.9,100,0.0,0.0,0.9,-0.4999999999999997,-0.8660254037844388,-0.5160623910158526,-0.8565509959010037
2025-08-02 15:00:00+00:00,23.250000317891438,100.0,416.4166666666667,27.202377406441784,64.16784369114878,2.7580508484229753,0.0,22.5,100,0.0,0.0,0.7,-0.7071067811865471,-0.7071067811865479,-0.5160623910158526,-0.8565509959010037
2025-08-02 16:00:00+00:00,23.36666711171468,100.0,398.5,27.207768178544185,64.13821630347054,2.759685230986354,0.0,22.2,100,0.0,0.0,1.7,-0.8660254037844384,-0.5000000000000004,-0.5160623910158526,-0.8565509959010037
2025-08-02 17:00:00+00:00,23.100000222524006,100.0,395.1666666666667,27.21315895064659,64.1085889157923,2.761319613549733,0.0,22.3,100,0.0,0.0,3.1,-0.9659258262890683,-0.25881904510252063,-0.5160623910158526,-0.8565509959010037
2025-08-02 18:00:00+00:00,23.291666507720947,100.0,383.5,27.218549722748993,64.07896152811406,2.762953996113112,0.0,22.2,99,0.0,0.0,5.0,-1.0,-1.8369701987210297e-16,-0.5160623910158526,-0.8565509959010037
2025-08-02 19:00:00+00:00,22.97499990463257,100.0,355.5833333333333,27.223940494851398,64.04933414043583,2.764588378676491,0.0,22.5,98,0.0,0.0,7.3,-0.9659258262890684,0.2588190451025203,-0.5160623910158526,-0.8565509959010037
2025-08-02 20:00:00+00:00,23.266666571299236,100.0,358.3333333333333,27.2293312669538,64.0197067527576,2.7662227612398693,0.0,22.9,96,5.0,0.0,7.1,-0.8660254037844386,0.5000000000000001,-0.5160623910158526,-0.8565509959010037
2025-08-02 21:00:00+00:00,25.15000009536743,96.91666666666667,326.5,27.2347220390562,63.99007936507937,2.7678571438032487,0.0,23.4,95,46.0,0.0,8.7,-0.7071067811865477,0.7071067811865474,-0.5160623910158526,-0.8565509959010037
2025-08-02 22:00:00+00:00,27.008333047231037,91.66666666666667,295.3333333333333,27.240112811158607,63.96045197740113,2.769491526366627,0.0,24.4,91,159.0,0.0,9.6,-0.5000000000000004,0.8660254037844384,-0.5160623910158526,-0.8565509959010037
2025-08-02 23:00:00+00:00,28.208333174387615,87.16666666666667,289.0,27.24550358326101,63.93082458972289,2.771125908930006,0.0,25.8,83,354.0,0.0,8.4,-0.25881904510252157,0.9659258262890681,-0.5160623910158526,-0.8565509959010037
2025-08-03 00:00:00+00:00,31.27499993642171,80.33333333333333,293.5833333333333,27.250894355363414,63.901197202044656,2.772760291493385,0.0,26.9,77,530.0,0.0,6.9,0.0,1.0,-0.5307300481619331,-0.8475409228928312
2025-08-03 01:00:00+00:00,31.5749994913737,76.75,301.4166666666667,27.256285127465816,63.871569814366424,2.7743946740567633,0.0,28.2,69,663.0,0.0,8.3,0.25881904510252074,0.9659258262890683,-0.5307300481619331,-0.8475409228928312
2025-08-03 02:00:00+00:00,32.73333342870077,72.0,297.6666666666667,27.261675899568218,63.84194242668819,2.7760290566201427,0.0,28.9,65,671.0,0.0,7.0,0.49999999999999994,0.8660254037844387,-0.5307300481619331,-0.8475409228928312
2025-08-03 03:00:00+00:00,33.641666412353516,69.25,303.25,27.26706667167062,63.81231503900995,2.777663439183521,0.0,29.6,62,731.0,0.0,5.1,0.7071067811865475,0.7071067811865476,-0.5307300481619331,-0.8475409228928312
2025-08-03 04:00:00+00:00,32.79166714350382,70.16666666666667,298.8333333333333,27.272457443773025,63.78268765133171,2.7792978217469,0.0,30.3,59,749.0,0.0,3.1,0.8660254037844386,0.5000000000000001,-0.5307300481619331,-0.8475409228928312
2025-08-03 05:00:00+00:00,31.583333333333332,71.91666666666667,302.4166666666667,27.27784821587543,63.75306026365348,2.780932204310279,0.0,30.6,55,701.0,0.0,1.4,0.9659258262890683,0.25881904510252074,-0.5307300481619331,-0.8475409228928312
2025-08-03 06:00:00+00:00,31.199999968210857,75.5,287.8333333333333,27.283238987977832,63.72343287597525,2.7825665868736578,0.0,30.2,58,573.0,0.0,4.6,1.0,6.123233995736766e-17,-0.5307300481619331,-0.8475409228928312
2025-08-03 07:00:00+00:00,29.18333339691162,80.66666666666667,296.3333333333333,27.288629760080234,63.693805488297016,2.7842009694370367,0.0,29.6,64,473.0,0.0,7.0,0.9659258262890683,-0.25881904510252063,-0.5307300481619331,-0.8475409228928312
2025-08-03 08:00:00+00:00,28.824999968210857,80.58333333333333,298.5,27.294020532182635,63.66417810061878,2.785835352000415,0.0,28.9,69,322.0,0.0,4.9,0.8660254037844387,-0.4999999999999998,-0.5307300481619331,-0.8475409228928312
2025-08-03 09:00:00+00:00,26.266666889190674,89.66666666666667,302.25,27.29941130428504,63.63455071294054,2.7874697345637944,0.0,27.5,81,150.0,0.0,1.7,0.7071067811865476,-0.7071067811865475,-0.5307300481619331,-0.8475409228928312
2025-08-03 10:00:00+00:00,24.550000031789143,95.91666666666667,326.6666666666667,27.304802076387443,63.604923325262305,2.789104117127173,0.0,25.2,93,25.0,0.0,2.4,0.49999999999999994,-0.8660254037844387,-0.5307300481619331,-0.8475409228928312
2025-08-03 11:00:00+00:00,23.483333110809326,98.91666666666667,354.0833333333333,27.310192848489848,63.57529593758407,2.7907384996905518,0.0,24.0,98,0.0,0.0,3.1,0.258819045102521,-0.9659258262890682,-0.5307300481619331,-0.8475409228928312
2025-08-03 12:00:00+00:00,23.258333524068195,99.58333333333333,359.0833333333333,27.31558362059225,63.54566854990584,2.7923728822539307,0.0,23.2,100,0.0,0.0,4.6,1.2246467991473532e-16,-1.0,-0.5307300481619331,-0.8475409228928312
2025-08-03 13:00:00+00:00,23.233333269755047,99.41666666666667,344.8333333333333,27.32097439269465,63.5160411622276,2.7940072648173095,0.0,23.0,99,0.0,0.0,6.5,-0.2588190451025208,-0.9659258262890683,-0.5307300481619331,-0.8475409228928312
2025-08-03 14:00:00+00:00,22.708333174387615,100.0,359.5833333333333,27.326365164797057,63.48641377454936,2.7956416473806884,0.0,22.3,100,0.0,0.0,6.9,-0.4999999999999997,-0.8660254037844388,-0.5307300481619331,-0.8475409228928312
2025-08-03 15:00:00+00:00,22.40833330154419,100.0,366.3333333333333,27.33175593689946,63.45678638687113,2.797276029944067,0.0,22.1,100,0.0,0.0,6.7,-0.7071067811865471,-0.7071067811865479,-0.5307300481619331,-0.8475409228928312
2025-08-03 16:00:00+00:00,23.058333079020183,100.0,354.5,27.337146709001864,63.4271589991929,2.798910412507446,0.0,22.2,100,0.0,0.0,8.5,-0.8660254037844384,-0.5000000000000004,-0.5307300481619331,-0.8475409228928312
2025-08-03 17:00:00+00:00,23.074999809265137,100.0,344.9166666666667,27.342537481104266,63.397531611514665,2.8005447950708247,0.0,22.1,100,0.0,0.0,9.3,-0.9659258262890683,-0.25881904510252063,-0.5307300481619331,-0.8475409228928312
2025-08-03 18:00:00+00:00,23.091667016347248,100.0,346.75,27.347928253206668,63.367904223836426,2.8021791776342035,0.0,22.0,100,0.0,0.0,9.7,-1.0,-1.8369701987210297e-16,-0.5307300481619331,-0.8475409228928312
2025-08-03 19:00:00+00:00,23.291666666666668,100.0,344.75,27.353319025309073,63.33827683615819,2.8038135601975824,0.0,21.8,100,0.0,0.0,12.5,-0.9659258262890684,0.2588190451025203,-0.5307300481619331,-0.8475409228928312
2025-08-03 20:00:00+00:00,23.458333015441895,100.0,338.0,27.358709797411475,63.308649448479954,2.805447942760961,0.0,21.8,99,4.0,0.0,14.6,-0.8660254037844386,0.5000000000000001,-0.5307300481619331,-0.8475409228928312
2025-08-03 21:00:00+00:00,24.39999993642171,98.08333333333333,328.25,27.36410056951388,63.27902206080172,2.80708232532434,0.0,22.1,97,32.0,0.1,16.7,-0.7071067811865477,0.7071067811865474,-0.5307300481619331,-0.8475409228928312
2025-08-03 22:00:00+00:00,25.34166653951009,95.75,310.6666666666667,27.369491341616282,63.24939467312349,2.8087167078877187,0.0,22.9,94,89.0,0.0,17.2,-0.5000000000000004,0.8660254037844384,-0.5307300481619331,-0.8475409228928312
2025-08-03 23:00:00+00:00,25.97499990463257,93.5,295.8333333333333,27.374882113718684,63.21976728544525,2.8103510904510975,0.0,24.1,88,229.0,0.1,19.0,-0.25881904510252157,0.9659258262890681,-0.5307300481619331,-0.8475409228928312
2025-08-04 00:00:00+00:00,27.44166660308838,88.91666666666667,285.3333333333333,27.38027288582109,63.19013989776701,2.8119854730144764,0.0,24.9,85,298.0,0.1,20.9,0.0,1.0,-0.5452404385406507,-0.8382797052177745
2025-08-04 01:00:00+00:00,29.549999713897705,83.16666666666667,285.8333333333333,27.38566365792349,63.16051251008878,2.8136198555778553,0.0,25.7,81,459.0,0.1,23.4,0.25881904510252074,0.9659258262890683,-0.5452404385406507,-0.8382797052177745
2025-08-04 02:00:00+00:00,29.274999777475994,85.0,286.3333333333333,27.391054430025896,63.13088512241055,2.815254238141234,0.0,26.2,78,600.0,0.1,21.9,0.49999999999999994,0.8660254037844387,-0.5452404385406507,-0.8382797052177745
2025-08-04 03:00:00+00:00,27.708333492279053,93.75,281.25,27.396445202128298,63.101257734732314,2.8168886207046127,0.0,26.2,77,480.0,0.0,19.3,0.7071067811865475,0.7071067811865476,-0.5452404385406507,-0.8382797052177745
2025-08-04 04:00:00+00:00,27.533333619435627,93.16666666666667,273.0833333333333,27.4018359742307,63.071630347054075,2.818523003267992,0.0,26.0,79,375.0,0.0,20.7,0.8660254037844386,0.5000000000000001,-0.5452404385406507,-0.8382797052177745
2025-08-04 05:00:00+00:00,27.733333428700764,97.08333333333333,285.0,27.4072267463331,63.042002959375836,2.8201573858313704,0.0,24.6,87,177.0,0.1,19.9,0.9659258262890683,0.25881904510252074,-0.5452404385406507,-0.8382797052177745
2025-08-04 06:00:00+00:00,26.933333079020183,99.91666666666667,321.5833333333333,27.412617518435507,63.0123755716976,2.8217917683947493,0.0,24.1,89,111.0,0.1,18.2,1.0,6.123233995736766e-17,-0.5452404385406507,-0.8382797052177745
2025-08-04 07:00:00+00:00,27.12500015894572,99.83333333333333,327.1666666666667,27.418008290537912,62.98274818401937,2.823426150958128,0.0,24.0,91,71.0,0.1,16.9,0.9659258262890683,-0.25881904510252063,-0.5452404385406507,-0.8382797052177745
2025-08-04 08:00:00+00:00,26.65833330154419,100.0,358.0833333333333,27.423399062640314,62.95312079634114,2.825060533521507,0.0,23.7,93,49.0,0.5,14.3,0.8660254037844387,-0.4999999999999998,-0.5452404385406507,-0.8382797052177745
2025-08-04 09:00:00+00:00,24.46666653951009,98.83333333333333,326.1666666666667,27.428789834742716,62.9234934086629,2.826694916084886,0.0,23.2,95,19.0,0.7,15.8,0.7071067811865476,-0.7071067811865475,-0.5452404385406507,-0.8382797052177745
2025-08-04 10:00:00+00:00,24.141666889190674,98.91666666666667,318.6666666666667,27.434180606845118,62.89386602098466,2.8283292986482644,0.0,23.0,96,6.0,0.1,14.5,0.49999999999999994,-0.8660254037844387,-0.5452404385406507,-0.8382797052177745
2025-08-04 11:00:00+00:00,24.141666889190674,98.5,315.5833333333333,27.439571378947523,62.86423863330643,2.8299636812116438,0.0,23.0,96,0.0,0.0,15.3,0.258819045102521,-0.9659258262890682,-0.5452404385406507,-0.8382797052177745
2025-08-04 12:00:00+00:00,23.983333269755047,99.0,315.6666666666667,27.444962151049925,62.834611245628196,2.831598063775022,0.0,23.0,95,0.0,0.0,16.6,1.2246467991473532e-16,-1.0,-0.5452404385406507,-0.8382797052177745
2025-08-04 13:00:00+00:00,23.891666253407795,98.41666666666667,315.0833333333333,27.45035292315233,62.80498385794996,2.833232446338401,0.0,23.5,97,0.0,0.0,16.5,-0.2588190451025208,-0.9659258262890683,-0.5452404385406507,-0.8382797052177745
2025-08-04 14:00:00+00:00,23.983333269755047,97.58333333333333,314.0833333333333,27.455743695254732,62.775356470271724,2.83486682890178,0.0,23.6,97,0.0,0.0,18.2,-0.4999999999999997,-0.8660254037844388,-0.5452404385406507,-0.8382797052177745
2025-08-04 15:00:00+00:00,23.924999713897705,97.25,313.5833333333333,27.461134467357134,62.745729082593485,2.8365012114651584,0.0,23.6,97,0.0,0.0,17.6,-0.7071067811865471,-0.7071067811865479,-0.5452404385406507,-0.8382797052177745
2025-08-04 16:00:00+00:00,23.874999523162842,97.83333333333333,313.8333333333333,27.46652523945954,62.71610169491525,2.8381355940285378,0.0,23.5,97,0.0,0.1,17.2,-0.8660254037844384,-0.5000000000000004,-0.5452404385406507,-0.8382797052177745
2025-08-04 17:00:00+00:00,23.72500006357829,99.91666666666667,318.5,27.47191601156194,62.68647430723702,2.839769976591916,0.0,23.2,99,0.0,1.1,16.5,-0.9659258262890683,-0.25881904510252063,-0.5452404385406507,-0.8382797052177745
2025-08-04 18:00:00+00:00,23.68333387374878,100.0,318.75,27.477306783664346,62.65684691955879,2.841404359155295,0.0,23.2,99,0.0,2.8,16.1,-1.0,-1.8369701987210297e-16,-0.5452404385406507,-0.8382797052177745
2025-08-04 19:00:00+00:00,23.96666669845581,100.0,319.5833333333333,27.482697555766748,62.62721953188055,2.843038741718674,0.0,23.2,99,0.0,2.1,14.2,-0.9659258262890684,0.2588190451025203,-0.5452404385406507,-0.8382797052177745
2025-08-04 20:00:00+00:00,24.083333651224773,99.91666666666667,314.1666666666667,27.48808832786915,62.59759214420231,2.844673124282053,0.0,22.4,99,1.0,4.4,8.3,-0.8660254037844386,0.5000000000000001,-0.5452404385406507,-0.8382797052177745
2025-08-04 21:00:00+00:00,24.075000127156574,98.25,305.75,27.493479099971555,62.56796475652408,2.8463075068454318,0.0,21.9,99,15.0,2.6,9.0,-0.7071067811865477,0.7071067811865474,-0.5452404385406507,-0.8382797052177745
2025-08-04 22:00:00+00:00,24.35000006357829,97.0,301.8333333333333,27.498869872073957,62.538337368845845,2.84794188940881,0.0,22.0,99,63.0,0.5,12.4,-0.5000000000000004,0.8660254037844384,-0.5452404385406507,-0.8382797052177745
2025-08-04 23:00:00+00:00,25.799999872843426,95.83333333333333,291.8333333333333,27.504260644176362,62.50870998116761,2.8495762719721895,0.0,23.0,93,179.0,0.3,17.3,-0.25881904510252157,0.9659258262890681,-0.5452404385406507,-0.8382797052177745
2025-08-05 00:00:00+00:00,28.074999968210857,88.58333333333333,281.5,27.509651416278764,62.47908259348937,2.851210654535568,0.0,24.2,90,382.0,0.1,15.3,0.0,1.0,-0.5595892624101763,-0.828770087174504
2025-08-05 01:00:00+00:00,31.125,81.91666666666667,286.9166666666667,27.515042188381166,62.449455205811134,2.852845037098947,0.0,25.9,86,416.0,0.1,9.9,0.25881904510252074,0.9659258262890683,-0.5595892624101763,-0.828770087174504
2025-08-05 02:00:00+00:00,30.69166644414266,82.83333333333333,288.3333333333333,27.52043296048357,62.4198278181329,2.8544794196623258,0.0,27.9,75,785.0,0.0,8.5,0.49999999999999994,0.8660254037844387,-0.5595892624101763,-0.828770087174504
2025-08-05 03:00:00+00:00,29.383333524068195,86.75,274.1666666666667,27.525823732585973,62.39020043045467,2.8561138022257047,0.0,28.4,71,720.0,0.0,7.0,0.7071067811865475,0.7071067811865476,-0.5595892624101763,-0.828770087174504
2025-08-05 04:00:00+00:00,30.43333339691162,81.66666666666667,286.3333333333333,27.53121450468838,62.36057304277644,2.8577481847890835,0.0,27.7,74,666.0,0.0,4.3,0.8660254037844386,0.5000000000000001,-0.5595892624101763,-0.828770087174504
2025-08-05 05:00:00+00:00,29.416666825612385,82.16666666666667,282.3333333333333,27.53660527679078,62.3309456550982,2.859382567352462,0.0,26.0,82,672.0,0.6,11.4,0.9659258262890683,0.25881904510252074,-0.5595892624101763,-0.828770087174504
2025-08-05 06:00:00+00:00,29.241666316986084,82.66666666666667,278.25,27.541996048893182,62.30131826741996,2.8610169499158413,0.0,26.0,81,341.0,0.0,8.2,1.0,6.123233995736766e-17,-0.5595892624101763,-0.828770087174504
2025-08-05 07:00:00+00:00,28.608333428700764,83.08333333333333,284.3333333333333,27.547386820995587,62.271690879741726,2.8626513324792198,0.0,26.5,76,456.0,0.1,12.6,0.9659258262890683,-0.25881904510252063,-0.5595892624101763,-0.828770087174504
2025-08-05 08:00:00+00:00,27.883333524068195,94.0,277.6666666666667,27.55277759309799,62.242063492063494,2.8642857150425987,0.0,25.8,76,293.0,0.0,11.1,0.8660254037844387,-0.4999999999999998,-0.5595892624101763,-0.828770087174504
2025-08-05 09:00:00+00:00,24.991666475931805,92.83333333333333,296.75,27.558168365200395,62.212436104385255,2.8659200976059775,0.0,24.9,81,135.0,0.0,9.8,0.7071067811865476,-0.7071067811865475,-0.5595892624101763,-0.828770087174504
2025-08-05 10:00:00+00:00,24.333333174387615,95.66666666666667,315.0,27.563559137302796,62.18280871670702,2.867554480169356,0.0,23.8,85,20.0,0.0,8.1,0.49999999999999994,-0.8660254037844387,-0.5595892624101763,-0.828770087174504
2025-08-05 11:00:00+00:00,24.008333524068195,96.41666666666667,321.9166666666667,27.568949909405198,62.15318132902878,2.8691888627327353,0.0,23.3,87,0.0,0.0,6.9,0.258819045102521,-0.9659258262890682,-0.5595892624101763,-0.828770087174504
2025-08-05 12:00:00+00:00,23.383333206176758,99.5,350.5833333333333,27.5743406815076,62.12355394135055,2.8708232452961138,0.0,22.7,91,0.0,0.0,4.0,1.2246467991473532e-16,-1.0,-0.5595892624101763,-0.828770087174504
2025-08-05 13:00:00+00:00,23.59166685740153,98.41666666666667,338.3333333333333,27.579731453610005,62.09392655367232,2.872457627859493,0.0,22.5,95,0.0,0.0,3.6,-0.2588190451025208,-0.9659258262890683,-0.5595892624101763,-0.828770087174504
2025-08-05 14:00:00+00:00,23.0666667620341,99.33333333333333,350.5,27.585122225712407,62.06429916599408,2.8740920104228715,0.0,22.5,94,0.0,0.0,0.9,-0.4999999999999997,-0.8660254037844388,-0.5595892624101763,-0.828770087174504
2025-08-05 15:00:00+00:00,22.93333339691162,99.66666666666667,357.1666666666667,27.590512997814812,62.03467177831585,2.8757263929862504,0.0,22.5,94,0.0,0.0,0.7,-0.7071067811865471,-0.7071067811865479,-0.5595892624101763,-0.828770087174504
2025-08-05 16:00:00+00:00,22.24166663487752,100.0,370.0,27.595903769917214,62.00504439063761,2.8773607755496293,0.0,21.9,94,0.0,0.0,0.4,-0.8660254037844384,-0.5000000000000004,-0.5595892624101763,-0.828770087174504
2025-08-05 17:00:00+00:00,21.63333336512248,100.0,403.8333333333333,27.601294542019616,61.975417002959375,2.8789951581130078,0.0,21.4,95,0.0,0.0,0.4,-0.9659258262890683,-0.25881904510252063,-0.5595892624101763,-0.828770087174504
2025-08-05 18:00:00+00:00,21.191666920979817,100.0,432.75,27.60668531412202,61.94578961528114,2.880629540676387,0.0,21.2,95,0.0,0.0,0.6,-1.0,-1.8369701987210297e-16,-0.5595892624101763,-0.828770087174504
2025-08-05 19:00:00+00:00,21.47499990463257,100.0,409.8333333333333,27.612076086224423,61.916162227602904,2.8822639232397655,0.0,20.8,97,0.0,0.0,0.4,-0.9659258262890684,0.2588190451025203,-0.5595892624101763,-0.828770087174504
2025-08-05 20:00:00+00:00,22.13333336512248,99.83333333333333,401.3333333333333,27.61746685832683,61.88653483992467,2.8838983058031444,0.0,20.6,98,6.0,0.0,0.4,-0.8660254037844386,0.5000000000000001,-0.5595892624101763,-0.828770087174504
2025-08-05 21:00:00+00:00,24.274999777475994,97.25,395.8333333333333,27.62285763042923,61.85690745224643,2.8855326883665233,0.0,22.0,95,63.0,0.0,3.6,-0.7071067811865477,0.7071067811865474,-0.5595892624101763,-0.828770087174504
2025-08-05 22:00:00+00:00,26.15833330154419,92.33333333333333,325.25,27.628248402531632,61.8272800645682,2.887167070929902,0.0,23.6,89,210.0,0.0,1.5,-0.5000000000000004,0.8660254037844384,-0.5595892624101763,-0.828770087174504
2025-08-05 23:00:00+00:00,26.62499984105428,89.75,290.0,27.633639174634038,61.79765267688997,2.888801453493281,0.0,24.3,86,254.0,0.0,4.6,-0.25881904510252157,0.9659258262890681,-0.5595892624101763,-0.828770087174504
2025-08-06 00:00:00+00:00,26.699999809265137,91.33333333333333,302.6666666666667,27.63902994673644,61.76802528921173,2.8904358360566595,0.0,26.2,75,605.0,0.0,6.4,0.0,1.0,-0.5737722679043243,-0.8190148866680802
2025-08-06 01:00:00+00:00,28.666666348775227,88.58333333333333,294.25,27.644420718838845,61.738397901533496,2.892070218620039,0.0,23.8,85,295.0,0.0,10.4,0.25881904510252074,0.9659258262890683,-0.5737722679043243,-0.8190148866680802
2025-08-06 02:00:00+00:00,29.14999993642171,87.5,289.9166666666667,27.649811490941246,61.70877051385526,2.8937046011834173,0.0,26.4,76,548.0,0.0,11.5,0.49999999999999994,0.8660254037844387,-0.5737722679043243,-0.8190148866680802
2025-08-06 03:00:00+00:00,28.299999872843426,87.83333333333333,277.1666666666667,27.65520226304365,61.679143126177024,2.895338983746796,0.0,27.0,75,506.0,0.0,10.5,0.7071067811865475,0.7071067811865476,-0.5737722679043243,-0.8190148866680802
2025-08-06 04:00:00+00:00,28.36666663487752,86.25,270.1666666666667,27.660593035146054,61.64951573849879,2.896973366310175,0.0,26.2,75,244.0,0.1,12.5,0.8660254037844386,0.5000000000000001,-0.5737722679043243,-0.8190148866680802
2025-08-06 05:00:00+00:00,28.008333206176758,89.83333333333333,270.9166666666667,27.665983807248455,61.61988835082055,2.8986077488735535,0.0,25.1,87,121.0,0.8,10.5,0.9659258262890683,0.25881904510252074,-0.5737722679043243,-0.8190148866680802
2025-08-06 06:00:00+00:00,27.983333587646484,95.5,266.5,27.67137457935086,61.59026096314231,2.900242131436933,0.0,25.4,85,231.0,0.1,9.9,1.0,6.123233995736766e-17,-0.5737722679043243,-0.8190148866680802
2025-08-06 07:00:00+00:00,27.84166669845581,92.91666666666667,256.6666666666667,27.676765351453263,61.56063357546408,2.9018765140003113,0.0,25.0,87,134.0,0.1,9.6,0.9659258262890683,-0.25881904510252063,-0.5737722679043243,-0.8190148866680802
2025-08-06 08:00:00+00:00,26.84166653951009,99.5,280.3333333333333,27.682156123555664,61.53100618778585,2.9035108965636907,0.0,24.5,89,49.0,0.1,7.9,0.8660254037844387,-0.4999999999999998,-0.5737722679043243,-0.8190148866680802
2025-08-06 09:00:00+00:00,23.65833346048991,94.16666666666667,304.75,27.68754689565807,61.50137880010762,2.905145279127069,0.0,24.1,89,36.0,0.1,6.5,0.7071067811865476,-0.7071067811865475,-0.5737722679043243,-0.8190148866680802
2025-08-06 10:00:00+00:00,22.666666984558105,98.66666666666667,316.0,27.69293766776047,61.47175141242938,2.906779661690448,0.0,23.0,94,5.0,0.8,10.5,0.49999999999999994,-0.8660254037844387,-0.5737722679043243,-0.8190148866680802
2025-08-06 11:00:00+00:00,22.208333174387615,100.0,310.25,27.698328439862877,61.44212402475114,2.908414044253827,0.0,22.2,97,0.0,1.5,10.7,0.258819045102521,-0.9659258262890682,-0.5737722679043243,-0.8190148866680802
2025-08-06 12:00:00+00:00,21.97500006357829,100.0,316.5,27.70371921196528,61.412496637072906,2.9100484268172053,0.0,21.9,97,0.0,1.4,12.4,1.2246467991473532e-16,-1.0,-0.5737722679043243,-0.8190148866680802
2025-08-06 13:00:00+00:00,22.016666730244953,100.0,331.0,27.70910998406768,61.38286924939467,2.9116828093805847,0.0,21.6,98,0.0,0.0,8.6,-0.2588190451025208,-0.9659258262890683,-0.5737722679043243,-0.8190148866680802
2025-08-06 14:00:00+00:00,21.983333269755047,100.0,344.0833333333333,27.714500756170082,61.35324186171644,2.913317191943963,0.0,21.6,97,0.0,0.0,11.7,-0.4999999999999997,-0.8660254037844388,-0.5737722679043243,-0.8190148866680802
2025-08-06 15:00:00+00:00,22.40833314259847,100.0,322.1666666666667,27.719891528272488,61.3236144740382,2.914951574507342,0.0,21.4,98,0.0,0.0,7.8,-0.7071067811865471,-0.7071067811865479,-0.5737722679043243,-0.8190148866680802
2025-08-06 16:00:00+00:00,22.50833336512248,100.0,314.1666666666667,27.72528230037489,61.29398708635996,2.916585957070721,0.0,21.4,99,0.0,0.0,10.0,-0.8660254037844384,-0.5000000000000004,-0.5737722679043243,-0.8190148866680802
2025-08-06 17:00:00+00:00,22.658333778381348,100.0,313.0,27.730673072477295,61.26435969868173,2.9182203396340998,0.0,21.6,99,0.0,0.1,12.1,-0.9659258262890683,-0.25881904510252063,-0.5737722679043243,-0.8190148866680802
2025-08-06 18:00:00+00:00,22.458333333333332,100.0,314.25,27.736063844579697,61.2347323110035,2.9198547221974787,0.0,21.9,98,0.0,0.1,15.2,-1.0,-1.8369701987210297e-16,-0.5737722679043243,-0.8190148866680802
2025-08-06 19:00:00+00:00,22.09166653951009,100.0,309.5,27.7414546166821,61.205104923325266,2.921489104760857,0.0,21.6,98,0.0,0.3,14.4,-0.9659258262890684,0.2588190451025203,-0.5737722679043243,-0.8190148866680802
2025-08-06 20:00:00+00:00,21.858333269755047,100.0,303.0,27.746845388784504,61.175477535647026,2.9231234873242364,0.0,21.5,98,1.0,1.3,9.0,-0.8660254037844386,0.5000000000000001,-0.5737722679043243,-0.8190148866680802
2025-08-06 21:00:00+00:00,22.00833336512248,99.91666666666667,300.8333333333333,27.752236160886905,61.14585014796879,2.924757869887615,0.0,21.5,98,25.0,1.6,12.7,-0.7071067811865477,0.7071067811865474,-0.5737722679043243,-0.8190148866680802
2025-08-06 22:00:00+00:00,22.850000222524006,99.25,291.1666666666667,27.75762693298931,61.116222760290555,2.9263922524509938,0.0,21.5,98,40.0,0.3,12.7,-0.5000000000000004,0.8660254037844384,-0.5737722679043243,-0.8190148866680802
2025-08-06 23:00:00+00:00,23.52500009536743,97.58333333333333,283.8333333333333,27.763017705091713,61.08659537261232,2.9280266350143727,0.0,21.6,98,93.0,0.5,13.0,-0.25881904510252157,0.9659258262890681,-0.5737722679043243,-0.8190148866680802
2025-08-07 00:00:00+00:00,24.499999682108562,97.33333333333333,273.8333333333333,27.768408477194114,61.05696798493409,2.9296610175777515,0.0,21.8,98,89.0,1.0,13.3,0.0,1.0,-0.5877852522924734,-0.8090169943749472
2025-08-07 01:00:00+00:00,25.46666685740153,98.25,261.5833333333333,27.77379924929652,61.02734059725585,2.9312954001411304,0.0,22.4,93,118.0,0.2,9.8,0.25881904510252074,0.9659258262890683,-0.5877852522924734,-0.8090169943749472
2025-08-07 02:00:00+00:00,27.1916667620341,93.91666666666667,262.5833333333333,27.77919002139892,60.99771320957761,2.932929782704509,0.0,23.5,90,348.0,1.0,10.1,0.49999999999999994,0.8660254037844387,-0.5877852522924734,-0.8090169943749472
2025-08-07 03:00:00+00:00,27.891666571299236,96.83333333333333,239.83333333333334,27.784580793501327,60.96808582189938,2.934564165267888,0.0,22.6,98,205.0,0.9,4.9,0.7071067811865475,0.7071067811865476,-0.5877852522924734,-0.8090169943749472
2025-08-07 04:00:00+00:00,27.9416667620341,95.41666666666667,236.16666666666666,27.78997156560373,60.93845843422115,2.9361985478312667,0.0,24.0,92,394.0,0.4,7.1,0.8660254037844386,0.5000000000000001,-0.5877852522924734,-0.8090169943749472
2025-08-07 05:00:00+00:00,27.89999993642171,96.41666666666667,251.16666666666666,27.79536233770613,60.908831046542915,2.9378329303946455,0.0,25.6,84,715.0,0.3,4.6,0.9659258262890683,0.25881904510252074,-0.5877852522924734,-0.8090169943749472
2025-08-07 06:00:00+00:00,28.266666730244953,94.83333333333333,233.41666666666666,27.800753109808536,60.879203658864675,2.9394673129580244,0.0,25.7,81,491.0,0.1,1.9,1.0,6.123233995736766e-17,-0.5877852522924734,-0.8090169943749472
2025-08-07 07:00:00+00:00,28.050000031789143,97.91666666666667,239.41666666666666,27.806143881910938,60.849576271186436,2.941101695521403,0.0,25.4,81,322.0,0.1,2.1,0.9659258262890683,-0.25881904510252063,-0.5877852522924734,-0.8090169943749472
2025-08-07 08:00:00+00:00,27.483333110809326,99.58333333333333,218.0,27.811534654013343,60.819948883508204,2.942736078084782,0.0,23.8,88,155.0,0.6,10.7,0.8660254037844387,-0.4999999999999998,-0.5877852522924734,-0.8090169943749472
2025-08-07 09:00:00+00:00,23.991666793823242,97.66666666666667,289.25,27.816925426115745,60.79032149582997,2.9443704606481607,0.0,23.2,92,112.0,0.1,5.7,0.7071067811865476,-0.7071067811865475,-0.5877852522924734,-0.8090169943749472
2025-08-07 10:00:00+00:00,23.033333619435627,98.66666666666667,309.4166666666667,27.822316198218147,60.76069410815174,2.9460048432115395,0.0,22.1,97,18.0,0.0,5.9,0.49999999999999994,-0.8660254037844387,-0.5877852522924734,-0.8090169943749472
2025-08-07 11:00:00+00:00,22.191666920979817,98.75,304.0833333333333,27.827706970320552,60.7310667204735,2.9476392257749184,0.0,21.7,97,0.0,0.1,4.1,0.258819045102521,-0.9659258262890682,-0.5877852522924734,-0.8090169943749472
2025-08-07 12:00:00+00:00,21.65833330154419,99.25,303.75,27.833097742422954,60.70143933279526,2.9492736083382973,0.0,21.1,98,0.0,0.0,0.3,1.2246467991473532e-16,-1.0,-0.5877852522924734,-0.8090169943749472
2025-08-07 13:00:00+00:00,21.24166663487752,100.0,309.75,27.83848851452536,60.67181194511703,2.950907990901676,0.0,20.8,96,0.0,2.8,12.0,-0.2588190451025208,-0.9659258262890683,-0.5877852522924734,-0.8090169943749472
2025-08-07 14:00:00+00:00,21.03333346048991,100.0,307.5833333333333,27.84387928662776,60.642184557438796,2.9525423734650547,0.0,20.6,96,0.0,1.9,7.7,-0.4999999999999997,-0.8660254037844388,-0.5877852522924734,-0.8090169943749472
2025-08-07 15:00:00+00:00,20.933333237965904,100.0,318.9166666666667,27.849270058730163,60.612557169760564,2.954176756028434,0.0,20.7,94,0.0,2.0,1.0,-0.7071067811865471,-0.7071067811865479,-0.5877852522924734,-0.8090169943749472
2025-08-07 16:00:00+00:00,20.88333336512248,100.0,325.4166666666667,27.854660830832564,60.582929782082324,2.9558111385918124,0.0,20.4,96,0.0,1.3,2.9,-0.8660254037844384,-0.5000000000000004,-0.5877852522924734,-0.8090169943749472
2025-08-07 17:00:00+00:00,20.5666667620341,100.0,337.9166666666667,27.86005160293497,60.553302394404085,2.9574455211551913,0.0,20.2,97,0.0,0.8,5.1,-0.9659258262890683,-0.25881904510252063,-0.5877852522924734,-0.8090169943749472
2025-08-07 18:00:00+00:00,20.241666475931805,100.0,354.0833333333333,27.86544237503737,60.52367500672585,2.95907990371857,0.0,20.2,98,0.0,0.6,3.8,-1.0,-1.8369701987210297e-16,-0.5877852522924734,-0.8090169943749472
2025-08-07 19:00:00+00:00,20.483333269755047,100.0,386.9166666666667,27.870833147139777,60.49404761904762,2.960714286281949,0.0,20.3,95,0.0,0.2,2.3,-0.9659258262890684,0.2588190451025203,-0.5877852522924734,-0.8090169943749472
2025-08-07 20:00:00+00:00,21.024999777475994,100.0,377.1666666666667,27.87622391924218,60.46442023136939,2.962348668845328,0.0,19.9,97,5.0,0.1,0.7,-0.8660254037844386,0.5000000000000001,-0.5877852522924734,-0.8090169943749472
2025-08-07 21:00:00+00:00,22.633333047231037,99.66666666666667,363.5,27.88161469134458,60.43479284369115,2.9639830514087064,0.0,20.9,98,81.0,0.0,4.8,-0.7071067811865477,0.7071067811865474,-0.5877852522924734,-0.8090169943749472
2025-08-07 22:00:00+00:00,25.18333339691162,97.08333333333333,306.6666666666667,27.887005463446986,60.40516545601291,2.9656174339720858,0.0,22.0,93,230.0,0.1,1.9,-0.5000000000000004,0.8660254037844384,-0.5877852522924734,-0.8090169943749472
2025-08-07 23:00:00+00:00,26.49999984105428,92.91666666666667,277.6666666666667,27.892396235549388,60.37553806833468,2.967251816535464,0.0,22.9,93,357.0,0.3,0.9,-0.25881904510252157,0.9659258262890681,-0.5877852522924734,-0.8090169943749472
2025-08-08 00:00:00+00:00,26.09999958674113,93.25,272.8333333333333,27.897787007651793,60.345910680656445,2.968886199098843,0.0,23.4,89,447.0,0.5,1.2,0.0,1.0,-0.6016240632249227,-0.7987793728863648
2025-08-08 01:00:00+00:00,29.175000031789143,87.0,277.3333333333333,27.903177779754195,60.31628329297821,2.970520581662222,0.0,24.1,81,358.0,0.0,1.9,0.25881904510252074,0.9659258262890683,-0.6016240632249227,-0.7987793728863648
2025-08-08 02:00:00+00:00,28.891666889190674,82.83333333333333,281.8333333333333,27.908568551856597,60.28665590529997,2.9721549642256004,0.0,25.4,78,793.0,0.1,8.6,0.49999999999999994,0.8660254037844387,-0.6016240632249227,-0.7987793728863648
2025-08-08 03:00:00+00:00,27.108333428700764,95.0,250.33333333333334,27.913959323959002,60.257028517621734,2.9737893467889798,0.0,23.3,84,589.0,11.6,3.2,0.7071067811865475,0.7071067811865476,-0.6016240632249227,-0.7987793728863648
2025-08-08 04:00:00+00:00,25.64999993642171,100.0,260.0833333333333,27.919350096061404,60.2274011299435,2.975423729352358,0.0,23.6,85,322.0,0.1,2.2,0.8660254037844386,0.5000000000000001,-0.6016240632249227,-0.7987793728863648
2025-08-08 05:00:00+00:00,25.733333428700764,100.0,344.9166666666667,27.92474086816381,60.19777374226527,2.977058111915737,0.0,25.1,79,684.0,0.3,4.0,0.9659258262890683,0.25881904510252074,-0.6016240632249227,-0.7987793728863648
2025-08-08 06:00:00+00:00,26.71666669845581,98.41666666666667,325.1666666666667,27.93013164026621,60.16814635458704,2.978692494479116,0.0,23.7,81,378.0,0.2,7.0,1.0,6.123233995736766e-17,-0.6016240632249227,-0.7987793728863648
2025-08-08 07:00:00+00:00,27.574999968210857,96.0,247.91666666666666,27.935522412368613,60.1385189669088,2.980326877042495,0.0,23.3,84,93.0,0.5,4.7,0.9659258262890683,-0.25881904510252063,-0.6016240632249227,-0.7987793728863648
2025-08-08 08:00:00+00:00,26.175000190734863,96.91666666666667,254.41666666666666,27.940913184471018,60.10889157923056,2.9819612596058738,0.0,22.6,91,67.0,0.4,5.0,0.8660254037844387,-0.4999999999999998,-0.6016240632249227,-0.7987793728863648
2025-08-08 09:00:00+00:00,22.10000006357829,93.0,285.0,27.94630395657342,60.079264191552326,2.983595642169252,0.0,21.8,95,77.0,0.2,5.2,0.7071067811865476,-0.7071067811865475,-0.6016240632249227,-0.7987793728863648
2025-08-08 10:00:00+00:00,21.46666653951009,93.08333333333333,290.75,27.951694728675825,60.049636803874094,2.9852300247326315,0.0,21.1,94,4.0,0.0,4.8,0.49999999999999994,-0.8660254037844387,-0.6016240632249227,-0.7987793728863648
2025-08-08 11:00:00+00:00,21.183333237965904,92.91666666666667,291.0833333333333,27.957085500778227,60.02000941619586,2.98686440729601,0.0,21.0,90,0.0,0.0,7.5,0.258819045102521,-0.9659258262890682,-0.6016240632249227,-0.7987793728863648
2025-08-08 12:00:00+00:00,20.641666730244953,94.83333333333333,294.0833333333333,27.96247627288063,59.99038202851762,2.988498789859389,0.0,20.5,90,0.0,0.0,10.5,1.2246467991473532e-16,-1.0,-0.6016240632249227,-0.7987793728863648
2025-08-08 13:00:00+00:00,20.633333206176758,95.83333333333333,297.0833333333333,27.967867044983034,59.96075464083938,2.9901331724227678,0.0,20.1,95,0.0,0.2,11.0,-0.2588190451025208,-0.9659258262890683,-0.6016240632249227,-0.7987793728863648
2025-08-08 14:00:00+00:00,20.59166685740153,96.08333333333333,297.25,27.973257817085436,59.93112725316115,2.9917675549861467,0.0,19.4,97,0.0,0.0,10.7,-0.4999999999999997,-0.8660254037844388,-0.6016240632249227,-0.7987793728863648
2025-08-08 15:00:00+00:00,20.233333587646484,97.41666666666667,303.0,27.97864858918784,59.90149986548292,2.9934019375495255,0.0,18.8,97,0.0,0.1,8.2,-0.7071067811865471,-0.7071067811865479,-0.6016240632249227,-0.7987793728863648
2025-08-08 16:00:00+00:00,19.541666825612385,98.83333333333333,311.1666666666667,27.984039361290243,59.871872477804686,2.995036320112904,0.0,18.7,97,0.0,0.0,5.6,-0.8660254037844384,-0.5000000000000004,-0.6016240632249227,-0.7987793728863648
2025-08-08 17:00:00+00:00,19.175000190734863,98.91666666666667,311.4166666666667,27.989430133392645,59.84224509012645,2.9966707026762833,0.0,18.2,98,0.0,0.0,5.9,-0.9659258262890683,-0.25881904510252063,-0.6016240632249227,-0.7987793728863648
2025-08-08 18:00:00+00:00,19.18333339691162,98.75,312.75,27.994820905495047,59.81261770244821,2.9983050852396618,0.0,17.9,98,0.0,0.0,7.7,-1.0,-1.8369701987210297e-16,-0.6016240632249227,-0.7987793728863648
2025-08-08 19:00:00+00:00,19.28333314259847,99.83333333333333,317.3333333333333,28.000211677597452,59.782990314769975,2.9999394678030407,0.0,17.9,98,0.0,0.0,8.0,-0.9659258262890684,0.2588190451025203,-0.6016240632249227,-0.7987793728863648
2025-08-08 20:00:00+00:00,19.75833336512248,98.33333333333333,315.4166666666667,28.005602449699854,59.75336292709174,3.0015738503664195,0.0,18.0,98,4.0,0.0,6.4,-0.8660254037844386,0.5000000000000001,-0.6016240632249227,-0.7987793728863648
2025-08-08 21:00:00+00:00,21.49166663487752,96.0,289.4166666666667,28.01099322180226,59.723735539413504,3.003208232929798,0.0,18.9,96,73.0,0.0,5.2,-0.7071067811865477,0.7071067811865474,-0.6016240632249227,-0.7987793728863648
2025-08-08 22:00:00+00:00,24.258333524068195,91.16666666666667,274.0833333333333,28.01638399390466,59.69410815173527,3.0048426154931773,0.0,19.9,93,214.0,0.0,2.5,-0.5000000000000004,0.8660254037844384,-0.6016240632249227,-0.7987793728863648
2025-08-08 23:00:00+00:00,25.891666571299236,86.25,271.9166666666667,28.021774766007063,59.66448076405703,3.0064769980565558,0.0,21.5,86,381.0,0.0,1.4,-0.25881904510252157,0.9659258262890681,-0.6016240632249227,-0.7987793728863648
2025-08-09 00:00:00+00:00,27.958333333333332,81.41666666666667,276.3333333333333,28.027165538109468,59.6348533763788,3.0081113806199347,0.0,23.0,76,558.0,0.1,0.3,0.0,1.0,-0.6152845999633277,-0.7883050558305253
2025-08-09 01:00:00+00:00,27.674999872843426,81.83333333333333,268.1666666666667,28.03255631021187,59.60522598870057,3.0097457631833135,0.0,23.5,74,512.0,0.3,5.2,0.25881904510252074,0.9659258262890683,-0.6152845999633277,-0.7883050558305253
2025-08-09 02:00:00+00:00,27.208333333333332,90.25,252.08333333333334,28.037947082314275,59.57559860102233,3.0113801457466924,0.0,23.8,72,534.0,0.1,6.2,0.49999999999999994,0.8660254037844387,-0.6152845999633277,-0.7883050558305253
2025-08-09 03:00:00+00:00,28.299999872843426,84.66666666666667,256.0833333333333,28.043337854416677,59.545971213344096,3.0130145283100713,0.0,24.2,71,621.0,0.2,7.5,0.7071067811865475,0.7071067811865476,-0.6152845999633277,-0.7883050558305253
2025-08-09 04:00:00+00:00,28.44166660308838,84.83333333333333,245.66666666666666,28.04872862651908,59.51634382566586,3.0146489108734498,0.0,24.8,71,679.0,0.2,3.7,0.8660254037844386,0.5000000000000001,-0.6152845999633277,-0.7883050558305253
2025-08-09 05:00:00+00:00,30.558333079020183,76.08333333333333,270.0833333333333,28.054119398621484,59.486716437987624,3.016283293436829,0.0,24.8,70,502.0,0.1,2.4,0.9659258262890683,0.25881904510252074,-0.6152845999633277,-0.7883050558305253
2025-08-09 06:00:00+00:00,29.083333015441895,77.83333333333333,272.5833333333333,28.059510170723886,59.45708905030939,3.0179176760002075,0.0,24.9,70,457.0,0.2,3.2,1.0,6.123233995736766e-17,-0.6152845999633277,-0.7883050558305253
2025-08-09 07:00:00+00:00,27.524999777475994,84.83333333333333,270.5833333333333,28.06490094282629,59.42746166263115,3.0195520585635864,0.0,23.8,76,379.0,0.6,7.5,0.9659258262890683,-0.25881904510252063,-0.6152845999633277,-0.7883050558305253
2025-08-09 08:00:00+00:00,26.641666889190674,96.08333333333333,305.9166666666667,28.070291714928693,59.39783427495292,3.0211864411269653,0.0,23.1,83,229.0,0.2,6.3,0.8660254037844387,-0.4999999999999998,-0.6152845999633277,-0.7883050558305253
2025-08-09 09:00:00+00:00,23.40833314259847,90.25,297.4166666666667,28.075682487031095,59.36820688727468,3.022820823690344,0.0,22.6,87,115.0,0.1,3.1,0.7071067811865476,-0.7071067811865475,-0.6152845999633277,-0.7883050558305253
2025-08-09 10:00:00+00:00,21.77500009536743,96.08333333333333,308.9166666666667,28.0810732591335,59.33857949959645,3.024455206253723,0.0,20.5,95,14.0,0.7,2.1,0.49999999999999994,-0.8660254037844387,-0.6152845999633277,-0.7883050558305253
2025-08-09 11:00:00+00:00,20.891666889190674,99.0,325.5833333333333,28.086464031235902,59.30895211191822,3.0260895888171015,0.0,20.0,98,0.0,0.1,1.9,0.258819045102521,-0.9659258262890682,-0.6152845999633277,-0.7883050558305253
2025-08-09 12:00:00+00:00,20.2666662534078,100.0,339.6666666666667,28.091854803338308,59.27932472423998,3.027723971380481,0.0,19.4,98,0.0,0.0,2.3,1.2246467991473532e-16,-1.0,-0.6152845999633277,-0.7883050558305253
2025-08-09 13:00:00+00:00,20.224999745686848,100.0,357.5,28.09724557544071,59.249697336561745,3.0293583539438593,0.0,18.8,99,0.0,0.0,1.0,-0.2588190451025208,-0.9659258262890683,-0.6152845999633277,-0.7883050558305253
2025-08-09 14:00:00+00:00,20.558333079020183,100.0,355.9166666666667,28.10263634754311,59.220069948883506,3.030992736507238,0.0,18.8,99,0.0,0.0,5.6,-0.4999999999999997,-0.8660254037844388,-0.6152845999633277,-0.7883050558305253
2025-08-09 15:00:00+00:00,21.233333110809326,99.58333333333333,341.8333333333333,28.108027119645516,59.19044256120527,3.032627119070617,0.0,19.4,98,0.0,0.1,8.8,-0.7071067811865471,-0.7071067811865479,-0.6152845999633277,-0.7883050558305253
2025-08-09 16:00:00+00:00,21.174999872843426,100.0,320.8333333333333,28.11341789174792,59.16081517352704,3.0342615016339956,0.0,19.1,98,0.0,0.0,12.0,-0.8660254037844384,-0.5000000000000004,-0.6152845999633277,-0.7883050558305253
2025-08-09 17:00:00+00:00,20.850000222524006,100.0,317.8333333333333,28.118808663850324,59.1311877858488,3.035895884197375,0.0,19.0,97,0.0,0.0,12.0,-0.9659258262890683,-0.25881904510252063,-0.6152845999633277,-0.7883050558305253
2025-08-09 18:00:00+00:00,20.5,100.0,321.4166666666667,28.124199435952725,59.10156039817056,3.0375302667607533,0.0,19.0,97,0.0,0.0,11.0,-1.0,-1.8369701987210297e-16,-0.6152845999633277,-0.7883050558305253
2025-08-09 19:00:00+00:00,20.349999745686848,100.0,324.5,28.129590208055127,59.07193301049233,3.0391646493241327,0.0,18.8,98,0.0,0.0,9.9,-0.9659258262890684,0.2588190451025203,-0.6152845999633277,-0.7883050558305253
2025-08-09 20:00:00+00:00,21.458333333333332,99.83333333333333,317.1666666666667,28.13498098015753,59.0423056228141,3.040799031887511,0.0,19.1,96,3.0,0.0,8.3,-0.8660254037844386,0.5000000000000001,-0.6152845999633277,-0.7883050558305253
2025-08-09 21:00:00+00:00,22.941666920979817,98.16666666666667,298.5833333333333,28.140371752259934,59.012678235135866,3.04243341445089,0.0,19.5,94,39.0,0.0,7.9,-0.7071067811865477,0.7071067811865474,-0.6152845999633277,-0.7883050558305253
2025-08-09 22:00:00+00:00,24.675000031789143,96.25,278.1666666666667,28.145762524362336,58.983050847457626,3.044067797014269,0.0,20.4,93,108.0,0.0,7.6,-0.5000000000000004,0.8660254037844384,-0.6152845999633277,-0.7883050558305253
2025-08-09 23:00:00+00:00,26.40833330154419,90.58333333333333,270.8333333333333,28.15115329646474,58.95342345977939,3.0457021795776473,0.0,22.0,88,279.0,0.0,7.8,-0.25881904510252157,0.9659258262890681,-0.6152845999633277,-0.7883050558305253
2025-08-10 00:00:00+00:00,28.358333428700764,86.0,272.0833333333333,28.156544068567143,58.923796072101155,3.0473365621410267,0.0,24.1,79,484.0,0.1,10.3,0.0,1.0,-0.6287628145958345,-0.7775971469736268
2025-08-10 01:00:00+00:00,29.49999984105428,81.5,269.8333333333333,28.161934840669545,58.89416868442292,3.048970944704405,0.0,24.1,87,370.0,0.6,10.1,0.25881904510252074,0.9659258262890683,-0.6287628145958345,-0.7775971469736268
2025-08-10 02:00:00+00:00,28.074999968210857,85.58333333333333,262.3333333333333,28.16732561277195,58.86454129674469,3.050605327267784,0.0,24.2,85,303.0,0.2,15.8,0.49999999999999994,0.8660254037844387,-0.6287628145958345,-0.7775971469736268
2025-08-10 03:00:00+00:00,27.69166660308838,89.41666666666667,255.25,28.172716384874352,58.83491390906645,3.052239709831163,0.0,24.9,87,376.0,0.4,15.5,0.7071067811865475,0.7071067811865476,-0.6287628145958345,-0.7775971469736268
2025-08-10 04:00:00+00:00,28.05833339691162,93.08333333333333,254.0,28.178107156976758,58.80528652138821,3.0538740923945418,0.0,24.5,87,355.0,0.1,17.3,0.8660254037844386,0.5000000000000001,-0.6287628145958345,-0.7775971469736268
2025-08-10 05:00:00+00:00,28.024999777475994,91.16666666666667,256.0,28.18349792907916,58.77565913370998,3.0555084749579207,0.0,24.1,90,297.0,0.4,18.8,0.9659258262890683,0.25881904510252074,-0.6287628145958345,-0.7775971469736268
2025-08-10 06:00:00+00:00,28.00833336512248,91.0,256.0833333333333,28.18888870118156,58.74603174603175,3.057142857521299,0.0,23.9,90,279.0,0.4,17.0,1.0,6.123233995736766e-17,-0.6287628145958345,-0.7775971469736268
2025-08-10 07:00:00+00:00,28.116666793823242,91.66666666666667,253.41666666666666,28.194279473283967,58.716404358353515,3.0587772400846784,0.0,24.2,91,351.0,0.4,14.7,0.9659258262890683,-0.25881904510252063,-0.6287628145958345,-0.7775971469736268
2025-08-10 08:00:00+00:00,27.358333269755047,96.16666666666667,245.83333333333334,28.19967024538637,58.686776970675275,3.060411622648057,0.0,22.9,91,176.0,0.7,16.6,0.8660254037844387,-0.4999999999999998,-0.6287628145958345,-0.7775971469736268
2025-08-10 09:00:00+00:00,24.500000317891438,95.5,283.75,28.205061017488774,58.657149582997036,3.0620460052114358,0.0,22.4,94,113.0,0.1,12.3,0.7071067811865476,-0.7071067811865475,-0.6287628145958345,-0.7775971469736268
2025-08-10 10:00:00+00:00,23.791666507720947,98.25,295.9166666666667,28.210451789591175,58.627522195318804,3.0636803877748147,0.0,21.4,97,15.0,0.0,8.5,0.49999999999999994,-0.8660254037844387,-0.6287628145958345,-0.7775971469736268
2025-08-10 11:00:00+00:00,23.725000381469727,99.25,307.1666666666667,28.215842561693577,58.59789480764057,3.0653147703381936,0.0,21.2,97,0.0,0.0,5.1,0.258819045102521,-0.9659258262890682,-0.6287628145958345,-0.7775971469736268
2025-08-10 12:00:00+00:00,23.5500005086263,99.33333333333333,308.8333333333333,28.221233333795983,58.56826741996234,3.0669491529015724,0.0,21.1,98,0.0,0.0,5.2,1.2246467991473532e-16,-1.0,-0.6287628145958345,-0.7775971469736268
2025-08-10 13:00:00+00:00,22.6916667620341,100.0,319.5833333333333,28.226624105898384,58.5386400322841,3.068583535464951,0.0,20.9,98,0.0,0.0,4.6,-0.2588190451025208,-0.9659258262890683,-0.6287628145958345,-0.7775971469736268
2025-08-10 14:00:00+00:00,22.15000009536743,100.0,328.5,28.23201487800079,58.50901264460586,3.07021791802833,0.0,20.7,99,0.0,0.0,4.8,-0.4999999999999997,-0.8660254037844388,-0.6287628145958345,-0.7775971469736268
2025-08-10 15:00:00+00:00,21.324999968210857,100.0,351.75,28.23740565010319,58.47938525692763,3.0718523005917087,0.0,20.4,99,0.0,0.0,3.7,-0.7071067811865471,-0.7071067811865479,-0.6287628145958345,-0.7775971469736268
2025-08-10 16:00:00+00:00,20.925000031789143,100.0,387.0833333333333,28.242796422205593,58.449757869249396,3.0734866831550876,0.0,19.5,100,0.0,0.0,4.4,-0.8660254037844384,-0.5000000000000004,-0.6287628145958345,-0.7775971469736268
2025-08-10 17:00:00+00:00,20.99999984105428,99.41666666666667,375.5,28.248187194308,58.420130481571164,3.0751210657184664,0.0,19.6,100,0.0,0.0,4.5,-0.9659258262890683,-0.25881904510252063,-0.6287628145958345,-0.7775971469736268
2025-08-10 18:00:00+00:00,20.383333047231037,99.16666666666667,366.5,28.2535779664104,58.390503093892924,3.076755448281845,0.0,19.2,100,0.0,0.0,1.5,-1.0,-1.8369701987210297e-16,-0.6287628145958345,-0.7775971469736268
2025-08-10 19:00:00+00:00,19.791666666666668,100.0,388.6666666666667,28.258968738512806,58.360875706214685,3.078389830845224,0.0,18.4,100,0.0,0.0,2.4,-0.9659258262890684,0.2588190451025203,-0.6287628145958345,-0.7775971469736268
2025-08-10 20:00:00+00:00,20.741666793823242,99.16666666666667,365.8333333333333,28.264359510615208,58.33124831853645,3.0800242134086027,0.0,18.4,98,4.0,0.0,2.3,-0.8660254037844386,0.5000000000000001,-0.6287628145958345,-0.7775971469736268
2025-08-10 21:00:00+00:00,22.166666666666668,98.08333333333333,334.5833333333333,28.26975028271761,58.30162093085822,3.0816585959719816,0.0,19.8,98,78.0,0.0,2.5,-0.7071067811865477,0.7071067811865474,-0.6287628145958345,-0.7775971469736268
2025-08-10 22:00:00+00:00,25.40833346048991,94.75,302.25,28.27514105482001,58.27199354317999,3.0832929785353604,0.0,21.6,94,221.0,0.0,3.7,-0.5000000000000004,0.8660254037844384,-0.6287628145958345,-0.7775971469736268
2025-08-10 23:00:00+00:00,27.37500015894572,89.66666666666667,283.0833333333333,28.280531826922417,58.24236615550175,3.0849273610987393,0.0,23.6,87,401.0,0.0,2.4,-0.25881904510252157,0.9659258262890681,-0.6287628145958345,-0.7775971469736268
2025-08-11 00:00:00+00:00,29.833333174387615,81.75,280.4166666666667,28.285922599024822,58.21273876782351,3.086561743662118,0.0,25.1,80,597.0,0.0,2.8,0.0,1.0,-0.6420547132365636,-0.7666588193001592
2025-08-11 01:00:00+00:00,31.699999968210857,75.91666666666667,287.0,28.291313371127224,58.18311138014528,3.0881961262254967,0.0,26.9,72,720.0,0.0,4.3,0.25881904510252074,0.9659258262890683,-0.6420547132365636,-0.7666588193001592
2025-08-11 02:00:00+00:00,32.358333587646484,72.08333333333333,293.1666666666667,28.296704143229626,58.153483992467045,3.089830508788876,0.0,28.0,64,769.0,0.0,5.8,0.49999999999999994,0.8660254037844387,-0.6420547132365636,-0.7666588193001592
2025-08-11 03:00:00+00:00,31.149999777475994,74.58333333333333,282.9166666666667,28.302094915332027,58.12385660478881,3.0914648913522544,0.0,28.5,61,774.0,0.0,7.7,0.7071067811865475,0.7071067811865476,-0.6420547132365636,-0.7666588193001592
2025-08-11 04:00:00+00:00,32.20833317438761,72.0,287.5,28.307485687434433,58.09422921711057,3.0930992739156333,0.0,28.5,61,791.0,0.0,11.0,0.8660254037844386,0.5000000000000001,-0.6420547132365636,-0.7666588193001592
2025-08-11 05:00:00+00:00,31.97499990463257,70.125,290.375,28.312876459536835,58.064601829432334,3.094733656479012,0.0,26.6,73,634.0,0.6,9.2,0.9659258262890683,0.25881904510252074,-0.6420547132365636,-0.7666588193001592
2025-08-11 06:00:00+00:00,28.674999872843426,85.33333333333333,284.6666666666667,28.31826723163924,58.0349744417541,3.096368039042391,0.0,26.1,76,521.0,0.2,4.0,1.0,6.123233995736766e-17,-0.6420547132365636,-0.7666588193001592
2025-08-11 07:00:00+00:00,28.125,92.08333333333333,275.25,28.32365800374164,58.00534705407587,3.09800242160577,0.0,25.9,77,377.0,0.1,4.6,0.9659258262890683,-0.25881904510252063,-0.6420547132365636,-0.7666588193001592
2025-08-11 08:00:00+00:00,27.75833288828532,94.16666666666667,284.1666666666667,28.329048775844043,57.97571966639764,3.0996368041691484,0.0,25.5,79,235.0,0.0,2.7,0.8660254037844387,-0.4999999999999998,-0.6420547132365636,-0.7666588193001592
2025-08-11 09:00:00+00:00,25.300000190734863,94.33333333333333,308.3333333333333,28.33443954794645,57.9460922787194,3.1012711867325278,0.0,24.5,87,117.0,0.0,3.2,0.7071067811865476,-0.7071067811865475,-0.6420547132365636,-0.7666588193001592
2025-08-11 10:00:00+00:00,23.858333110809326,97.58333333333333,338.4166666666667,28.33983032004885,57.91646489104116,3.102905569295906,0.0,23.2,90,15.0,0.0,0.8,0.49999999999999994,-0.8660254037844387,-0.6420547132365636,-0.7666588193001592
2025-08-11 11:00:00+00:00,22.90000009536743,98.33333333333333,357.0,28.345221092151256,57.886837503362926,3.104539951859285,0.0,22.5,93,0.0,0.0,0.6,0.258819045102521,-0.9659258262890682,-0.6420547132365636,-0.7666588193001592
2025-08-11 12:00:00+00:00,22.63333336512248,99.0,366.5,28.350611864253658,57.857210115684694,3.106174334422664,0.0,22.0,94,0.0,0.0,0.4,1.2246467991473532e-16,-1.0,-0.6420547132365636,-0.7666588193001592
2025-08-11 13:00:00+00:00,22.958333492279053,97.91666666666667,352.8333333333333,28.35600263635606,57.82758272800646,3.1078087169860424,0.0,21.2,97,0.0,0.0,6.3,-0.2588190451025208,-0.9659258262890683,-0.6420547132365636,-0.7666588193001592
2025-08-11 14:00:00+00:00,21.833333651224773,99.75,382.0833333333333,28.361393408458465,57.79795534032822,3.1094430995494218,0.0,21.2,97,0.0,0.0,8.7,-0.4999999999999997,-0.8660254037844388,-0.6420547132365636,-0.7666588193001592
2025-08-11 15:00:00+00:00,21.449999968210857,100.0,422.3333333333333,28.366784180560867,57.76832795264998,3.1110774821128,0.0,21.1,96,0.0,0.0,6.3,-0.7071067811865471,-0.7071067811865479,-0.6420547132365636,-0.7666588193001592
2025-08-11 16:00:00+00:00,21.416666825612385,100.0,394.4166666666667,28.372174952663272,57.73870056497175,3.112711864676179,0.0,21.0,97,0.0,0.0,7.6,-0.8660254037844384,-0.5000000000000004,-0.6420547132365636,-0.7666588193001592
2025-08-11 17:00:00+00:00,21.100000222524006,100.0,446.6666666666667,28.377565724765674,57.70907317729352,3.114346247239558,0.0,20.8,97,0.0,0.0,6.2,-0.9659258262890683,-0.25881904510252063,-0.6420547132365636,-0.7666588193001592
2025-08-11 18:00:00+00:00,20.92499971389771,100.0,436.5833333333333,28.382956496868076,57.679445789615286,3.115980629802937,0.0,20.5,97,0.0,0.0,4.3,-1.0,-1.8369701987210297e-16,-0.6420547132365636,-0.7666588193001592
2025-08-11 19:00:00+00:00,20.833333333333336,100.0,454.6666666666667,28.38834726897048,57.64981840193705,3.1176150123663158,0.0,20.2,97,0.0,0.0,4.3,-0.9659258262890684,0.2588190451025203,-0.6420547132365636,-0.7666588193001592
2025-08-11 20:00:00+00:00,21.041666666666668,100.0,467.5,28.393738041072883,57.62019101425881,3.119249394929694,0.0,20.2,97,2.0,0.3,5.1,-0.8660254037844386,0.5000000000000001,-0.6420547132365636,-0.7666588193001592
2025-08-11 21:00:00+00:00,22.858333428700764,98.33333333333333,423.4166666666667,28.399128813175288,57.590563626580575,3.1208837774930736,0.0,20.9,98,58.0,0.1,5.5,-0.7071067811865477,0.7071067811865474,-0.6420547132365636,-0.7666588193001592
2025-08-11 22:00:00+00:00,25.766666730244953,91.75,372.25,28.40451958527769,57.56093623890234,3.122518160056452,0.0,22.1,92,197.0,0.0,10.5,-0.5000000000000004,0.8660254037844384,-0.6420547132365636,-0.7666588193001592
2025-08-11 23:00:00+00:00,28.80833339691162,86.16666666666667,304.1666666666667,28.40991035738009,57.53130885122411,3.124152542619831,0.0,23.9,84,364.0,0.0,10.1,-0.25881904510252157,0.9659258262890681,-0.6420547132365636,-0.7666588193001592
2025-08-12 00:00:00+00:00,29.974999745686848,76.58333333333333,289.6666666666667,28.415301129482494,57.50168146354587,3.1257869251832098,0.0,25.2,78,519.0,0.0,8.9,0.0,1.0,-0.655156357209085,-0.7554933140726804
2025-08-12 01:00:00+00:00,31.708333174387615,71.75,291.9166666666667,28.4206919015849,57.47205407586763,3.1274213077465887,0.0,26.5,73,584.0,0.0,8.3,0.25881904510252074,0.9659258262890683,-0.655156357209085,-0.7554933140726804
2025-08-12 02:00:00+00:00,31.625000317891438,69.16666666666667,293.5833333333333,28.426082673687304,57.4424266881894,3.1290556903099676,0.0,27.3,66,658.0,0.0,5.5,0.49999999999999994,0.8660254037844387,-0.655156357209085,-0.7554933140726804
2025-08-12 03:00:00+00:00,30.983333269755047,69.41666666666667,281.0833333333333,28.431473445789706,57.41279930051117,3.130690072873346,0.0,28.0,62,809.0,0.0,5.2,0.7071067811865475,0.7071067811865476,-0.655156357209085,-0.7554933140726804
2025-08-12 04:00:00+00:00,31.94166644414266,66.08333333333333,291.4166666666667,28.436864217892108,57.383171912832935,3.1323244554367253,0.0,28.3,59,742.0,0.0,4.6,0.8660254037844386,0.5000000000000001,-0.655156357209085,-0.7554933140726804
2025-08-12 05:00:00+00:00,30.03333314259847,70.5,286.0833333333333,28.44225498999451,57.353544525154696,3.1339588380001038,0.0,28.3,58,677.0,0.0,5.3,0.9659258262890683,0.25881904510252074,-0.655156357209085,-0.7554933140726804
2025-08-12 06:00:00+00:00,28.800000031789143,76.33333333333333,274.3333333333333,28.447645762096915,57.32391713747646,3.1355932205634827,0.0,28.5,56,574.0,0.0,5.0,1.0,6.123233995736766e-17,-0.655156357209085,-0.7554933140726804
2025-08-12 07:00:00+00:00,28.841667016347248,71.16666666666667,284.25,28.453036534199317,57.294289749798224,3.1372276031268616,0.0,28.0,57,452.0,0.0,5.1,0.9659258262890683,-0.25881904510252063,-0.655156357209085,-0.7554933140726804
2025-08-12 08:00:00+00:00,27.574999968210857,89.25,281.5833333333333,28.458427306301722,57.26466236211999,3.13886198569024,0.0,26.8,65,276.0,0.0,9.9,0.8660254037844387,-0.4999999999999998,-0.655156357209085,-0.7554933140726804
2025-08-12 09:00:00+00:00,25.06666660308838,84.75,292.9166666666667,28.463818078404124,57.23503497444175,3.1404963682536193,0.0,24.9,74,121.0,0.0,11.9,0.7071067811865476,-0.7071067811865475,-0.655156357209085,-0.7554933140726804
2025-08-12 10:00:00+00:00,23.824999809265137,88.83333333333333,297.4166666666667,28.469208850506526,57.20540758676352,3.1421307508169978,0.0,23.4,81,14.0,0.0,12.5,0.49999999999999994,-0.8660254037844387,-0.655156357209085,-0.7554933140726804
2025-08-12 11:00:00+00:00,22.633333206176758,94.58333333333333,307.75,28.47459962260893,57.17578019908528,3.1437651333803767,0.0,22.5,86,0.0,0.0,11.9,0.258819045102521,-0.9659258262890682,-0.655156357209085,-0.7554933140726804
2025-08-12 12:00:00+00:00,22.324999809265137,95.83333333333333,311.4166666666667,28.479990394711333,57.14615281140705,3.1453995159437556,0.0,22.0,88,0.0,0.0,12.2,1.2246467991473532e-16,-1.0,-0.655156357209085,-0.7554933140726804
2025-08-12 13:00:00+00:00,22.483333269755047,96.5,313.5,28.485381166813738,57.11652542372882,3.1470338985071344,0.0,22.0,91,0.0,0.0,12.9,-0.2588190451025208,-0.9659258262890683,-0.655156357209085,-0.7554933140726804
2025-08-12 14:00:00+00:00,21.950000127156574,97.58333333333333,320.25,28.49077193891614,57.08689803605058,3.1486682810705133,0.0,21.5,93,0.0,0.0,13.2,-0.4999999999999997,-0.8660254037844388,-0.655156357209085,-0.7554933140726804
2025-08-12 15:00:00+00:00,21.59166669845581,98.41666666666667,323.5,28.496162711018542,57.057270648372345,3.1503026636338918,0.0,21.0,94,0.0,0.0,11.6,-0.7071067811865471,-0.7071067811865479,-0.655156357209085,-0.7554933140726804
2025-08-12 16:00:00+00:00,21.15000009536743,99.16666666666667,330.0,28.501553483120947,57.027643260694106,3.151937046197271,0.0,20.4,95,0.0,0.0,10.7,-0.8660254037844384,-0.5000000000000004,-0.655156357209085,-0.7554933140726804
2025-08-12 17:00:00+00:00,20.26666641235352,99.33333333333333,342.0833333333333,28.50694425522335,56.99801587301587,3.1535714287606496,0.0,19.7,96,0.0,0.0,9.0,-0.9659258262890683,-0.25881904510252063,-0.655156357209085,-0.7554933140726804
2025-08-12 18:00:00+00:00,19.616666793823242,98.83333333333333,344.3333333333333,28.512335027325754,56.96838848533764,3.1552058113240284,0.0,19.1,97,0.0,0.0,8.5,-1.0,-1.8369701987210297e-16,-0.655156357209085,-0.7554933140726804
2025-08-12 19:00:00+00:00,18.94166628519694,99.41666666666667,349.1666666666667,28.517725799428156,56.9387610976594,3.1568401938874073,0.0,18.9,95,0.0,0.0,8.9,-0.9659258262890684,0.2588190451025203,-0.655156357209085,-0.7554933140726804
2025-08-12 20:00:00+00:00,19.708333333333332,98.41666666666667,348.5,28.523116571530558,56.90913370998117,3.158474576450786,0.0,18.6,95,3.0,0.0,7.8,-0.8660254037844386,0.5000000000000001,-0.655156357209085,-0.7554933140726804
2025-08-12 21:00:00+00:00,22.56666660308838,92.58333333333333,308.25,28.528507343632963,56.87950632230293,3.160108959014165,0.0,19.9,92,86.0,0.0,8.9,-0.7071067811865477,0.7071067811865474,-0.655156357209085,-0.7554933140726804
2025-08-12 22:00:00+00:00,25.46666685740153,87.41666666666667,288.6666666666667,28.533898115735365,56.8498789346247,3.1617433415775436,0.0,21.7,88,239.0,0.0,8.1,-0.5000000000000004,0.8660254037844384,-0.655156357209085,-0.7554933140726804
2025-08-12 23:00:00+00:00,27.1916667620341,83.5,287.6666666666667,28.53928888783777,56.820251546946466,3.163377724140923,0.0,23.5,82,427.0,0.0,9.2,-0.25881904510252157,0.9659258262890681,-0.655156357209085,-0.7554933140726804
2025-08-13 00:00:00+00:00,28.34166669845581,77.25,284.1666666666667,28.544679659940172,56.790624159268226,3.1650121067043013,0.0,25.0,73,606.0,0.0,10.1,0.0,1.0,-0.6680638642135333,-0.7441039398713608
2025-08-13 01:00:00+00:00,30.266666571299236,70.16666666666667,282.6666666666667,28.550070432042574,56.760996771589994,3.16664648926768,0.0,26.3,64,717.0,0.0,8.0,0.25881904510252074,0.9659258262890683,-0.6680638642135333,-0.7441039398713608
2025-08-13 02:00:00+00:00,30.96666685740153,67.16666666666667,288.3333333333333,28.55546120414498,56.731369383911755,3.168280871831059,0.0,27.0,60,785.0,0.0,7.6,0.49999999999999994,0.8660254037844387,-0.6680638642135333,-0.7441039398713608
2025-08-13 03:00:00+00:00,31.574999968210857,60.583333333333336,287.8333333333333,28.56085197624738,56.70174199623352,3.1699152543944376,0.0,27.5,58,820.0,0.0,7.0,0.7071067811865475,0.7071067811865476,-0.6680638642135333,-0.7441039398713608
2025-08-13 04:00:00+00:00,31.90833330154419,58.083333333333336,293.3333333333333,28.566242748349786,56.67211460855529,3.171549636957817,0.0,27.9,54,775.0,0.0,7.9,0.8660254037844386,0.5000000000000001,-0.6680638642135333,-0.7441039398713608
2025-08-13 05:00:00+00:00,31.458333174387615,56.916666666666664,294.8333333333333,28.57163352045219,56.64248722087705,3.1731840195211953,0.0,28.0,52,701.0,0.0,10.1,0.9659258262890683,0.25881904510252074,-0.6680638642135333,-0.7441039398713608
2025-08-13 06:00:00+00:00,30.250000317891438,61.0,287.25,28.57702429255459,56.61285983319881,3.1748184020845747,0.0,27.5,52,593.0,0.0,13.2,1.0,6.123233995736766e-17,-0.6680638642135333,-0.7441039398713608
2025-08-13 07:00:00+00:00,29.016666889190674,62.75,280.6666666666667,28.582415064656992,56.58323244552058,3.176452784647953,0.0,26.5,57,459.0,0.0,13.6,0.9659258262890683,-0.25881904510252063,-0.6680638642135333,-0.7441039398713608
2025-08-13 08:00:00+00:00,27.68333339691162,78.08333333333333,269.9166666666667,28.587805836759397,56.55360505784235,3.178087167211332,0.0,25.2,67,300.0,0.0,10.4,0.8660254037844387,-0.4999999999999998,-0.6680638642135333,-0.7441039398713608
2025-08-13 09:00:00+00:00,24.049999872843426,85.16666666666667,294.1666666666667,28.5931966088618,56.523977670164115,3.179721549774711,0.0,23.8,74,129.0,0.0,7.7,0.7071067811865476,-0.7071067811865475,-0.6680638642135333,-0.7441039398713608
2025-08-13 10:00:00+00:00,22.0,95.16666666666667,327.25,28.598587380964204,56.494350282485875,3.1813559323380893,0.0,22.5,77,13.0,0.0,9.3,0.49999999999999994,-0.8660254037844387,-0.6680638642135333,-0.7441039398713608
2025-08-13 11:00:00+00:00,21.216666380564373,97.58333333333333,344.5833333333333,28.603978153066606,56.464722894807636,3.1829903149014687,0.0,21.9,81,0.0,0.0,9.3,0.258819045102521,-0.9659258262890682,-0.6680638642135333,-0.7441039398713608
2025-08-13 12:00:00+00:00,20.858333269755047,98.75,358.25,28.609368925169008,56.435095507129404,3.184624697464847,0.0,20.9,87,0.0,0.0,5.8,1.2246467991473532e-16,-1.0,-0.6680638642135333,-0.7441039398713608
2025-08-13 13:00:00+00:00,20.149999777475994,99.58333333333333,392.4166666666667,28.614759697271413,56.40546811945117,3.186259080028226,0.0,20.6,88,0.0,0.0,1.4,-0.2588190451025208,-0.9659258262890683,-0.6680638642135333,-0.7441039398713608
2025-08-13 14:00:00+00:00,20.108333428700764,98.25,371.6666666666667,28.620150469373815,56.37584073177294,3.187893462591605,0.0,20.0,91,0.0,0.0,2.2,-0.4999999999999997,-0.8660254037844388,-0.6680638642135333,-0.7441039398713608
2025-08-13 15:00:00+00:00,19.916666507720947,97.66666666666667,358.3333333333333,28.62554124147622,56.3462133440947,3.1895278451549838,0.0,19.4,94,0.0,0.0,3.6,-0.7071067811865471,-0.7071067811865479,-0.6680638642135333,-0.7441039398713608
2025-08-13 16:00:00+00:00,19.625,99.25,376.0833333333333,28.630932013578622,56.31658595641646,3.1911622277183627,0.0,19.2,95,0.0,0.0,4.4,-0.8660254037844384,-0.5000000000000004,-0.6680638642135333,-0.7441039398713608
2025-08-13 17:00:00+00:00,19.974999745686848,98.41666666666667,361.1666666666667,28.636322785681024,56.28695856873823,3.192796610281741,0.0,19.2,96,0.0,0.0,5.0,-0.9659258262890683,-0.25881904510252063,-0.6680638642135333,-0.7441039398713608
2025-08-13 18:00:00+00:00,20.824999809265137,99.5,344.3333333333333,28.64171355778343,56.257331181059996,3.1944309928451204,0.0,19.5,97,0.0,0.0,6.1,-1.0,-1.8369701987210297e-16,-0.6680638642135333,-0.7441039398713608
2025-08-13 19:00:00+00:00,20.78333346048991,100.0,350.0,28.64710432988583,56.227703793381764,3.196065375408499,0.0,19.8,99,0.0,0.0,8.6,-0.9659258262890684,0.2588190451025203,-0.6680638642135333,-0.7441039398713608
2025-08-13 20:00:00+00:00,21.416666666666668,99.83333333333333,350.75,28.652495101988237,56.198076405703524,3.1976997579718778,0.0,20.1,100,2.0,0.0,9.9,-0.8660254037844386,0.5000000000000001,-0.6680638642135333,-0.7441039398713608
2025-08-13 21:00:00+00:00,22.52500009536743,98.08333333333333,324.8333333333333,28.65788587409064,56.168449018025285,3.1993341405352567,0.0,21.1,96,74.0,0.0,11.6,-0.7071067811865477,0.7071067811865474,-0.6680638642135333,-0.7441039398713608
2025-08-13 22:00:00+00:00,24.333333333333332,95.0,302.5,28.66327664619304,56.13882163034705,3.200968523098635,0.0,22.5,90,171.0,0.0,13.8,-0.5000000000000004,0.8660254037844384,-0.6680638642135333,-0.7441039398713608
2025-08-13 23:00:00+00:00,26.5583332379659,88.58333333333333,289.0,28.668667418295446,56.10919424266882,3.2026029056620144,0.0,23.5,84,251.0,0.1,15.2,-0.25881904510252157,0.9659258262890681,-0.6680638642135333,-0.7441039398713608
2025-08-14 00:00:00+00:00,27.62499984105428,83.66666666666667,282.9166666666667,28.674058190397847,56.07956685499059,3.204237288225393,0.0,24.6,77,474.0,0.1,15.5,0.0,1.0,-0.680773409477016,-0.732494071613579
2025-08-14 01:00:00+00:00,28.71666685740153,81.0,277.8333333333333,28.679448962500253,56.04993946731235,3.205871670788772,0.0,25.8,72,614.0,0.1,15.1,0.25881904510252074,0.9659258262890683,-0.680773409477016,-0.732494071613579
2025-08-14 02:00:00+00:00,28.233333428700764,79.75,277.8333333333333,28.684839734602654,56.02031207963411,3.2075060533521507,0.0,25.6,72,566.0,0.1,17.1,0.49999999999999994,0.8660254037844387,-0.680773409477016,-0.732494071613579
2025-08-14 03:00:00+00:00,28.049999872843426,82.66666666666667,271.1666666666667,28.690230506705056,55.99068469195588,3.2091404359155296,0.0,25.4,75,480.0,0.0,17.7,0.7071067811865475,0.7071067811865476,-0.680773409477016,-0.732494071613579
2025-08-14 04:00:00+00:00,28.066666920979817,84.75,268.5833333333333,28.69562127880746,55.961057304277645,3.2107748184789084,0.0,25.5,74,456.0,0.0,17.5,0.8660254037844386,0.5000000000000001,-0.680773409477016,-0.732494071613579
2025-08-14 05:00:00+00:00,27.925000031789143,87.75,261.9166666666667,28.701012050909863,55.93142991659941,3.212409201042287,0.0,26.0,71,553.0,0.0,17.9,0.9659258262890683,0.25881904510252074,-0.680773409477016,-0.732494071613579
2025-08-14 06:00:00+00:00,28.383333047231037,85.66666666666667,268.5833333333333,28.70640282301227,55.90180252892117,3.214043583605666,0.0,25.5,72,365.0,0.0,19.4,1.0,6.123233995736766e-17,-0.680773409477016,-0.732494071613579
2025-08-14 07:00:00+00:00,28.0,93.0,259.9166666666667,28.71179359511467,55.872175141242934,3.2156779661690447,0.0,24.4,81,209.0,0.0,19.0,0.9659258262890683,-0.25881904510252063,-0.680773409477016,-0.732494071613579
2025-08-14 08:00:00+00:00,26.508333206176758,97.25,279.1666666666667,28.717184367217072,55.8425477535647,3.2173123487324236,0.0,24.1,82,147.0,0.0,17.0,0.8660254037844387,-0.4999999999999998,-0.680773409477016,-0.732494071613579
2025-08-14 09:00:00+00:00,24.050000190734863,93.83333333333333,297.0833333333333,28.722575139319474,55.81292036588647,3.2189467312958024,0.0,23.5,87,36.0,0.0,15.8,0.7071067811865476,-0.7071067811865475,-0.680773409477016,-0.732494071613579
2025-08-14 10:00:00+00:00,23.5,94.58333333333333,301.4166666666667,28.72796591142188,55.78329297820824,3.2205811138591813,0.0,23.0,88,3.0,0.0,16.4,0.49999999999999994,-0.8660254037844387,-0.680773409477016,-0.732494071613579
2025-08-14 11:00:00+00:00,23.44166644414266,94.5,304.3333333333333,28.73335668352428,55.75366559053,3.22221549642256,0.0,22.6,89,0.0,0.0,17.4,0.258819045102521,-0.9659258262890682,-0.680773409477016,-0.732494071613579
2025-08-14 12:00:00+00:00,23.458333174387615,95.33333333333333,304.25,28.738747455626687,55.72403820285176,3.2238498789859387,0.0,22.6,87,0.0,0.0,16.6,1.2246467991473532e-16,-1.0,-0.680773409477016,-0.732494071613579
2025-08-14 13:00:00+00:00,23.266666571299236,95.58333333333333,303.1666666666667,28.74413822772909,55.694410815173526,3.225484261549318,0.0,22.8,84,0.0,0.0,17.8,-0.2588190451025208,-0.9659258262890683,-0.680773409477016,-0.732494071613579
2025-08-14 14:00:00+00:00,22.958333174387615,96.5,303.8333333333333,28.74952899983149,55.664783427495294,3.2271186441126964,0.0,22.9,88,0.0,0.1,18.5,-0.4999999999999997,-0.8660254037844388,-0.680773409477016,-0.732494071613579
2025-08-14 15:00:00+00:00,23.291666507720947,96.5,304.0833333333333,28.754919771933896,55.63515603981706,3.2287530266760753,0.0,22.9,90,0.0,0.4,20.7,-0.7071067811865471,-0.7071067811865479,-0.680773409477016,-0.732494071613579
2025-08-14 16:00:00+00:00,23.433333079020183,97.08333333333333,301.5,28.760310544036297,55.60552865213882,3.230387409239454,0.0,22.9,91,0.0,0.2,21.7,-0.8660254037844384,-0.5000000000000004,-0.680773409477016,-0.732494071613579
2025-08-14 17:00:00+00:00,23.208333492279053,99.66666666666667,304.0,28.765701316138703,55.57590126446058,3.232021791802833,0.0,23.1,93,0.0,0.5,23.4,-0.9659258262890683,-0.25881904510252063,-0.680773409477016,-0.732494071613579
2025-08-14 18:00:00+00:00,23.05833355585734,100.0,303.4166666666667,28.771092088241105,55.54627387678235,3.233656174366212,0.0,23.1,95,0.0,0.7,22.6,-1.0,-1.8369701987210297e-16,-0.680773409477016,-0.732494071613579
2025-08-14 19:00:00+00:00,23.125000476837158,100.0,305.0833333333333,28.776482860343506,55.51664648910412,3.2352905569295904,0.0,23.0,97,0.0,0.3,21.4,-0.9659258262890684,0.2588190451025203,-0.680773409477016,-0.732494071613579
2025-08-14 20:00:00+00:00,23.391666571299236,100.0,305.6666666666667,28.78187363244591,55.487019101425886,3.2369249394929698,0.0,22.9,98,1.0,0.1,16.5,-0.8660254037844386,0.5000000000000001,-0.680773409477016,-0.732494071613579
2025-08-14 21:00:00+00:00,24.616666952768963,98.91666666666667,298.4166666666667,28.787264404548313,55.45739171374765,3.238559322056348,0.0,23.1,97,18.0,0.0,13.8,-0.7071067811865477,0.7071067811865474,-0.680773409477016,-0.732494071613579
2025-08-14 22:00:00+00:00,26.583333651224773,95.0,291.1666666666667,28.79265517665072,55.42776432606941,3.240193704619727,0.0,24.0,96,90.0,0.0,12.1,-0.5000000000000004,0.8660254037844384,-0.680773409477016,-0.732494071613579
2025-08-14 23:00:00+00:00,28.77499993642171,89.58333333333333,282.5833333333333,28.79804594875312,55.398136938391175,3.241828087183106,0.0,26.0,85,370.0,0.0,13.9,-0.25881904510252157,0.9659258262890681,-0.680773409477016,-0.732494071613579
2025-08-15 00:00:00+00:00,31.591666380564373,81.83333333333333,282.8333333333333,28.803436720855522,55.36850955071294,3.2434624697464844,0.0,27.4,78,555.0,0.0,12.0,0.0,1.0,-0.6932812268869771,-0.7206671495538615
2025-08-15 01:00:00+00:00,30.083333015441895,77.33333333333333,282.75,28.808827492957928,55.33888216303471,3.2450968523098638,0.0,28.5,72,695.0,0.5,5.4,0.25881904510252074,0.9659258262890683,-0.6932812268869771,-0.7206671495538615
2025-08-15 02:00:00+00:00,30.383333524068195,75.66666666666667,277.3333333333333,28.81421826506033,55.30925477535647,3.2467312348732422,0.0,26.2,81,725.0,0.9,18.4,0.49999999999999994,0.8660254037844387,-0.6932812268869771,-0.7206671495538615
2025-08-15 03:00:00+00:00,30.85000006357829,71.83333333333333,284.6666666666667,28.819609037162735,55.27962738767823,3.248365617436621,0.0,27.2,70,642.0,0.0,19.9,0.7071067811865475,0.7071067811865476,-0.6932812268869771,-0.7206671495538615
2025-08-15 04:00:00+00:00,30.416666666666668,66.33333333333333,285.4166666666667,28.824999809265137,55.25,3.25,0.0,27.5,66,790.0,0.0,23.1,0.8660254037844386,0.5000000000000001,-0.6932812268869771,-0.7206671495538615
2025-08-15 05:00:00+00:00,29.666666666666668,62.166666666666664,281.9166666666667,28.81666660308838,52.333333333333336,2.8083333373069763,0.0,27.5,61,692.0,0.0,21.6,0.9659258262890683,0.25881904510252074,-0.6932812268869771,-0.7206671495538615
2025-08-15 06:00:00+00:00,29.10000006357829,60.666666666666664,281.0,28.541666984558105,50.083333333333336,2.2500000099341073,0.0,27.0,55,625.0,0.0,20.5,1.0,6.123233995736766e-17,-0.6932812268869771,-0.7206671495538615
2025-08-15 07:00:00+00:00,28.266666730244953,68.41666666666667,276.3333333333333,27.583333333333332,57.833333333333336,1.666666676600774,0.0,26.0,56,496.0,0.0,18.1,0.9659258262890683,-0.25881904510252063,-0.6932812268869771,-0.7206671495538615
2025-08-15 08:00:00+00:00,27.25000015894572,84.83333333333333,257.75,26.133333206176758,66.25,0.8583333405355612,0.0,25.0,61,312.0,0.0,16.3,0.8660254037844387,-0.4999999999999998,-0.6932812268869771,-0.7206671495538615
2025-08-15 09:00:00+00:00,23.116666475931805,89.0,291.3333333333333,23.81666660308838,76.58333333333333,0.5250000059604645,0.0,23.5,70,129.0,0.0,12.6,0.7071067811865476,-0.7071067811865475,-0.6932812268869771,-0.7206671495538615
2025-08-15 10:00:00+00:00,21.675000190734863,94.33333333333333,310.4166666666667,22.55833339691162,82.16666666666667,0.2666666687776645,0.0,22.0,80,12.0,0.0,8.9,0.49999999999999994,-0.8660254037844387,-0.6932812268869771,-0.7206671495538615
2025-08-15 11:00:00+00:00,21.216666380564373,97.16666666666667,322.75,22.508333524068195,82.66666666666667,0.2500000012417634,0.0,20.3,89,0.0,0.0,4.8,0.258819045102521,-0.9659258262890682,-0.6932812268869771,-0.7206671495538615
2025-08-15 12:00:00+00:00,20.391667048136394,95.83333333333333,332.4166666666667,20.6833332379659,86.33333333333333,0.18333333792785803,0.0,19.1,91,0.0,0.0,2.4,1.2246467991473532e-16,-1.0,-0.6932812268869771,-0.7206671495538615
2025-08-15 13:00:00+00:00,19.675000190734863,95.66666666666667,327.25,19.975000222524006,85.83333333333333,0.10833333618938921,0.0,18.1,95,0.0,0.0,5.5,-0.2588190451025208,-0.9659258262890683,-0.6932812268869771,-0.7206671495538615
2025-08-15 14:00:00+00:00,18.925000031789143,95.0,334.5,19.483333587646484,83.5,0.316666675110658,0.0,17.1,97,0.0,0.0,6.0,-0.4999999999999997,-0.8660254037844388,-0.6932812268869771,-0.7206671495538615
2025-08-15 15:00:00+00:00,18.166666825612385,95.75,342.3333333333333,18.824999968210857,81.58333333333333,0.16666666915019354,0.0,16.7,97,0.0,0.0,3.5,-0.7071067811865471,-0.7071067811865479,-0.6932812268869771,-0.7206671495538615
2025-08-15 16:00:00+00:00,17.891666253407795,100.0,386.0833333333333,17.64999993642171,87.08333333333333,0.10833333681027095,0.0,16.5,97,0.0,0.0,3.1,-0.8660254037844384,-0.5000000000000004,-0.6932812268869771,-0.7206671495538615
2025-08-15 17:00:00+00:00,17.59999990463257,100.0,447.0,16.733332951863606,88.91666666666667,0.14166666753590107,0.0,16.0,97,0.0,0.0,1.9,-0.9659258262890683,-0.25881904510252063,-0.6932812268869771,-0.7206671495538615
2025-08-15 18:00:00+00:00,17.366666158040363,100.0,502.75,16.725000222524006,89.5,0.15000000099341074,0.0,15.9,98,0.0,0.0,2.1,-1.0,-1.8369701987210297e-16,-0.6932812268869771,-0.7206671495538615
2025-08-15 19:00:00+00:00,17.18333387374878,100.0,547.8333333333334,16.25000015894572,88.58333333333333,0.1250000037252903,0.0,15.4,98,0.0,0.0,1.4,-0.9659258262890684,0.2588190451025203,-0.6932812268869771,-0.7206671495538615
2025-08-15 20:00:00+00:00,17.97500006357829,100.0,566.75,18.191666920979817,83.75,0.2333333349476258,0.0,15.9,97,2.0,0.0,2.2,-0.8660254037844386,0.5000000000000001,-0.6932812268869771,-0.7206671495538615
2025-08-15 21:00:00+00:00,20.858333428700764,96.16666666666667,416.9166666666667,20.72499990463257,78.33333333333333,0.949999992425243,0.0,17.8,94,82.0,0.0,4.7,-0.7071067811865477,0.7071067811865474,-0.6932812268869771,-0.7206671495538615
2025-08-15 22:00:00+00:00,24.666666825612385,89.25,277.0833333333333,22.93333339691162,75.75,1.8749999900658925,0.0,21.4,83,242.0,0.0,3.0,-0.5000000000000004,0.8660254037844384,-0.6932812268869771,-0.7206671495538615
2025-08-15 23:00:00+00:00,26.799999872843426,82.41666666666667,279.4166666666667,24.949999650319416,70.75,2.0916666388511658,0.0,23.4,78,415.0,0.0,4.1,-0.25881904510252157,0.9659258262890681,-0.6932812268869771,-0.7206671495538615
2025-08-16 00:00:00+00:00,29.391666571299236,77.41666666666667,288.5833333333333,26.949999809265137,66.66666666666667,2.300000006953875,0.0,25.4,72,601.0,0.0,7.6,0.0,1.0,-0.7055836101071774,-0.70862667826446
2025-08-16 01:00:00+00:00,31.700000286102295,72.25,284.1666666666667,29.166666666666668,58.75,2.1833333522081375,0.0,27.5,62,723.0,0.0,10.3,0.25881904510252074,0.9659258262890683,-0.7055836101071774,-0.70862667826446
2025-08-16 02:00:00+00:00,32.808332761128746,67.58333333333333,286.4166666666667,29.97499990463257,55.583333333333336,3.200000007947286,0.0,28.5,57,835.0,0.0,11.0,0.49999999999999994,0.8660254037844387,-0.7055836101071774,-0.70862667826446
2025-08-16 03:00:00+00:00,33.09166590372721,66.0,288.4166666666667,30.233332951863606,55.916666666666664,3.0416666666666665,0.0,29.1,55,869.0,0.0,10.3,0.7071067811865475,0.7071067811865476,-0.7055836101071774,-0.70862667826446
2025-08-16 04:00:00+00:00,33.108333587646484,64.58333333333333,290.0,30.766666730244953,53.416666666666664,2.6666666666666665,0.0,29.8,52,845.0,0.0,9.2,0.8660254037844386,0.5000000000000001,-0.7055836101071774,-0.70862667826446
2025-08-16 05:00:00+00:00,32.17499955495199,66.16666666666667,285.9166666666667,30.416666666666668,53.75,2.816666672627131,0.0,30.1,48,749.0,0.0,8.3,0.9659258262890683,0.25881904510252074,-0.7055836101071774,-0.70862667826446
2025-08-16 06:00:00+00:00,29.925000190734863,70.58333333333333,277.3333333333333,29.258333206176758,58.833333333333336,3.266666680574417,0.0,30.4,46,595.0,0.0,5.5,1.0,6.123233995736766e-17,-0.7055836101071774,-0.70862667826446
2025-08-16 07:00:00+00:00,28.27499993642171,78.41666666666667,275.0,28.100000222524006,65.16666666666667,2.8166666626930237,0.0,29.0,60,378.0,0.0,11.8,0.9659258262890683,-0.25881904510252063,-0.7055836101071774,-0.70862667826446
2025-08-16 08:00:00+00:00,27.675000190734863,88.91666666666667,278.9166666666667,27.391666889190674,69.58333333333333,1.5916666549940903,0.0,27.0,71,152.0,0.0,12.6,0.8660254037844387,-0.4999999999999998,-0.7055836101071774,-0.70862667826446
2025-08-16 09:00:00+00:00,25.87500015894572,78.66666666666667,293.9166666666667,27.158332983652752,64.33333333333333,0.5333333344509205,0.0,26.0,68,94.0,0.0,12.6,0.7071067811865476,-0.7071067811865475,-0.7055836101071774,-0.70862667826446
2025-08-16 10:00:00+00:00,25.34166653951009,75.75,294.0,26.741666793823242,63.166666666666664,0.8583333349476258,0.0,24.9,69,6.0,0.0,10.1,0.49999999999999994,-0.8660254037844387,-0.7055836101071774,-0.70862667826446
2025-08-16 11:00:00+00:00,24.90000009536743,78.58333333333333,296.3333333333333,25.6916667620341,68.5,0.591666671137015,0.0,23.7,74,0.0,0.0,7.6,0.258819045102521,-0.9659258262890682,-0.7055836101071774,-0.70862667826446
2025-08-16 12:00:00+00:00,23.53333346048991,86.0,303.6666666666667,24.541666666666668,73.83333333333333,1.5916666612029076,0.0,22.8,82,0.0,0.0,9.0,1.2246467991473532e-16,-1.0,-0.7055836101071774,-0.70862667826446
2025-08-16 13:00:00+00:00,22.608333110809326,91.33333333333333,313.0833333333333,23.616666475931805,78.75,1.31666665772597,0.0,23.0,82,0.0,0.0,8.3,-0.2588190451025208,-0.9659258262890683,-0.7055836101071774,-0.70862667826446
2025-08-16 14:00:00+00:00,22.21666653951009,94.0,320.3333333333333,23.1833332379659,82.58333333333333,1.800000011920929,0.0,22.6,83,0.0,0.0,10.2,-0.4999999999999997,-0.8660254037844388,-0.7055836101071774,-0.70862667826446
2025-08-16 15:00:00+00:00,22.608333746592205,95.25,314.5,23.34166653951009,85.08333333333333,2.666666656732559,0.0,22.4,86,0.0,0.0,13.2,-0.7071067811865471,-0.7071067811865479,-0.7055836101071774,-0.70862667826446
2025-08-16 16:00:00+00:00,22.47499990463257,97.58333333333333,318.6666666666667,22.799999713897705,89.75,3.1666666666666665,0.0,22.4,87,0.0,0.0,13.9,-0.8660254037844384,-0.5000000000000004,-0.7055836101071774,-0.70862667826446
2025-08-16 17:00:00+00:00,22.399999618530273,97.5,320.5833333333333,22.733333269755047,90.0,2.9416666328907013,0.0,22.2,90,0.0,0.0,14.8,-0.9659258262890683,-0.25881904510252063,-0.7055836101071774,-0.70862667826446
2025-08-16 18:00:00+00:00,22.541666825612385,96.16666666666667,312.5,22.958333492279053,88.91666666666667,2.949999988079071,0.0,22.0,94,0.0,0.0,14.1,-1.0,-1.8369701987210297e-16,-0.7055836101071774,-0.70862667826446
2025-08-16 19:00:00+00:00,22.241666475931805,98.16666666666667,314.4166666666667,22.524999777475994,91.16666666666667,2.7499999900658927,0.0,21.9,96,0.0,0.0,14.7,-0.9659258262890684,0.2588190451025203,-0.7055836101071774,-0.70862667826446
2025-08-16 20:00:00+00:00,22.608333587646484,97.75,312.6666666666667,22.691667238871258,90.83333333333333,2.9333333174387612,0.0,22.0,97,1.0,0.0,13.6,-0.8660254037844386,0.5000000000000001,-0.7055836101071774,-0.70862667826446
2025-08-16 21:00:00+00:00,23.758333206176758,96.41666666666667,303.4166666666667,23.258333206176758,90.75,2.8666666646798453,0.0,22.4,96,21.0,0.0,14.3,-0.7071067811865477,0.7071067811865474,-0.7055836101071774,-0.70862667826446
2025-08-16 22:00:00+00:00,24.466666380564373,95.0,289.0,24.233333269755047,87.33333333333333,3.475000003973643,0.0,22.8,94,39.0,0.0,15.2,-0.5000000000000004,0.8660254037844384,-0.7055836101071774,-0.70862667826446
2025-08-16 23:00:00+00:00,24.116666952768963,94.33333333333333,286.8333333333333,24.31666660308838,83.66666666666667,3.1166666547457376,0.0,23.1,92,50.0,0.0,13.4,-0.25881904510252157,0.9659258262890681,-0.7055836101071774,-0.70862667826446
2025-08-17 00:00:00+00:00,24.875,90.75,279.6666666666667,25.016666730244953,77.91666666666667,2.900000015894572,0.0,23.5,89,73.0,0.0,12.0,0.0,1.0,-0.7176769136759615,-0.6963762255968726
2025-08-17 01:00:00+00:00,25.0666667620341,96.58333333333333,268.5,24.3083332379659,80.41666666666667,2.875,0.0,25.0,81,232.0,0.0,16.3,0.25881904510252074,0.9659258262890683,-0.7176769136759615,-0.6963762255968726
2025-08-17 02:00:00+00:00,25.34166669845581,100.0,294.0,23.866666952768963,83.25,2.574999988079071,0.16444444689485763,24.5,84,164.0,0.8,13.2,0.49999999999999994,0.8660254037844387,-0.7176769136759615,-0.6963762255968726
2025-08-17 03:00:00+00:00,23.949999968210857,100.0,339.9166666666667,22.266666571299236,91.83333333333333,3.266666680574417,1.6719444346096781,23.2,94,111.0,7.6,13.8,0.7071067811865475,0.7071067811865476,-0.7176769136759615,-0.6963762255968726
2025-08-17 04:00:00+00:00,23.600000381469727,100.0,361.0833333333333,21.68333355585734,93.58333333333333,2.349999980380138,4.804166571299235,22.4,95,126.0,4.2,21.2,0.8660254037844386,0.5000000000000001,-0.7176769136759615,-0.6963762255968726
2025-08-17 05:00:00+00:00,24.375,99.66666666666667,365.0,21.63333336512248,93.58333333333333,1.7499999993791182,3.159166580438614,22.5,96,204.0,1.2,26.5,0.9659258262890683,0.25881904510252074,-0.7176769136759615,-0.6963762255968726
2025-08-17 06:00:00+00:00,25.358333587646484,97.75,261.8333333333333,22.016666253407795,89.41666666666667,3.0750000178813934,1.0544444057676527,23.1,96,111.0,0.2,19.8,1.0,6.123233995736766e-17,-0.7176769136759615,-0.6963762255968726
2025-08-17 07:00:00+00:00,27.241666793823242,94.16666666666667,224.16666666666666,22.5,87.75,2.4166666815678277,0.0,24.1,93,97.0,0.0,9.4,0.9659258262890683,-0.25881904510252063,-0.7176769136759615,-0.6963762255968726
2025-08-17 08:00:00+00:00,25.791666507720947,97.75,232.16666666666666,22.50833336512248,89.66666666666667,0.6416666818161806,0.0,24.5,93,95.0,0.0,1.5,0.8660254037844387,-0.4999999999999998,-0.7176769136759615,-0.6963762255968726
2025-08-17 09:00:00+00:00,22.783333619435627,98.66666666666667,296.0,22.266666730244953,92.0,0.14166667001942793,0.0,24.4,90,39.0,0.0,10.4,0.7071067811865476,-0.7071067811865475,-0.7176769136759615,-0.6963762255968726
2025-08-17 10:00:00+00:00,21.87499984105428,100.0,317.9166666666667,21.758333047231037,94.33333333333333,0.05000000074505806,0.0,23.4,85,5.0,0.0,12.3,0.49999999999999994,-0.8660254037844387,-0.7176769136759615,-0.6963762255968726
2025-08-17 11:00:00+00:00,20.833333333333332,100.0,355.9166666666667,20.925000190734863,95.83333333333333,0.0,0.0,22.5,88,0.0,0.0,9.1,0.258819045102521,-0.9659258262890682,-0.7176769136759615,-0.6963762255968726
2025-08-17 12:00:00+00:00,20.200000127156574,100.0,362.3333333333333,20.466666539510094,97.0,0.008333333457509676,0.0,21.1,93,0.0,0.0,4.4,1.2246467991473532e-16,-1.0,-0.7176769136759615,-0.6963762255968726
2025-08-17 13:00:00+00:00,19.883333047231037,100.0,368.8333333333333,20.075000127156574,97.0,0.1750000026077032,0.0,18.6,98,0.0,0.1,3.3,-0.2588190451025208,-0.9659258262890683,-0.7176769136759615,-0.6963762255968726
2025-08-17 14:00:00+00:00,19.208333333333332,100.0,360.5,19.25,95.83333333333333,0.10000000335276127,0.0,18.5,98,0.0,0.0,4.0,-0.4999999999999997,-0.8660254037844388,-0.7176769136759615,-0.6963762255968726
2025-08-17 15:00:00+00:00,18.366666793823242,100.0,377.5833333333333,18.325000286102295,95.58333333333333,0.09166666803260642,0.0,18.0,98,0.0,0.0,6.4,-0.7071067811865471,-0.7071067811865479,-0.7176769136759615,-0.6963762255968726
2025-08-17 16:00:00+00:00,18.075000286102295,100.0,424.3333333333333,17.891666412353516,96.41666666666667,0.12500000248352686,0.0,17.9,97,0.0,0.0,6.6,-0.8660254037844384,-0.5000000000000004,-0.7176769136759615,-0.6963762255968726
2025-08-17 17:00:00+00:00,17.94166644414266,100.0,468.4166666666667,17.37499984105428,96.25,0.18333333358168602,0.0,17.3,96,0.0,0.0,4.0,-0.9659258262890683,-0.25881904510252063,-0.7176769136759615,-0.6963762255968726
2025-08-17 18:00:00+00:00,17.750000317891438,100.0,514.0,16.983333269755047,96.5,0.15000000347693762,0.0,17.0,96,0.0,0.0,3.1,-1.0,-1.8369701987210297e-16,-0.7176769136759615,-0.6963762255968726
2025-08-17 19:00:00+00:00,17.75833336512248,100.0,558.25,16.591667016347248,96.0,0.10000000211099784,0.0,16.5,96,0.0,0.0,1.5,-0.9659258262890684,0.2588190451025203,-0.7176769136759615,-0.6963762255968726
2025-08-17 20:00:00+00:00,18.19166644414266,100.0,571.75,17.81666660308838,91.16666666666667,0.1083333349476258,0.0,17.3,90,2.0,0.0,2.7,-0.8660254037844386,0.5000000000000001,-0.7176769136759615,-0.6963762255968726
2025-08-17 21:00:00+00:00,20.84166669845581,99.58333333333333,451.6666666666667,21.958333333333332,78.0,0.25000000558793545,0.0,18.7,91,78.0,0.0,4.6,-0.7071067811865477,0.7071067811865474,-0.7176769136759615,-0.6963762255968726
2025-08-17 22:00:00+00:00,24.416666507720947,92.91666666666667,280.5,23.53333314259847,75.5,1.1833333273728688,0.0,21.1,88,243.0,0.0,4.0,-0.5000000000000004,0.8660254037844384,-0.7176769136759615,-0.6963762255968726
2025-08-17 23:00:00+00:00,27.0,86.16666666666667,268.8333333333333,25.31666660308838,67.75,0.833333345130086,0.0,23.0,81,427.0,0.0,3.1,-0.25881904510252157,0.9659258262890681,-0.7176769136759615,-0.6963762255968726
2025-08-18 00:00:00+00:00,29.15833346048991,78.25,274.0833333333333,26.774999777475994,64.0,1.0166666706403096,0.0,24.5,75,581.0,0.0,5.4,0.0,1.0,-0.7295575540864876,-0.6839194216246105
2025-08-18 01:00:00+00:00,30.550000031789143,71.58333333333333,281.75,27.766666889190674,58.166666666666664,1.0583333323399227,0.0,26.2,62,663.0,0.1,4.0,0.25881904510252074,0.9659258262890683,-0.7295575540864876,-0.6839194216246105
2025-08-18 02:00:00+00:00,31.700000127156574,67.75,287.5833333333333,28.416666666666668,55.25,1.466666656235854,0.0,26.9,58,654.0,0.0,4.7,0.49999999999999994,0.8660254037844387,-0.7295575540864876,-0.6839194216246105
2025-08-18 03:00:00+00:00,31.541666348775227,66.08333333333333,288.0833333333333,28.375000317891438,53.833333333333336,1.6666666567325592,0.0,27.6,53,781.0,0.0,6.1,0.7071067811865475,0.7071067811865476,-0.7295575540864876,-0.6839194216246105
2025-08-18 04:00:00+00:00,31.674999713897705,65.5,285.9166666666667,28.666666666666668,52.833333333333336,2.1249999900658927,0.0,28.0,49,825.0,0.0,6.3,0.8660254037844386,0.5000000000000001,-0.7295575540864876,-0.6839194216246105
2025-08-18 05:00:00+00:00,31.366666475931805,64.16666666666667,282.0,29.008333524068195,50.583333333333336,2.400000015894572,0.0,28.0,50,710.0,0.0,6.2,0.9659258262890683,0.25881904510252074,-0.7295575540864876,-0.6839194216246105
2025-08-18 06:00:00+00:00,30.22499990463257,64.66666666666667,274.6666666666667,29.041666825612385,49.083333333333336,1.5833333383003871,0.0,28.1,49,604.0,0.0,7.0,1.0,6.123233995736766e-17,-0.7295575540864876,-0.6839194216246105
2025-08-18 07:00:00+00:00,28.449999968210857,72.83333333333333,265.8333333333333,28.041666825612385,52.666666666666664,1.5749999980131786,0.0,27.1,57,363.0,0.0,10.2,0.9659258262890683,-0.25881904510252063,-0.7295575540864876,-0.6839194216246105
2025-08-18 08:00:00+00:00,27.5583332379659,81.66666666666667,264.75,27.483332951863606,57.916666666666664,1.2750000009934108,0.0,25.7,70,196.0,0.0,10.2,0.8660254037844387,-0.4999999999999998,-0.7295575540864876,-0.6839194216246105
2025-08-18 09:00:00+00:00,24.31666644414266,80.83333333333333,286.3333333333333,25.291666507720947,68.66666666666667,1.0166666756073635,0.0,23.6,84,111.0,0.0,3.1,0.7071067811865476,-0.7071067811865475,-0.7295575540864876,-0.6839194216246105
2025-08-18 10:00:00+00:00,22.541666666666668,92.5,302.9166666666667,23.15833330154419,80.75,0.1750000057121118,0.0,21.5,90,8.0,0.0,4.3,0.49999999999999994,-0.8660254037844387,-0.7295575540864876,-0.6839194216246105
2025-08-18 11:00:00+00:00,21.78333330154419,96.16666666666667,322.3333333333333,22.466667016347248,84.33333333333333,0.17500000384946665,0.0,21.0,90,0.0,0.0,5.8,0.258819045102521,-0.9659258262890682,-0.7295575540864876,-0.6839194216246105
2025-08-18 12:00:00+00:00,21.4333332379659,96.83333333333333,339.0,21.9333332379659,86.08333333333333,0.10833333432674408,0.0,20.9,88,0.0,0.0,2.8,1.2246467991473532e-16,-1.0,-0.7295575540864876,-0.6839194216246105
2025-08-18 13:00:00+00:00,20.699999968210857,97.0,341.3333333333333,21.116666793823242,87.16666666666667,0.3416666661699613,0.0,20.3,91,0.0,0.0,2.9,-0.2588190451025208,-0.9659258262890683,-0.7295575540864876,-0.6839194216246105
2025-08-18 14:00:00+00:00,19.866666475931805,98.08333333333333,359.8333333333333,19.874999682108562,88.91666666666667,0.2583333309739828,0.0,19.9,91,0.0,0.0,5.0,-0.4999999999999997,-0.8660254037844388,-0.7295575540864876,-0.6839194216246105
2025-08-18 15:00:00+00:00,19.125,96.25,348.1666666666667,19.399999777475994,84.0,0.7166666655490795,0.0,19.6,83,0.0,0.0,7.9,-0.7071067811865471,-0.7071067811865479,-0.7295575540864876,-0.6839194216246105
2025-08-18 16:00:00+00:00,19.09166685740153,94.75,337.75,19.633333524068195,82.66666666666667,1.0999999921768904,0.0,19.6,73,0.0,0.0,10.5,-0.8660254037844384,-0.5000000000000004,-0.7295575540864876,-0.6839194216246105
2025-08-18 17:00:00+00:00,19.74166663487752,97.66666666666667,337.5,20.141667048136394,86.83333333333333,0.5916666655490795,0.0,20.1,72,0.0,0.0,11.9,-0.9659258262890683,-0.25881904510252063,-0.7295575540864876,-0.6839194216246105
2025-08-18 18:00:00+00:00,20.358333428700764,97.75,329.0,20.68333339691162,88.08333333333333,1.3749999981373549,0.0,20.0,79,0.0,0.0,12.0,-1.0,-1.8369701987210297e-16,-0.7295575540864876,-0.6839194216246105
2025-08-18 19:00:00+00:00,20.374999682108562,99.33333333333333,328.3333333333333,20.608333587646484,90.83333333333333,0.48333332625528175,0.025,19.9,89,0.0,0.0,8.9,-0.9659258262890684,0.2588190451025203,-0.7295575540864876,-0.6839194216246105
2025-08-18 20:00:00+00:00,20.383333206176758,100.0,330.4166666666667,20.25000015894572,94.5,0.316666670764486,1.1755555470784504,20.2,92,0.0,1.0,9.4,-0.8660254037844386,0.5000000000000001,-0.7295575540864876,-0.6839194216246105
2025-08-18 21:00:00+00:00,20.71666653951009,100.0,328.0833333333333,20.266666889190674,96.0,1.2166666810711224,8.798332957426707,20.0,97,4.0,3.3,12.1,-0.7071067811865477,0.7071067811865474,-0.7295575540864876,-0.6839194216246105
2025-08-18 22:00:00+00:00,21.575000127156574,100.0,300.3333333333333,20.09166653951009,94.16666666666667,1.3083333472410839,2.8111110627651215,20.5,97,26.0,0.5,13.0,-0.5000000000000004,0.8660254037844384,-0.7295575540864876,-0.6839194216246105
2025-08-18 23:00:00+00:00,22.266666730244953,100.0,266.75,19.958333174387615,94.83333333333333,2.141666680574417,3.572499905526638,21.6,97,68.0,0.0,14.4,-0.25881904510252157,0.9659258262890681,-0.7295575540864876,-0.6839194216246105
2025-08-19 00:00:00+00:00,22.483333269755047,100.0,263.0833333333333,20.50000015894572,95.5,2.858333319425583,0.3027777895331382,22.0,97,80.0,3.5,21.2,0.0,1.0,-0.7412220108485957,-0.6712599575675315
2025-08-19 01:00:00+00:00,22.5583332379659,100.0,319.1666666666667,21.325000127156574,95.83333333333333,0.7833333412806193,1.2999999523162842,21.8,97,151.0,0.8,19.2,0.25881904510252074,0.9659258262890683,-0.7412220108485957,-0.6712599575675315
2025-08-19 02:00:00+00:00,23.733333428700764,100.0,353.75,22.18333355585734,93.83333333333333,1.508333330353101,1.0,22.3,96,155.0,1.0,21.3,0.49999999999999994,0.8660254037844387,-0.7412220108485957,-0.6712599575675315
2025-08-19 03:00:00+00:00,26.80833355585734,96.16666666666667,268.1666666666667,23.024999777475994,90.41666666666667,1.6333333154519398,0.30388890074359043,22.8,92,192.0,0.3,23.6,0.7071067811865475,0.7071067811865476,-0.7412220108485957,-0.6712599575675315
2025-08-19 04:00:00+00:00,27.791666984558105,94.33333333333333,237.58333333333334,23.108333587646484,87.91666666666667,2.566666692495346,0.3000000119209289,23.6,84,530.0,0.1,23.4,0.8660254037844386,0.5000000000000001,-0.7412220108485957,-0.6712599575675315
2025-08-19 05:00:00+00:00,28.90833314259847,86.16666666666667,280.75,24.8166667620341,84.58333333333333,2.7083333134651184,0.004166666832235124,24.5,82,374.0,0.0,16.6,0.9659258262890683,0.25881904510252074,-0.7412220108485957,-0.6712599575675315
2025-08-19 06:00:00+00:00,28.641666730244953,86.41666666666667,280.75,25.74999984105428,83.58333333333333,1.9666666636864345,0.0,24.8,84,186.0,0.0,9.4,1.0,6.123233995736766e-17,-0.7412220108485957,-0.6712599575675315
2025-08-19 07:00:00+00:00,28.27500009536743,90.33333333333333,274.1666666666667,25.299999237060547,85.0,4.300000190734863,0.0,26.4,78,342.0,0.0,9.9,0.9659258262890683,-0.25881904510252063,-0.7412220108485957,-0.6712599575675315
2025-08-19 08:00:00+00:00,27.041666666666668,95.16666666666667,260.25,25.299999237060547,85.0,4.300000190734863,0.0,26.3,82,227.0,0.0,7.8,0.8660254037844387,-0.4999999999999998,-0.7412220108485957,-0.6712599575675315
2025-08-19 09:00:00+00:00,23.791666666666668,98.83333333333333,302.8333333333333,25.299999237060547,85.0,4.300000190734863,0.0,25.0,89,97.0,0.0,7.3,0.7071067811865476,-0.7071067811865475,-0.7412220108485957,-0.6712599575675315
2025-08-19 10:00:00+00:00,23.108333428700764,100.0,317.25,25.299999237060547,85.0,4.300000190734863,0.0,23.2,95,6.0,0.0,4.4,0.49999999999999994,-0.8660254037844387,-0.7412220108485957,-0.6712599575675315
2025-08-19 11:00:00+00:00,22.708333651224773,100.0,329.3333333333333,25.299999237060547,85.0,4.300000190734863,0.0,22.2,97,0.0,0.0,1.4,0.258819045102521,-0.9659258262890682,-0.7412220108485957,-0.6712599575675315
2025-08-19 12:00:00+00:00,22.583333492279053,100.0,332.8333333333333,25.299999237060547,85.0,4.300000190734863,0.0,21.5,99,0.0,0.0,0.8,1.2246467991473532e-16,-1.0,-0.7412220108485957,-0.6712599575675315
2025-08-19 13:00:00+00:00,22.77499993642171,100.0,343.8333333333333,25.299999237060547,85.0,4.300000190734863,0.0,22.2,93,0.0,0.0,4.3,-0.2588190451025208,-0.9659258262890683,-0.7412220108485957,-0.6712599575675315
2025-08-19 14:00:00+00:00,22.541666825612385,100.0,341.3333333333333,25.299999237060547,85.0,4.300000190734863,0.0,20.8,95,0.0,0.0,2.4,-0.4999999999999997,-0.8660254037844388,-0.7412220108485957,-0.6712599575675315
2025-08-19 15:00:00+00:00,22.375,100.0,346.4166666666667,25.299999237060547,85.0,4.300000190734863,0.0,20.0,97,0.0,0.0,1.3,-0.7071067811865471,-0.7071067811865479,-0.7412220108485957,-0.6712599575675315
2025-08-19 16:00:00+00:00,22.116666793823242,100.0,356.5,25.299999237060547,85.0,4.300000190734863,0.0,19.3,100,0.0,0.0,0.6,-0.8660254037844384,-0.5000000000000004,-0.7412220108485957,-0.6712599575675315
2025-08-19 17:00:00+00:00,22.24999984105428,100.0,366.75,25.299999237060547,85.0,4.300000190734863,0.0,19.2,100,0.0,0.0,2.6,-0.9659258262890683,-0.25881904510252063,-0.7412220108485957,-0.6712599575675315
2025-08-19 18:00:00+00:00,22.50833336512248,100.0,345.0,25.299999237060547,85.0,4.300000190734863,0.0,19.1,100,0.0,0.0,3.4,-1.0,-1.8369701987210297e-16,-0.7412220108485957,-0.6712599575675315
2025-08-19 19:00:00+00:00,22.708333651224773,100.0,332.5,25.299999237060547,85.0,4.300000190734863,0.0,19.3,100,0.0,0.0,3.5,-0.9659258262890684,0.2588190451025203,-0.7412220108485957,-0.6712599575675315
2025-08-19 20:00:00+00:00,23.050000190734863,100.0,330.4166666666667,25.299999237060547,85.0,4.300000190734863,0.0,19.5,99,1.0,0.0,4.0,-0.8660254037844386,0.5000000000000001,-0.7412220108485957,-0.6712599575675315
2025-08-19 21:00:00+00:00,23.74999984105428,100.0,324.5833333333333,25.299999237060547,85.0,4.300000190734863,0.0,20.8,97,30.0,0.0,6.8,-0.7071067811865477,0.7071067811865474,-0.7412220108485957,-0.6712599575675315
2025-08-19 22:00:00+00:00,25.291666666666668,97.25,311.3333333333333,25.299999237060547,85.0,4.300000190734863,0.0,22.1,96,109.0,0.0,8.9,-0.5000000000000004,0.8660254037844384,-0.7412220108485957,-0.6712599575675315
2025-08-19 23:00:00+00:00,27.758333683013916,90.25,296.5,25.299999237060547,85.0,4.300000190734863,0.0,23.5,90,199.0,0.0,13.9,-0.25881904510252157,0.9659258262890681,-0.7412220108485957,-0.6712599575675315
2025-08-20 00:00:00+00:00,29.341667016347248,86.41666666666667,286.9166666666667,25.299999237060547,85.0,4.300000190734863,0.0,25.0,82,358.0,0.0,12.6,0.0,1.0,-0.7526668275320083,-0.6584015846980489
2025-08-20 01:00:00+00:00,30.666666825612385,82.66666666666667,286.9166666666667,25.299999237060547,85.0,4.300000190734863,0.0,27.8,73,612.0,0.0,16.0,0.25881904510252074,0.9659258262890683,-0.7526668275320083,-0.6584015846980489
2025-08-20 02:00:00+00:00,30.983333269755047,82.25,286.0833333333333,25.299999237060547,85.0,4.300000190734863,0.0,28.1,71,564.0,0.0,18.3,0.49999999999999994,0.8660254037844387,-0.7526668275320083,-0.6584015846980489
2025-08-20 03:00:00+00:00,30.27500009536743,82.41666666666667,284.8333333333333,25.299999237060547,85.0,4.300000190734863,0.0,27.2,76,411.0,0.0,18.6,0.7071067811865475,0.7071067811865476,-0.7526668275320083,-0.6584015846980489
2025-08-20 04:00:00+00:00,30.75833336512248,80.33333333333333,288.5833333333333,25.299999237060547,85.0,4.300000190734863,0.0,27.4,77,447.0,0.0,15.9,0.8660254037844386,0.5000000000000001,-0.7526668275320083,-0.6584015846980489
2025-08-20 05:00:00+00:00,29.71666669845581,82.83333333333333,290.0833333333333,25.299999237060547,85.0,4.300000190734863,0.0,28.1,74,562.0,0.0,14.6,0.9659258262890683,0.25881904510252074,-0.7526668275320083,-0.6584015846980489
2025-08-20 06:00:00+00:00,28.56666660308838,86.83333333333333,279.75,25.299999237060547,85.0,4.300000190734863,0.0,28.2,75,469.0,0.0,12.5,1.0,6.123233995736766e-17,-0.7526668275320083,-0.6584015846980489
2025-08-20 07:00:00+00:00,27.99999984105428,93.16666666666667,272.0833333333333,25.299999237060547,85.0,4.300000190734863,0.0,27.4,77,308.0,0.1,11.7,0.9659258262890683,-0.25881904510252063,-0.7526668275320083,-0.6584015846980489
2025-08-20 08:00:00+00:00,26.87500015894572,96.91666666666667,279.1666666666667,25.299999237060547,85.0,4.300000190734863,0.0,26.6,83,177.0,0.0,10.3,0.8660254037844387,-0.4999999999999998,-0.7526668275320083,-0.6584015846980489
2025-08-20 09:00:00+00:00,24.53333330154419,95.75,304.5833333333333,25.299999237060547,85.0,4.300000190734863,0.0,25.4,86,79.0,0.0,10.2,0.7071067811865476,-0.7071067811865475,-0.7526668275320083,-0.6584015846980489
2025-08-20 10:00:00+00:00,23.708333651224773,97.75,310.5833333333333,25.299999237060547,85.0,4.300000190734863,0.0,24.2,89,5.0,0.0,10.6,0.49999999999999994,-0.8660254037844387,-0.7526668275320083,-0.6584015846980489
2025-08-20 11:00:00+00:00,23.84166653951009,99.5,316.8333333333333,25.299999237060547,85.0,4.300000190734863,0.0,24.0,89,0.0,0.0,6.7,0.258819045102521,-0.9659258262890682,-0.7526668275320083,-0.6584015846980489
2025-08-20 12:00:00+00:00,23.858333110809326,100.0,324.6666666666667,25.299999237060547,85.0,4.300000190734863,0.0,23.0,93,0.0,0.2,10.9,1.2246467991473532e-16,-1.0,-0.7526668275320083,-0.6584015846980489
2025-08-20 13:00:00+00:00,23.84166653951009,100.0,332.8333333333333,25.299999237060547,85.0,4.300000190734863,0.0,22.1,99,0.0,0.3,5.2,-0.2588190451025208,-0.9659258262890683,-0.7526668275320083,-0.6584015846980489
2025-08-20 14:00:00+00:00,23.78333346048991,100.0,338.25,25.299999237060547,85.0,4.300000190734863,0.0,21.8,99,0.0,0.0,0.2,-0.4999999999999997,-0.8660254037844388,-0.7526668275320083,-0.6584015846980489
2025-08-20 15:00:00+00:00,23.008333047231037,100.0,343.0833333333333,25.299999237060547,85.0,4.300000190734863,0.0,21.1,100,0.0,0.0,2.5,-0.7071067811865471,-0.7071067811865479,-0.7526668275320083,-0.6584015846980489
2025-08-20 16:00:00+00:00,22.433333079020183,100.0,354.1666666666667,25.299999237060547,85.0,4.300000190734863,0.0,20.9,100,0.0,0.0,2.3,-0.8660254037844384,-0.5000000000000004,-0.7526668275320083,-0.6584015846980489
2025-08-20 17:00:00+00:00,21.641666571299236,100.0,383.75,25.299999237060547,85.0,4.300000190734863,0.0,20.4,100,0.0,0.0,0.2,-0.9659258262890683,-0.25881904510252063,-0.7526668275320083,-0.6584015846980489
2025-08-20 18:00:00+00:00,20.866666793823242,100.0,389.75,25.299999237060547,85.0,4.300000190734863,0.0,20.2,100,0.0,0.0,4.4,-1.0,-1.8369701987210297e-16,-0.7526668275320083,-0.6584015846980489
2025-08-20 19:00:00+00:00,20.15833330154419,100.0,377.75,25.299999237060547,85.0,4.300000190734863,0.0,20.1,100,0.0,0.0,15.8,-0.9659258262890684,0.2588190451025203,-0.7526668275320083,-0.6584015846980489
2025-08-20 20:00:00+00:00,20.275000254313152,100.0,378.3333333333333,25.299999237060547,85.0,4.300000190734863,0.0,19.2,97,0.0,0.1,11.0,-0.8660254037844386,0.5000000000000001,-0.7526668275320083,-0.6584015846980489
2025-08-20 21:00:00+00:00,22.65833346048991,99.08333333333333,344.9166666666667,25.299999237060547,85.0,4.300000190734863,0.0,19.1,96,63.0,0.0,11.6,-0.7071067811865477,0.7071067811865474,-0.7526668275320083,-0.6584015846980489
2025-08-20 22:00:00+00:00,24.008333524068195,95.5,297.8333333333333,25.299999237060547,85.0,4.300000190734863,0.0,20.6,91,160.0,0.0,10.9,-0.5000000000000004,0.8660254037844384,-0.7526668275320083,-0.6584015846980489
2025-08-20 23:00:00+00:00,23.016666730244953,98.58333333333333,306.5833333333333,25.299999237060547,85.0,4.300000190734863,0.0,22.0,85,327.0,0.0,10.2,-0.25881904510252157,0.9659258262890681,-0.7526668275320083,-0.6584015846980489
2025-08-21 00:00:00+00:00,24.71666669845581,93.33333333333333,265.5833333333333,25.299999237060547,85.0,4.300000190734863,0.0,23.8,77,555.0,0.1,13.0,0.0,1.0,-0.7638886127905429,-0.64534811322955
2025-08-21 01:00:00+00:00,28.72500006357829,80.25,263.5,25.299999237060547,85.0,4.300000190734863,0.0,24.8,73,629.0,0.1,7.6,0.25881904510252074,0.9659258262890683,-0.7638886127905429,-0.64534811322955
2025-08-21 02:00:00+00:00,29.583333174387615,73.5,272.4166666666667,25.299999237060547,85.0,4.300000190734863,0.0,25.5,71,767.0,0.1,11.0,0.49999999999999994,0.8660254037844387,-0.7638886127905429,-0.64534811322955
2025-08-21 03:00:00+00:00,28.69166644414266,76.91666666666667,267.25,25.299999237060547,85.0,4.300000190734863,0.0,26.0,66,767.0,0.0,14.1,0.7071067811865475,0.7071067811865476,-0.7638886127905429,-0.64534811322955
2025-08-21 04:00:00+00:00,28.28333330154419,78.83333333333333,253.41666666666666,25.299999237060547,85.0,4.300000190734863,0.0,25.7,64,710.0,0.2,16.8,0.8660254037844386,0.5000000000000001,-0.7638886127905429,-0.64534811322955
2025-08-21 05:00:00+00:00,28.666666666666668,77.91666666666667,262.75,25.299999237060547,85.0,4.300000190734863,0.0,25.4,65,665.0,0.0,18.8,0.9659258262890683,0.25881904510252074,-0.7638886127905429,-0.64534811322955
2025-08-21 06:00:00+00:00,27.791666666666668,79.83333333333333,247.5,25.299999237060547,85.0,4.300000190734863,0.0,24.6,68,509.0,0.0,17.5,1.0,6.123233995736766e-17,-0.7638886127905429,-0.64534811322955
2025-08-21 07:00:00+00:00,27.666666666666668,81.5,248.25,25.299999237060547,85.0,4.300000190734863,0.0,24.0,70,389.0,0.0,16.9,0.9659258262890683,-0.25881904510252063,-0.7638886127905429,-0.64534811322955
2025-08-21 08:00:00+00:00,26.25,88.66666666666667,237.25,25.299999237060547,85.0,4.300000190734863,0.0,23.2,75,245.0,0.0,15.0,0.8660254037844387,-0.4999999999999998,-0.7638886127905429,-0.64534811322955
2025-08-21 09:00:00+00:00,22.40833330154419,90.5,280.8333333333333,25.299999237060547,85.0,4.300000190734863,0.0,22.1,79,96.0,0.0,14.3,0.7071067811865476,-0.7071067811865475,-0.7638886127905429,-0.64534811322955
2025-08-21 10:00:00+00:00,21.424999872843426,94.16666666666667,294.3333333333333,25.299999237060547,85.0,4.300000190734863,0.0,21.1,82,5.0,0.0,13.2,0.49999999999999994,-0.8660254037844387,-0.7638886127905429,-0.64534811322955
2025-08-21 11:00:00+00:00,20.608333428700764,97.08333333333333,306.75,25.299999237060547,85.0,4.300000190734863,0.0,20.5,84,0.0,0.0,11.0,0.258819045102521,-0.9659258262890682,-0.7638886127905429,-0.64534811322955
2025-08-21 12:00:00+00:00,20.14999993642171,98.25,309.8333333333333,25.299999237060547,85.0,4.300000190734863,0.0,20.1,85,0.0,0.0,10.1,1.2246467991473532e-16,-1.0,-0.7638886127905429,-0.64534811322955
2025-08-21 13:00:00+00:00,19.708333333333332,99.5,320.0,25.299999237060547,85.0,4.300000190734863,0.0,20.6,87,0.0,0.0,11.8,-0.2588190451025208,-0.9659258262890683,-0.7638886127905429,-0.64534811322955
2025-08-21 14:00:00+00:00,19.43333339691162,100.0,336.0833333333333,25.299999237060547,85.0,4.300000190734863,0.0,20.1,89,0.0,0.0,10.3,-0.4999999999999997,-0.8660254037844388,-0.7638886127905429,-0.64534811322955
2025-08-21 15:00:00+00:00,19.24166663487752,99.0,328.5,25.299999237060547,85.0,4.300000190734863,0.0,19.6,90,0.0,0.0,9.3,-0.7071067811865471,-0.7071067811865479,-0.7638886127905429,-0.64534811322955
2025-08-21 16:00:00+00:00,18.483333269755047,99.41666666666667,332.0833333333333,25.299999237060547,85.0,4.300000190734863,0.0,19.1,91,0.0,0.0,8.8,-0.8660254037844384,-0.5000000000000004,-0.7638886127905429,-0.64534811322955
2025-08-21 17:00:00+00:00,18.174999872843426,100.0,349.5833333333333,25.299999237060547,85.0,4.300000190734863,0.0,18.6,93,0.0,0.0,7.0,-0.9659258262890683,-0.25881904510252063,-0.7638886127905429,-0.64534811322955
2025-08-21 18:00:00+00:00,17.874999523162842,100.0,396.3333333333333,25.299999237060547,85.0,4.300000190734863,0.0,18.0,94,0.0,0.0,6.2,-1.0,-1.8369701987210297e-16,-0.7638886127905429,-0.64534811322955
2025-08-21 19:00:00+00:00,17.891666253407795,100.0,448.5,25.299999237060547,85.0,4.300000190734863,0.0,17.6,94,0.0,0.0,6.0,-0.9659258262890684,0.2588190451025203,-0.7638886127905429,-0.64534811322955
2025-08-21 20:00:00+00:00,19.09166669845581,100.0,448.4166666666667,25.299999237060547,85.0,4.300000190734863,0.0,17.5,94,1.0,0.0,4.7,-0.8660254037844386,0.5000000000000001,-0.7638886127905429,-0.64534811322955
2025-08-21 21:00:00+00:00,20.816666603088382,97.41666666666667,312.1666666666667,25.299999237060547,85.0,4.300000190734863,0.0,18.5,93,47.0,0.0,4.9,-0.7071067811865477,0.7071067811865474,-0.7638886127905429,-0.64534811322955
2025-08-21 22:00:00+00:00,22.899999777475994,94.91666666666667,277.25,25.299999237060547,85.0,4.300000190734863,0.0,20.1,88,162.0,0.0,3.9,-0.5000000000000004,0.8660254037844384,-0.7638886127905429,-0.64534811322955
2025-08-21 23:00:00+00:00,26.19166660308838,90.16666666666667,267.4166666666667,25.299999237060547,85.0,4.300000190734863,0.0,21.7,83,289.0,0.0,3.2,-0.25881904510252157,0.9659258262890681,-0.7638886127905429,-0.64534811322955
2025-08-22 00:00:00+00:00,28.049999872843426,84.66666666666667,252.16666666666666,25.299999237060547,85.0,4.300000190734863,0.0,23.1,75,467.0,0.0,2.7,0.0,1.0,-0.7748840413670406,-0.6321034111873488
2025-08-22 01:00:00+00:00,29.041666825612385,77.75,267.5,25.299999237060547,85.0,4.300000190734863,0.0,24.4,68,694.0,0.0,5.0,0.25881904510252074,0.9659258262890683,-0.7748840413670406,-0.6321034111873488
2025-08-22 02:00:00+00:00,28.78333346048991,75.66666666666667,257.5833333333333,25.299999237060547,85.0,4.300000190734863,0.0,25.0,64,645.0,0.0,5.3,0.49999999999999994,0.8660254037844387,-0.7748840413670406,-0.6321034111873488
2025-08-22 03:00:00+00:00,28.791666507720947,74.25,261.25,25.299999237060547,85.0,4.300000190734863,0.0,25.0,63,465.0,0.0,6.6,0.7071067811865475,0.7071067811865476,-0.7748840413670406,-0.6321034111873488
2025-08-22 04:00:00+00:00,28.09166653951009,81.58333333333333,255.0,25.299999237060547,85.0,4.300000190734863,0.0,24.9,65,383.0,0.0,9.5,0.8660254037844386,0.5000000000000001,-0.7748840413670406,-0.6321034111873488
2025-08-22 05:00:00+00:00,27.88333336512248,90.58333333333333,236.83333333333334,25.299999237060547,85.0,4.300000190734863,0.0,23.9,71,266.0,0.0,13.6,0.9659258262890683,0.25881904510252074,-0.7748840413670406,-0.6321034111873488
2025-08-22 06:00:00+00:00,27.816666920979817,94.41666666666667,224.25,25.299999237060547,85.0,4.300000190734863,0.0,23.5,71,324.0,0.0,12.6,1.0,6.123233995736766e-17,-0.7748840413670406,-0.6321034111873488
2025-08-22 07:00:00+00:00,27.71666685740153,98.0,208.91666666666666,25.299999237060547,85.0,4.300000190734863,0.0,23.0,73,212.0,0.0,13.1,0.9659258262890683,-0.25881904510252063,-0.7748840413670406,-0.6321034111873488
2025-08-22 08:00:00+00:00,24.97500006357829,96.5,242.58333333333334,25.299999237060547,85.0,4.300000190734863,0.0,22.5,78,150.0,0.0,13.9,0.8660254037844387,-0.4999999999999998,-0.7748840413670406,-0.6321034111873488
2025-08-22 09:00:00+00:00,22.266666730244953,93.66666666666667,300.25,25.299999237060547,85.0,4.300000190734863,0.0,21.9,83,31.0,0.0,14.3,0.7071067811865476,-0.7071067811865475,-0.7748840413670406,-0.6321034111873488
2025-08-22 10:00:00+00:00,21.97500006357829,96.5,297.0,25.299999237060547,85.0,4.300000190734863,0.0,21.8,84,2.0,0.0,13.8,0.49999999999999994,-0.8660254037844387,-0.7748840413670406,-0.6321034111873488
2025-08-22 11:00:00+00:00,21.266666730244953,96.41666666666667,292.25,25.299999237060547,85.0,4.300000190734863,0.0,21.5,86,0.0,0.2,16.7,0.258819045102521,-0.9659258262890682,-0.7748840413670406,-0.6321034111873488
2025-08-22 12:00:00+00:00,20.60000006357829,95.66666666666667,290.6666666666667,25.299999237060547,85.0,4.300000190734863,0.0,21.1,90,0.0,0.5,19.3,1.2246467991473532e-16,-1.0,-0.7748840413670406,-0.6321034111873488
2025-08-22 13:00:00+00:00,20.15833346048991,97.66666666666667,294.6666666666667,25.299999237060547,85.0,4.300000190734863,0.0,20.2,95,0.0,4.1,19.1,-0.2588190451025208,-0.9659258262890683,-0.7748840413670406,-0.6321034111873488
2025-08-22 14:00:00+00:00,20.424999713897705,99.33333333333333,291.25,25.299999237060547,85.0,4.300000190734863,0.0,20.4,97,0.0,0.6,22.3,-0.4999999999999997,-0.8660254037844388,-0.7748840413670406,-0.6321034111873488
2025-08-22 15:00:00+00:00,20.050000031789143,99.08333333333333,287.75,25.299999237060547,85.0,4.300000190734863,0.0,20.9,95,0.0,0.2,24.3,-0.7071067811865471,-0.7071067811865479,-0.7748840413670406,-0.6321034111873488
2025-08-22 16:00:00+00:00,20.00000015894572,99.91666666666667,292.0833333333333,25.299999237060547,85.0,4.300000190734863,0.0,21.0,94,0.0,0.3,24.4,-0.8660254037844384,-0.5000000000000004,-0.7748840413670406,-0.6321034111873488
2025-08-22 17:00:00+00:00,19.516666571299236,99.08333333333333,291.0833333333333,25.299999237060547,85.0,4.300000190734863,0.0,20.8,97,0.0,1.1,22.3,-0.9659258262890683,-0.25881904510252063,-0.7748840413670406,-0.6321034111873488
2025-08-22 18:00:00+00:00,19.291666507720947,99.83333333333333,295.6666666666667,25.299999237060547,85.0,4.300000190734863,0.0,21.0,97,0.0,2.0,20.4,-1.0,-1.8369701987210297e-16,-0.7748840413670406,-0.6321034111873488
2025-08-22 19:00:00+00:00,19.44166660308838,99.91666666666667,296.5,25.299999237060547,85.0,4.300000190734863,0.0,21.1,98,0.0,0.7,20.4,-0.9659258262890684,0.2588190451025203,-0.7748840413670406,-0.6321034111873488
2025-08-22 20:00:00+00:00,20.1833332379659,100.0,294.1666666666667,25.299999237060547,85.0,4.300000190734863,0.0,21.5,99,0.0,0.0,16.5,-0.8660254037844386,0.5000000000000001,-0.7748840413670406,-0.6321034111873488
2025-08-22 21:00:00+00:00,22.02500009536743,100.0,291.75,25.299999237060547,85.0,4.300000190734863,0.0,21.8,99,17.0,0.0,16.3,-0.7071067811865477,0.7071067811865474,-0.7748840413670406,-0.6321034111873488
2025-08-22 22:00:00+00:00,23.06666660308838,99.58333333333333,290.5833333333333,25.299999237060547,85.0,4.300000190734863,0.0,22.5,98,61.0,2.3,18.4,-0.5000000000000004,0.8660254037844384,-0.7748840413670406,-0.6321034111873488
2025-08-22 23:00:00+00:00,24.15833330154419,98.66666666666667,279.6666666666667,25.299999237060547,85.0,4.300000190734863,0.0,24.1,93,235.0,0.0,16.3,-0.25881904510252157,0.9659258262890681,-0.7748840413670406,-0.6321034111873488
2025-08-23 00:00:00+00:00,25.316666920979817,97.83333333333333,280.25,25.299999237060547,85.0,4.300000190734863,0.0,25.8,88,321.0,0.0,14.8,0.0,1.0,-0.7856498550787144,-0.6186714032625032
2025-08-23 01:00:00+00:00,28.966667016347248,92.5,263.25,25.299999237060547,85.0,4.300000190734863,0.0,27.0,83,470.0,0.1,3.8,0.25881904510252074,0.9659258262890683,-0.7856498550787144,-0.6186714032625032
2025-08-23 02:00:00+00:00,32.25000047683716,83.0,274.0,25.299999237060547,85.0,4.300000190734863,0.0,28.2,78,670.0,0.3,1.9,0.49999999999999994,0.8660254037844387,-0.7856498550787144,-0.6186714032625032
2025-08-23 03:00:00+00:00,32.94166692097982,76.33333333333333,292.1666666666667,25.299999237060547,85.0,4.300000190734863,0.0,29.0,72,750.0,0.4,6.3,0.7071067811865475,0.7071067811865476,-0.7856498550787144,-0.6186714032625032
2025-08-23 04:00:00+00:00,31.02500009536743,77.25,283.8333333333333,25.299999237060547,85.0,4.300000190734863,0.0,28.7,72,717.0,0.4,12.3,0.8660254037844386,0.5000000000000001,-0.7856498550787144,-0.6186714032625032
2025-08-23 05:00:00+00:00,30.09999990463257,76.66666666666667,277.6666666666667,25.299999237060547,85.0,4.300000190734863,0.0,27.5,68,687.0,0.2,17.5,0.9659258262890683,0.25881904510252074,-0.7856498550787144,-0.6186714032625032
2025-08-23 06:00:00+00:00,28.766666571299236,82.91666666666667,269.6666666666667,25.299999237060547,85.0,4.300000190734863,0.0,26.4,72,557.0,0.0,16.6,1.0,6.123233995736766e-17,-0.7856498550787144,-0.6186714032625032
2025-08-23 07:00:00+00:00,27.90000009536743,90.66666666666667,256.4166666666667,25.299999237060547,85.0,4.300000190734863,0.0,25.4,77,440.0,0.0,16.2,0.9659258262890683,-0.25881904510252063,-0.7856498550787144,-0.6186714032625032
2025-08-23 08:00:00+00:00,26.358333269755047,93.08333333333333,254.66666666666666,25.299999237060547,85.0,4.300000190734863,0.0,24.2,81,211.0,0.0,14.1,0.8660254037844387,-0.4999999999999998,-0.7856498550787144,-0.6186714032625032
2025-08-23 09:00:00+00:00,23.333333015441895,92.41666666666667,288.0,25.299999237060547,85.0,4.300000190734863,0.0,23.0,86,83.0,0.0,13.8,0.7071067811865476,-0.7071067811865475,-0.7856498550787144,-0.6186714032625032
2025-08-23 10:00:00+00:00,22.975000222524006,95.41666666666667,307.0833333333333,25.299999237060547,85.0,4.300000190734863,0.0,22.0,89,4.0,0.0,13.6,0.49999999999999994,-0.8660254037844387,-0.7856498550787144,-0.6186714032625032
2025-08-23 11:00:00+00:00,22.641666730244953,96.58333333333333,311.3333333333333,25.299999237060547,85.0,4.300000190734863,0.0,21.6,91,0.0,0.0,11.1,0.258819045102521,-0.9659258262890682,-0.7856498550787144,-0.6186714032625032
2025-08-23 12:00:00+00:00,22.15833314259847,98.33333333333333,322.4166666666667,25.299999237060547,85.0,4.300000190734863,0.0,21.5,92,0.0,0.0,9.8,1.2246467991473532e-16,-1.0,-0.7856498550787144,-0.6186714032625032
2025-08-23 13:00:00+00:00,21.550000190734863,98.58333333333333,326.0833333333333,25.299999237060547,85.0,4.300000190734863,0.0,21.4,91,0.0,0.0,8.2,-0.2588190451025208,-0.9659258262890683,-0.7856498550787144,-0.6186714032625032
2025-08-23 14:00:00+00:00,21.366666793823242,98.75,322.4166666666667,25.299999237060547,85.0,4.300000190734863,0.0,21.0,93,0.0,0.0,6.6,-0.4999999999999997,-0.8660254037844388,-0.7856498550787144,-0.6186714032625032
2025-08-23 15:00:00+00:00,21.333333333333332,99.33333333333333,327.8333333333333,25.299999237060547,85.0,4.300000190734863,0.0,20.5,94,0.0,0.0,6.3,-0.7071067811865471,-0.7071067811865479,-0.7856498550787144,-0.6186714032625032
2025-08-23 16:00:00+00:00,20.75000015894572,99.58333333333333,338.8333333333333,25.299999237060547,85.0,4.300000190734863,0.0,19.6,93,0.0,0.0,5.0,-0.8660254037844384,-0.5000000000000004,-0.7856498550787144,-0.6186714032625032
2025-08-23 17:00:00+00:00,19.916666666666668,97.91666666666667,329.75,25.299999237060547,85.0,4.300000190734863,0.0,19.0,93,0.0,0.0,4.6,-0.9659258262890683,-0.25881904510252063,-0.7856498550787144,-0.6186714032625032
2025-08-23 18:00:00+00:00,18.941666920979817,98.16666666666667,341.25,25.299999237060547,85.0,4.300000190734863,0.0,18.8,92,0.0,0.0,4.2,-1.0,-1.8369701987210297e-16,-0.7856498550787144,-0.6186714032625032
2025-08-23 19:00:00+00:00,18.374999682108562,99.91666666666667,355.8333333333333,25.299999237060547,85.0,4.300000190734863,0.0,18.6,92,0.0,0.0,3.8,-0.9659258262890684,0.2588190451025203,-0.7856498550787144,-0.6186714032625032
2025-08-23 20:00:00+00:00,19.208333333333332,100.0,368.1666666666667,25.299999237060547,85.0,4.300000190734863,0.0,18.4,93,0.0,0.0,3.5,-0.8660254037844386,0.5000000000000001,-0.7856498550787144,-0.6186714032625032
2025-08-23 21:00:00+00:00,21.583333174387615,95.75,331.3333333333333,25.299999237060547,85.0,4.300000190734863,0.0,19.5,90,56.0,0.0,4.5,-0.7071067811865477,0.7071067811865474,-0.7856498550787144,-0.6186714032625032
2025-08-23 22:00:00+00:00,25.06666644414266,90.33333333333333,289.75,25.299999237060547,85.0,4.300000190734863,0.0,21.9,84,200.0,0.0,4.6,-0.5000000000000004,0.8660254037844384,-0.7856498550787144,-0.6186714032625032
2025-08-23 23:00:00+00:00,26.925000031789143,85.91666666666667,288.8333333333333,25.299999237060547,85.0,4.300000190734863,0.0,23.5,79,368.0,0.0,10.7,-0.25881904510252157,0.9659258262890681,-0.7856498550787144,-0.6186714032625032
2025-08-24 00:00:00+00:00,28.84999990463257,81.58333333333333,286.4166666666667,25.299999237060547,85.0,4.300000190734863,0.0,24.5,74,504.0,0.0,11.0,0.0,1.0,-0.7961828637826154,-0.6050560696488494
2025-08-24 01:00:00+00:00,30.366666316986084,75.5,284.75,25.299999237060547,85.0,4.300000190734863,0.0,25.9,70,680.0,0.0,8.6,0.25881904510252074,0.9659258262890683,-0.7961828637826154,-0.6050560696488494
2025-08-24 02:00:00+00:00,31.03333314259847,72.91666666666667,282.75,25.299999237060547,85.0,4.300000190734863,0.0,26.9,66,772.0,0.0,9.6,0.49999999999999994,0.8660254037844387,-0.7961828637826154,-0.6050560696488494
2025-08-24 03:00:00+00:00,31.308332920074463,67.66666666666667,282.1666666666667,25.299999237060547,85.0,4.300000190734863,0.0,27.4,62,797.0,0.0,10.3,0.7071067811865475,0.7071067811865476,-0.7961828637826154,-0.6050560696488494
2025-08-24 04:00:00+00:00,31.300000031789143,65.08333333333333,279.25,25.299999237060547,85.0,4.300000190734863,0.0,27.6,59,758.0,0.0,9.9,0.8660254037844386,0.5000000000000001,-0.7961828637826154,-0.6050560696488494
2025-08-24 05:00:00+00:00,30.850000222524006,66.33333333333333,278.25,25.299999237060547,85.0,4.300000190734863,0.0,27.8,58,714.0,0.0,12.1,0.9659258262890683,0.25881904510252074,-0.7961828637826154,-0.6050560696488494
2025-08-24 06:00:00+00:00,29.12499984105428,73.25,280.5,25.299999237060547,85.0,4.300000190734863,0.0,27.4,57,581.0,0.0,12.8,1.0,6.123233995736766e-17,-0.7961828637826154,-0.6050560696488494
2025-08-24 07:00:00+00:00,28.68333339691162,78.08333333333333,270.5,25.299999237060547,85.0,4.300000190734863,0.0,26.6,60,432.0,0.0,11.4,0.9659258262890683,-0.25881904510252063,-0.7961828637826154,-0.6050560696488494
2025-08-24 08:00:00+00:00,26.674999713897705,86.25,270.1666666666667,25.299999237060547,85.0,4.300000190734863,0.0,25.5,71,256.0,0.0,9.2,0.8660254037844387,-0.4999999999999998,-0.7961828637826154,-0.6050560696488494
2025-08-24 09:00:00+00:00,23.574999809265137,88.91666666666667,292.8333333333333,25.299999237060547,85.0,4.300000190734863,0.0,23.8,80,89.0,0.0,8.3,0.7071067811865476,-0.7071067811865475,-0.7961828637826154,-0.6050560696488494
2025-08-24 10:00:00+00:00,21.99999984105428,96.5,331.25,25.299999237060547,85.0,4.300000190734863,0.0,22.5,87,3.0,0.0,6.7,0.49999999999999994,-0.8660254037844387,-0.7961828637826154,-0.6050560696488494
2025-08-24 11:00:00+00:00,21.575000127156574,98.33333333333333,340.0833333333333,25.299999237060547,85.0,4.300000190734863,0.0,22.0,90,0.0,0.0,6.8,0.258819045102521,-0.9659258262890682,-0.7961828637826154,-0.6050560696488494
2025-08-24 12:00:00+00:00,21.541666825612385,98.0,341.25,25.299999237060547,85.0,4.300000190734863,0.0,21.8,92,0.0,0.0,1.0,1.2246467991473532e-16,-1.0,-0.7961828637826154,-0.6050560696488494
2025-08-24 13:00:00+00:00,21.866666316986084,97.75,329.5833333333333,25.299999237060547,85.0,4.300000190734863,0.0,20.7,96,0.0,0.0,10.1,-0.2588190451025208,-0.9659258262890683,-0.7961828637826154,-0.6050560696488494
2025-08-24 14:00:00+00:00,22.108333587646484,98.58333333333333,337.6666666666667,25.299999237060547,85.0,4.300000190734863,0.0,20.5,98,0.0,0.0,9.0,-0.4999999999999997,-0.8660254037844388,-0.7961828637826154,-0.6050560696488494
2025-08-24 15:00:00+00:00,21.97500006357829,99.16666666666667,335.8333333333333,25.299999237060547,85.0,4.300000190734863,0.0,20.5,98,0.0,0.0,10.4,-0.7071067811865471,-0.7071067811865479,-0.7961828637826154,-0.6050560696488494
2025-08-24 16:00:00+00:00,21.5,99.75,323.9166666666667,25.299999237060547,85.0,4.300000190734863,0.0,20.4,98,0.0,0.0,10.3,-0.8660254037844384,-0.5000000000000004,-0.7961828637826154,-0.6050560696488494
2025-08-24 17:00:00+00:00,21.458333174387615,100.0,320.6666666666667,25.299999237060547,85.0,4.300000190734863,0.0,20.5,98,0.0,0.0,11.1,-0.9659258262890683,-0.25881904510252063,-0.7961828637826154,-0.6050560696488494
2025-08-24 18:00:00+00:00,21.200000286102295,100.0,315.9166666666667,25.299999237060547,85.0,4.300000190734863,0.0,20.9,96,0.0,0.0,12.4,-1.0,-1.8369701987210297e-16,-0.7961828637826154,-0.6050560696488494
2025-08-24 19:00:00+00:00,21.133333683013916,100.0,317.4166666666667,25.299999237060547,85.0,4.300000190734863,0.0,21.2,95,0.0,0.0,12.2,-0.9659258262890684,0.2588190451025203,-0.7961828637826154,-0.6050560696488494
2025-08-24 20:00:00+00:00,21.266666730244953,99.83333333333333,312.6666666666667,25.299999237060547,85.0,4.300000190734863,0.0,21.1,96,0.0,0.0,13.8,-0.8660254037844386,0.5000000000000001,-0.7961828637826154,-0.6050560696488494
2025-08-24 21:00:00+00:00,22.19166644414266,98.25,301.0,25.299999237060547,85.0,4.300000190734863,0.0,21.5,94,30.0,0.0,16.5,-0.7071067811865477,0.7071067811865474,-0.7961828637826154,-0.6050560696488494
2025-08-24 22:00:00+00:00,22.88333336512248,96.91666666666667,292.5833333333333,25.299999237060547,85.0,4.300000190734863,0.0,22.5,88,113.0,0.0,18.2,-0.5000000000000004,0.8660254037844384,-0.7961828637826154,-0.6050560696488494
2025-08-24 23:00:00+00:00,23.241666316986084,96.83333333333333,286.6666666666667,25.299999237060547,85.0,4.300000190734863,0.0,23.8,81,259.0,0.0,20.4,-0.25881904510252157,0.9659258262890681,-0.7961828637826154,-0.6050560696488494
2025-08-25 00:00:00+00:00,24.241666793823242,97.0,274.6666666666667,25.299999237060547,85.0,4.300000190734863,0.0,24.4,78,381.0,0.0,19.3,0.0,1.0,-0.8064799463209447,-0.5912614448635783
2025-08-25 01:00:00+00:00,25.350000222524006,96.5,257.5833333333333,25.299999237060547,85.0,4.300000190734863,0.0,24.9,76,512.0,0.0,19.3,0.25881904510252074,0.9659258262890683,-0.8064799463209447,-0.5912614448635783
2025-08-25 02:00:00+00:00,27.133333206176758,90.25,254.83333333333334,25.299999237060547,85.0,4.300000190734863,0.0,24.8,77,399.0,0.1,18.1,0.49999999999999994,0.8660254037844387,-0.8064799463209447,-0.5912614448635783
2025-08-25 03:00:00+00:00,27.733333269755047,90.16666666666667,253.5,25.299999237060547,85.0,4.300000190734863,0.0,25.0,75,495.0,0.1,17.7,0.7071067811865475,0.7071067811865476,-0.8064799463209447,-0.5912614448635783
2025-08-25 04:00:00+00:00,28.0,89.83333333333333,253.66666666666666,25.299999237060547,85.0,4.300000190734863,0.0,25.0,75,421.0,0.1,17.1,0.8660254037844386,0.5000000000000001,-0.8064799463209447,-0.5912614448635783
2025-08-25 05:00:00+00:00,28.50000015894572,86.83333333333333,265.1666666666667,25.299999237060547,85.0,4.300000190734863,0.0,25.4,73,493.0,0.0,17.1,0.9659258262890683,0.25881904510252074,-0.8064799463209447,-0.5912614448635783
2025-08-25 06:00:00+00:00,27.641666730244953,94.25,243.16666666666666,25.299999237060547,85.0,4.300000190734863,0.0,25.2,72,471.0,0.0,17.3,1.0,6.123233995736766e-17,-0.8064799463209447,-0.5912614448635783
2025-08-25 07:00:00+00:00,27.46666669845581,92.83333333333333,251.08333333333334,25.299999237060547,85.0,4.300000190734863,0.0,24.1,77,252.0,0.0,17.3,0.9659258262890683,-0.25881904510252063,-0.8064799463209447,-0.5912614448635783
2025-08-25 08:00:00+00:00,25.65833346048991,95.91666666666667,256.1666666666667,25.299999237060547,85.0,4.300000190734863,0.0,23.0,83,88.0,0.0,16.5,0.8660254037844387,-0.4999999999999998,-0.8064799463209447,-0.5912614448635783
2025-08-25 09:00:00+00:00,22.80833339691162,95.58333333333333,296.1666666666667,25.299999237060547,85.0,4.300000190734863,0.0,22.4,87,42.0,0.0,16.2,0.7071067811865476,-0.7071067811865475,-0.8064799463209447,-0.5912614448635783
2025-08-25 10:00:00+00:00,22.358333110809326,97.08333333333333,300.4166666666667,25.299999237060547,85.0,4.300000190734863,0.0,21.8,90,1.0,0.1,16.2,0.49999999999999994,-0.8660254037844387,-0.8064799463209447,-0.5912614448635783
2025-08-25 11:00:00+00:00,22.233333587646484,97.5,299.9166666666667,25.299999237060547,85.0,4.300000190734863,0.0,21.5,90,0.0,0.0,16.7,0.258819045102521,-0.9659258262890682,-0.8064799463209447,-0.5912614448635783
2025-08-25 12:00:00+00:00,21.924999872843426,97.91666666666667,301.25,25.299999237060547,85.0,4.300000190734863,0.0,21.3,91,0.0,0.0,15.8,1.2246467991473532e-16,-1.0,-0.8064799463209447,-0.5912614448635783
2025-08-25 13:00:00+00:00,21.841666380564373,97.58333333333333,301.0,25.299999237060547,85.0,4.300000190734863,0.0,22.0,85,0.0,0.0,16.1,-0.2588190451025208,-0.9659258262890683,-0.8064799463209447,-0.5912614448635783
2025-08-25 14:00:00+00:00,22.03333346048991,95.58333333333333,295.3333333333333,25.299999237060547,85.0,4.300000190734863,0.0,21.8,88,0.0,0.0,16.9,-0.4999999999999997,-0.8660254037844388,-0.8064799463209447,-0.5912614448635783
2025-08-25 15:00:00+00:00,21.883333047231044,94.16666666666667,294.5,25.299999237060547,85.0,4.300000190734863,0.0,21.2,90,0.0,0.0,16.7,-0.7071067811865471,-0.7071067811865479,-0.8064799463209447,-0.5912614448635783
2025-08-25 16:00:00+00:00,21.774999618530273,94.58333333333333,295.4166666666667,25.299999237060547,85.0,4.300000190734863,0.0,21.0,92,0.0,0.0,17.9,-0.8660254037844384,-0.5000000000000004,-0.8064799463209447,-0.5912614448635783
2025-08-25 17:00:00+00:00,21.833332856496174,93.83333333333333,296.4166666666667,25.299999237060547,85.0,4.300000190734863,0.0,21.1,91,0.0,0.0,18.5,-0.9659258262890683,-0.25881904510252063,-0.8064799463209447,-0.5912614448635783
2025-08-25 18:00:00+00:00,21.908332983652752,92.75,294.75,25.299999237060547,85.0,4.300000190734863,0.0,21.5,90,0.0,0.1,18.4,-1.0,-1.8369701987210297e-16,-0.8064799463209447,-0.5912614448635783
2025-08-25 19:00:00+00:00,21.583333492279053,97.16666666666667,292.4166666666667,25.299999237060547,85.0,4.300000190734863,0.0,21.5,90,0.0,0.2,16.9,-0.9659258262890684,0.2588190451025203,-0.8064799463209447,-0.5912614448635783
2025-08-25 20:00:00+00:00,21.46666653951009,100.0,293.3333333333333,25.299999237060547,85.0,4.300000190734863,0.0,21.5,91,0.0,0.4,16.8,-0.8660254037844386,0.5000000000000001,-0.8064799463209447,-0.5912614448635783
2025-08-25 21:00:00+00:00,21.81666644414266,100.0,295.25,25.299999237060547,85.0,4.300000190734863,0.0,21.5,92,12.0,0.4,19.7,-0.7071067811865477,0.7071067811865474,-0.8064799463209447,-0.5912614448635783
2025-08-25 22:00:00+00:00,22.641666889190674,99.08333333333333,293.09090909090907,25.299999237060547,85.0,4.300000190734863,0.0,22.0,93,65.0,0.6,20.6,-0.5000000000000004,0.8660254037844384,-0.8064799463209447,-0.5912614448635783
2025-08-25 23:00:00+00:00,23.208333333333332,97.83333333333333,288.9166666666667,25.299999237060547,85.0,4.300000190734863,0.0,22.1,97,53.0,0.6,23.8,-0.25881904510252157,0.9659258262890681,-0.8064799463209447,-0.5912614448635783
2025-08-26 00:00:00+00:00,24.208333333333332,97.08333333333333,283.5,25.299999237060547,85.0,4.300000190734863,0.0,22.8,96,126.0,0.6,22.5,0.0,1.0,-0.8165380514459157,-0.5772916165517278
2025-08-26 01:00:00+00:00,25.325000127156574,97.58333333333333,268.3333333333333,25.299999237060547,85.0,4.300000190734863,0.0,24.3,86,195.0,0.1,30.9,0.25881904510252074,0.9659258262890683,-0.8165380514459157,-0.5772916165517278
2025-08-26 02:00:00+00:00,26.1833332379659,98.58333333333333,243.33333333333334,25.299999237060547,85.0,4.300000190734863,0.0,24.5,86,229.0,0.3,28.7,0.49999999999999994,0.8660254037844387,-0.8165380514459157,-0.5772916165517278
2025-08-26 03:00:00+00:00,26.074999968210857,100.0,246.83333333333334,25.299999237060547,85.0,4.300000190734863,0.0,24.8,86,232.0,0.3,27.3,0.7071067811865475,0.7071067811865476,-0.8165380514459157,-0.5772916165517278
2025-08-26 04:00:00+00:00,27.31666660308838,100.0,232.16666666666666,25.299999237060547,85.0,4.300000190734863,0.0,25.2,86,307.0,0.3,25.0,0.8660254037844386,0.5000000000000001,-0.8165380514459157,-0.5772916165517278
2025-08-26 05:00:00+00:00,26.658333619435627,100.0,288.1666666666667,25.299999237060547,85.0,4.300000190734863,0.0,25.8,84,405.0,0.3,24.3,0.9659258262890683,0.25881904510252074,-0.8165380514459157,-0.5772916165517278
2025-08-26 06:00:00+00:00,26.041666984558105,100.0,290.75,25.299999237060547,85.0,4.300000190734863,0.0,26.1,83,398.0,0.2,18.5,1.0,6.123233995736766e-17,-0.8165380514459157,-0.5772916165517278
2025-08-26 07:00:00+00:00,26.6833332379659,99.0,264.1666666666667,25.299999237060547,85.0,4.300000190734863,0.0,25.5,86,346.0,0.1,19.1,0.9659258262890683,-0.25881904510252063,-0.8165380514459157,-0.5772916165517278
2025-08-26 08:00:00+00:00,25.40833330154419,100.0,257.3333333333333,25.299999237060547,85.0,4.300000190734863,0.0,25.0,89,164.0,0.1,19.4,0.8660254037844387,-0.4999999999999998,-0.8165380514459157,-0.5772916165517278
2025-08-26 09:00:00+00:00,24.35833279291789,100.0,293.6666666666667,25.299999237060547,85.0,4.300000190734863,0.0,24.5,93,66.0,0.0,15.2,0.7071067811865476,-0.7071067811865475,-0.8165380514459157,-0.5772916165517278
2025-08-26 10:00:00+00:00,24.424999713897705,99.91666666666667,299.3333333333333,25.299999237060547,85.0,4.300000190734863,0.0,23.8,96,2.0,0.1,16.7,0.49999999999999994,-0.8660254037844387,-0.8165380514459157,-0.5772916165517278
2025-08-26 11:00:00+00:00,24.47499990463257,100.0,298.9166666666667,25.299999237060547,85.0,4.300000190734863,0.0,23.4,96,0.0,0.1,17.6,0.258819045102521,-0.9659258262890682,-0.8165380514459157,-0.5772916165517278
2025-08-26 12:00:00+00:00,24.49166663487752,100.0,299.5,25.299999237060547,85.0,4.300000190734863,0.0,23.4,96,0.0,0.0,16.6,1.2246467991473532e-16,-1.0,-0.8165380514459157,-0.5772916165517278
2025-08-26 13:00:00+00:00,24.21666653951009,100.0,295.6666666666667,25.299999237060547,85.0,4.300000190734863,0.0,23.1,98,0.0,0.4,22.0,-0.2588190451025208,-0.9659258262890683,-0.8165380514459157,-0.5772916165517278
2025-08-26 14:00:00+00:00,23.958333174387615,100.0,300.0833333333333,25.299999237060547,85.0,4.300000190734863,0.0,23.0,97,0.0,0.3,21.1,-0.4999999999999997,-0.8660254037844388,-0.8165380514459157,-0.5772916165517278
2025-08-26 15:00:00+00:00,23.858332951863606,100.0,303.75,25.299999237060547,85.0,4.300000190734863,0.0,23.0,98,0.0,0.1,19.2,-0.7071067811865471,-0.7071067811865479,-0.8165380514459157,-0.5772916165517278
2025-08-26 16:00:00+00:00,23.96666653951009,100.0,308.6666666666667,25.299999237060547,85.0,4.300000190734863,0.0,23.8,97,0.0,0.0,19.7,-0.8660254037844384,-0.5000000000000004,-0.8165380514459157,-0.5772916165517278
2025-08-26 17:00:00+00:00,23.791666666666668,100.0,307.1666666666667,25.299999237060547,85.0,4.300000190734863,0.0,23.9,96,0.0,0.2,22.5,-0.9659258262890683,-0.25881904510252063,-0.8165380514459157,-0.5772916165517278
2025-08-26 18:00:00+00:00,23.699999968210857,100.0,305.5833333333333,25.299999237060547,85.0,4.300000190734863,0.0,23.8,96,0.0,0.3,22.7,-1.0,-1.8369701987210297e-16,-0.8165380514459157,-0.5772916165517278
2025-08-26 19:00:00+00:00,23.475000222524006,100.0,303.75,25.299999237060547,85.0,4.300000190734863,0.0,23.7,95,0.0,0.1,19.5,-0.9659258262890684,0.2588190451025203,-0.8165380514459157,-0.5772916165517278
2025-08-26 20:00:00+00:00,23.3166667620341,100.0,303.4166666666667,25.299999237060547,85.0,4.300000190734863,0.0,23.5,96,0.0,0.0,18.2,-0.8660254037844386,0.5000000000000001,-0.8165380514459157,-0.5772916165517278
2025-08-26 21:00:00+00:00,24.18333339691162,99.33333333333333,297.9166666666667,25.299999237060547,85.0,4.300000190734863,0.0,23.6,95,20.0,0.0,17.2,-0.7071067811865477,0.7071067811865474,-0.8165380514459157,-0.5772916165517278
2025-08-26 22:00:00+00:00,26.05833339691162,96.25,289.9166666666667,25.299999237060547,85.0,4.300000190734863,0.0,24.7,88,167.0,0.0,15.2,-0.5000000000000004,0.8660254037844384,-0.8165380514459157,-0.5772916165517278
2025-08-26 23:00:00+00:00,27.083333174387615,93.41666666666667,282.0,25.299999237060547,85.0,4.300000190734863,0.0,25.9,80,329.0,0.0,13.2,-0.25881904510252157,0.9659258262890681,-0.8165380514459157,-0.5772916165517278
2025-08-27 00:00:00+00:00,27.774999777475994,89.75,282.1666666666667,25.299999237060547,85.0,4.300000190734863,0.0,26.2,77,441.0,0.0,13.8,0.0,1.0,-0.8263541987239094,-0.5631507242749189
2025-08-27 01:00:00+00:00,29.050000190734863,76.25,281.8333333333333,25.299999237060547,85.0,4.300000190734863,0.0,27.2,69,418.0,0.0,14.2,0.25881904510252074,0.9659258262890683,-0.8263541987239094,-0.5631507242749189
2025-08-27 02:00:00+00:00,28.10000006357829,78.41666666666667,274.4166666666667,25.299999237060547,85.0,4.300000190734863,0.0,27.7,64,608.0,0.1,14.1,0.49999999999999994,0.8660254037844387,-0.8263541987239094,-0.5631507242749189
2025-08-27 03:00:00+00:00,28.71666685740153,79.41666666666667,262.9166666666667,25.299999237060547,85.0,4.300000190734863,0.0,27.9,59,695.0,0.1,10.9,0.7071067811865475,0.7071067811865476,-0.8263541987239094,-0.5631507242749189
2025-08-27 04:00:00+00:00,30.299999872843426,66.75,287.0,25.299999237060547,85.0,4.300000190734863,0.0,28.0,58,713.0,0.0,11.0,0.8660254037844386,0.5000000000000001,-0.8263541987239094,-0.5631507242749189
2025-08-27 05:00:00+00:00,29.00833336512248,73.0,282.9166666666667,25.299999237060547,85.0,4.300000190734863,0.0,26.8,60,630.0,0.0,12.7,0.9659258262890683,0.25881904510252074,-0.8263541987239094,-0.5631507242749189
2025-08-27 06:00:00+00:00,27.458333333333332,83.66666666666667,264.4166666666667,25.299999237060547,85.0,4.300000190734863,0.0,26.0,60,572.0,0.0,16.0,1.0,6.123233995736766e-17,-0.8263541987239094,-0.5631507242749189
2025-08-27 07:00:00+00:00,26.041666825612385,96.91666666666667,224.08333333333334,25.299999237060547,85.0,4.300000190734863,0.0,22.7,75,352.0,0.1,19.8,0.9659258262890683,-0.25881904510252063,-0.8263541987239094,-0.5631507242749189
2025-08-27 08:00:00+00:00,23.300000190734863,95.41666666666667,236.25,25.299999237060547,85.0,4.300000190734863,0.0,21.8,76,233.0,0.0,21.6,0.8660254037844387,-0.4999999999999998,-0.8263541987239094,-0.5631507242749189
2025-08-27 09:00:00+00:00,20.508333047231037,98.0,286.3333333333333,25.299999237060547,85.0,4.300000190734863,0.0,20.7,80,56.0,0.1,21.2,0.7071067811865476,-0.7071067811865475,-0.8263541987239094,-0.5631507242749189
2025-08-27 10:00:00+00:00,20.05833371480306,98.16666666666667,290.5833333333333,25.299999237060547,85.0,4.300000190734863,0.0,19.9,83,1.0,0.1,22.7,0.49999999999999994,-0.8660254037844387,-0.8263541987239094,-0.5631507242749189
2025-08-27 11:00:00+00:00,19.574999968210857,96.08333333333333,288.4166666666667,25.299999237060547,85.0,4.300000190734863,0.0,19.6,84,0.0,0.1,22.0,0.258819045102521,-0.9659258262890682,-0.8263541987239094,-0.5631507242749189
2025-08-27 12:00:00+00:00,19.50833336512248,96.25,288.4166666666667,25.299999237060547,85.0,4.300000190734863,0.0,19.5,83,0.0,0.0,18.5,1.2246467991473532e-16,-1.0,-0.8263541987239094,-0.5631507242749189
2025-08-27 13:00:00+00:00,19.241666793823242,94.83333333333333,286.9166666666667,25.299999237060547,85.0,4.300000190734863,0.0,19.3,83,0.0,0.1,20.5,-0.2588190451025208,-0.9659258262890683,-0.8263541987239094,-0.5631507242749189
2025-08-27 14:00:00+00:00,19.125,94.58333333333333,289.25,25.299999237060547,85.0,4.300000190734863,0.0,19.1,81,0.0,0.0,15.9,-0.4999999999999997,-0.8660254037844388,-0.8263541987239094,-0.5631507242749189
2025-08-27 15:00:00+00:00,19.12499984105428,93.91666666666667,286.9166666666667,25.299999237060547,85.0,4.300000190734863,0.0,19.4,80,0.0,0.0,15.0,-0.7071067811865471,-0.7071067811865479,-0.8263541987239094,-0.5631507242749189
2025-08-27 16:00:00+00:00,18.75833336512248,96.75,290.5,25.299999237060547,85.0,4.300000190734863,0.0,19.0,80,0.0,0.1,14.8,-0.8660254037844384,-0.5000000000000004,-0.8263541987239094,-0.5631507242749189
2025-08-27 17:00:00+00:00,18.97499990463257,96.16666666666667,289.6666666666667,25.299999237060547,85.0,4.300000190734863,0.0,18.8,83,0.0,0.1,15.3,-0.9659258262890683,-0.25881904510252063,-0.8263541987239094,-0.5631507242749189
2025-08-27 18:00:00+00:00,18.86666663487752,96.0,287.5833333333333,25.299999237060547,85.0,4.300000190734863,0.0,18.6,84,0.0,0.0,14.4,-1.0,-1.8369701987210297e-16,-0.8263541987239094,-0.5631507242749189
2025-08-27 19:00:00+00:00,18.89166641235352,97.33333333333333,292.6666666666667,25.299999237060547,85.0,4.300000190734863,0.0,18.0,87,0.0,0.1,14.2,-0.9659258262890684,0.2588190451025203,-0.8263541987239094,-0.5631507242749189
2025-08-27 20:00:00+00:00,19.19166660308838,98.66666666666667,289.5,25.299999237060547,85.0,4.300000190734863,0.0,18.3,88,0.0,0.0,11.7,-0.8660254037844386,0.5000000000000001,-0.8263541987239094,-0.5631507242749189
2025-08-27 21:00:00+00:00,21.141667048136394,93.91666666666667,273.6666666666667,25.299999237060547,85.0,4.300000190734863,0.0,18.5,90,47.0,0.1,11.6,-0.7071067811865477,0.7071067811865474,-0.8263541987239094,-0.5631507242749189
2025-08-27 22:00:00+00:00,21.925000031789143,94.0,265.4166666666667,25.299999237060547,85.0,4.300000190734863,0.0,19.7,85,155.0,0.0,11.8,-0.5000000000000004,0.8660254037844384,-0.8263541987239094,-0.5631507242749189
2025-08-27 23:00:00+00:00,24.3083332379659,87.75,259.6666666666667,25.299999237060547,85.0,4.300000190734863,0.0,20.9,78,364.0,0.0,15.2,-0.25881904510252157,0.9659258262890681,-0.8263541987239094,-0.5631507242749189
2025-08-28 00:00:00+00:00,25.46666669845581,84.0,261.5,25.299999237060547,85.0,4.300000190734863,0.0,21.7,74,504.0,0.1,15.8,0.0,1.0,-0.8359254794186365,-0.5488429582847199
2025-08-28 01:00:00+00:00,26.833333174387615,82.16666666666667,253.25,25.299999237060547,85.0,4.300000190734863,0.0,22.8,70,589.0,0.5,12.8,0.25881904510252074,0.9659258262890683,-0.8359254794186365,-0.5488429582847199
2025-08-28 02:00:00+00:00,27.458333492279053,84.66666666666667,249.41666666666666,25.299999237060547,85.0,4.300000190734863,0.0,23.8,64,698.0,0.2,13.0,0.49999999999999994,0.8660254037844387,-0.8359254794186365,-0.5488429582847199
2025-08-28 03:00:00+00:00,27.22499990463257,87.83333333333333,242.58333333333334,25.299999237060547,85.0,4.300000190734863,0.0,24.1,62,626.0,0.0,12.4,0.7071067811865475,0.7071067811865476,-0.8359254794186365,-0.5488429582847199
2025-08-28 04:00:00+00:00,27.699999809265137,83.83333333333333,237.0,25.299999237060547,85.0,4.300000190734863,0.0,23.9,60,501.0,0.0,12.0,0.8660254037844386,0.5000000000000001,-0.8359254794186365,-0.5488429582847199
2025-08-28 05:00:00+00:00,27.833333492279053,85.5,229.83333333333334,25.299999237060547,85.0,4.300000190734863,0.0,23.7,59,442.0,0.0,13.6,0.9659258262890683,0.25881904510252074,-0.8359254794186365,-0.5488429582847199
2025-08-28 06:00:00+00:00,27.84166653951009,88.0,224.25,25.299999237060547,85.0,4.300000190734863,0.0,23.1,61,383.0,0.0,11.6,1.0,6.123233995736766e-17,-0.8359254794186365,-0.5488429582847199
2025-08-28 07:00:00+00:00,27.34166685740153,97.08333333333333,189.83333333333334,25.299999237060547,85.0,4.300000190734863,0.0,22.3,66,211.0,0.0,11.8,0.9659258262890683,-0.25881904510252063,-0.8359254794186365,-0.5488429582847199
2025-08-28 08:00:00+00:00,23.1916667620341,93.16666666666667,226.58333333333334,25.299999237060547,85.0,4.300000190734863,0.0,21.4,71,100.0,0.0,11.6,0.8660254037844387,-0.4999999999999998,-0.8359254794186365,-0.5488429582847199
2025-08-28 09:00:00+00:00,20.53333330154419,90.91666666666667,296.0833333333333,25.299999237060547,85.0,4.300000190734863,0.0,20.4,75,31.0,0.0,10.3,0.7071067811865476,-0.7071067811865475,-0.8359254794186365,-0.5488429582847199
2025-08-28 10:00:00+00:00,19.650000254313152,96.41666666666667,325.75,25.299999237060547,85.0,4.300000190734863,0.0,19.8,78,1.0,0.0,10.1,0.49999999999999994,-0.8660254037844387,-0.8359254794186365,-0.5488429582847199
2025-08-28 11:00:00+00:00,19.21666669845581,97.66666666666667,336.5833333333333,25.299999237060547,85.0,4.300000190734863,0.0,19.5,79,0.0,0.0,6.2,0.258819045102521,-0.9659258262890682,-0.8359254794186365,-0.5488429582847199
2025-08-28 12:00:00+00:00,19.05833339691162,98.83333333333333,339.4166666666667,25.299999237060547,85.0,4.300000190734863,0.0,19.0,84,0.0,0.0,4.4,1.2246467991473532e-16,-1.0,-0.8359254794186365,-0.5488429582847199
2025-08-28 13:00:00+00:00,19.166666666666668,99.0,345.5833333333333,25.299999237060547,85.0,4.300000190734863,0.0,18.9,86,0.0,0.0,0.8,-0.2588190451025208,-0.9659258262890683,-0.8359254794186365,-0.5488429582847199
2025-08-28 14:00:00+00:00,19.041666825612385,97.83333333333333,350.0833333333333,25.299999237060547,85.0,4.300000190734863,0.0,18.4,88,0.0,0.0,1.8,-0.4999999999999997,-0.8660254037844388,-0.8359254794186365,-0.5488429582847199
2025-08-28 15:00:00+00:00,18.77500009536743,97.58333333333333,343.0833333333333,25.299999237060547,85.0,4.300000190734863,0.0,18.2,90,0.0,0.0,4.8,-0.7071067811865471,-0.7071067811865479,-0.8359254794186365,-0.5488429582847199
2025-08-28 16:00:00+00:00,18.89999993642171,98.66666666666667,327.25,25.299999237060547,85.0,4.300000190734863,0.0,18.0,90,0.0,0.0,3.7,-0.8660254037844384,-0.5000000000000004,-0.8359254794186365,-0.5488429582847199
2025-08-28 17:00:00+00:00,19.22499990463257,99.0,312.8333333333333,25.299999237060547,85.0,4.300000190734863,0.0,18.2,87,0.0,0.0,7.8,-0.9659258262890683,-0.25881904510252063,-0.8359254794186365,-0.5488429582847199
2025-08-28 18:00:00+00:00,19.316666603088382,99.66666666666667,320.6666666666667,25.299999237060547,85.0,4.300000190734863,0.0,18.3,88,0.0,0.0,8.5,-1.0,-1.8369701987210297e-16,-0.8359254794186365,-0.5488429582847199
2025-08-28 19:00:00+00:00,19.300000031789143,100.0,322.75,25.299999237060547,85.0,4.300000190734863,0.0,18.6,90,0.0,0.0,5.2,-0.9659258262890684,0.2588190451025203,-0.8359254794186365,-0.5488429582847199
2025-08-28 20:00:00+00:00,19.65833330154419,99.91666666666667,327.4166666666667,25.299999237060547,85.0,4.300000190734863,0.0,18.8,92,0.0,0.1,4.1,-0.8660254037844386,0.5000000000000001,-0.8359254794186365,-0.5488429582847199
2025-08-28 21:00:00+00:00,20.333333333333332,100.0,324.4166666666667,25.299999237060547,85.0,4.300000190734863,0.0,19.0,92,14.0,0.1,8.3,-0.7071067811865477,0.7071067811865474,-0.8359254794186365,-0.5488429582847199
2025-08-28 22:00:00+00:00,21.850000222524006,99.33333333333333,305.25,25.299999237060547,85.0,4.300000190734863,0.0,19.5,92,58.0,0.2,9.8,-0.5000000000000004,0.8660254037844384,-0.8359254794186365,-0.5488429582847199
2025-08-28 23:00:00+00:00,23.22500006357829,96.66666666666667,276.8333333333333,25.299999237060547,85.0,4.300000190734863,0.0,20.0,89,130.0,0.0,11.7,-0.25881904510252157,0.9659258262890681,-0.8359254794186365,-0.5488429582847199
2025-08-29 00:00:00+00:00,24.28333330154419,96.58333333333333,263.4166666666667,25.299999237060547,85.0,4.300000190734863,0.0,21.7,81,364.0,0.0,13.1,0.0,1.0,-0.8452490573530633,-0.5343725582809785
2025-08-29 01:00:00+00:00,25.43333355585734,96.58333333333333,239.75,25.299999237060547,85.0,4.300000190734863,0.0,20.0,93,143.0,0.7,8.3,0.25881904510252074,0.9659258262890683,-0.8452490573530633,-0.5343725582809785
2025-08-29 02:00:00+00:00,26.65000009536743,94.0,221.0,25.299999237060547,85.0,4.300000190734863,0.0,20.4,91,227.0,0.5,10.0,0.49999999999999994,0.8660254037844387,-0.8452490573530633,-0.5343725582809785
2025-08-29 03:00:00+00:00,27.741666475931805,93.33333333333333,214.08333333333334,25.299999237060547,85.0,4.300000190734863,0.0,22.0,83,450.0,0.1,8.7,0.7071067811865475,0.7071067811865476,-0.8452490573530633,-0.5343725582809785
2025-08-29 04:00:00+00:00,27.89999993642171,96.08333333333333,195.25,25.299999237060547,85.0,4.300000190734863,0.0,22.9,78,401.0,0.2,5.2,0.8660254037844386,0.5000000000000001,-0.8452490573530633,-0.5343725582809785
2025-08-29 05:00:00+00:00,27.81666660308838,97.66666666666667,184.91666666666666,25.299999237060547,85.0,4.300000190734863,0.0,22.5,80,227.0,0.2,5.5,0.9659258262890683,0.25881904510252074,-0.8452490573530633,-0.5343725582809785
2025-08-29 06:00:00+00:00,26.358333269755047,100.0,160.25,25.299999237060547,85.0,4.300000190734863,0.0,22.0,84,136.0,0.3,6.8,1.0,6.123233995736766e-17,-0.8452490573530633,-0.5343725582809785
2025-08-29 07:00:00+00:00,24.583333333333332,100.0,132.83333333333334,25.299999237060547,85.0,4.300000190734863,0.0,21.5,89,104.0,0.4,6.9,0.9659258262890683,-0.25881904510252063,-0.8452490573530633,-0.5343725582809785
2025-08-29 08:00:00+00:00,22.133333206176758,99.5,221.75,25.299999237060547,85.0,4.300000190734863,0.0,20.9,95,48.0,0.4,6.8,0.8660254037844387,-0.4999999999999998,-0.8452490573530633,-0.5343725582809785
2025-08-29 09:00:00+00:00,20.59166669845581,99.41666666666667,301.5833333333333,25.299999237060547,85.0,4.300000190734863,0.0,20.1,98,21.0,0.8,5.8,0.7071067811865476,-0.7071067811865475,-0.8452490573530633,-0.5343725582809785
2025-08-29 10:00:00+00:00,20.28333346048991,100.0,312.6666666666667,25.299999237060547,85.0,4.300000190734863,0.0,19.8,99,0.0,0.1,7.2,0.49999999999999994,-0.8660254037844387,-0.8452490573530633,-0.5343725582809785
2025-08-29 11:00:00+00:00,20.24166663487752,100.0,324.25,25.299999237060547,85.0,4.300000190734863,0.0,19.6,98,0.0,0.0,7.4,0.258819045102521,-0.9659258262890682,-0.8452490573530633,-0.5343725582809785
2025-08-29 12:00:00+00:00,20.333333174387615,100.0,314.5833333333333,25.299999237060547,85.0,4.300000190734863,0.0,19.5,99,0.0,0.0,8.1,1.2246467991473532e-16,-1.0,-0.8452490573530633,-0.5343725582809785
2025-08-29 13:00:00+00:00,20.25000015894572,100.0,310.1666666666667,25.299999237060547,85.0,4.300000190734863,0.0,19.0,97,0.0,0.0,10.5,-0.2588190451025208,-0.9659258262890683,-0.8452490573530633,-0.5343725582809785
2025-08-29 14:00:00+00:00,20.083333651224773,100.0,314.4166666666667,25.299999237060547,85.0,4.300000190734863,0.0,18.5,95,0.0,0.0,10.0,-0.4999999999999997,-0.8660254037844388,-0.8452490573530633,-0.5343725582809785
2025-08-29 15:00:00+00:00,19.875,100.0,318.6666666666667,25.299999237060547,85.0,4.300000190734863,0.0,18.2,95,0.0,0.0,8.8,-0.7071067811865471,-0.7071067811865479,-0.8452490573530633,-0.5343725582809785
2025-08-29 16:00:00+00:00,19.766666730244953,100.0,319.3333333333333,25.299999237060547,85.0,4.300000190734863,0.0,18.5,94,0.0,0.0,10.8,-0.8660254037844384,-0.5000000000000004,-0.8452490573530633,-0.5343725582809785
2025-08-29 17:00:00+00:00,19.733333110809326,100.0,313.5,25.299999237060547,85.0,4.300000190734863,0.0,18.6,93,0.0,0.0,10.5,-0.9659258262890683,-0.25881904510252063,-0.8452490573530633,-0.5343725582809785
2025-08-29 18:00:00+00:00,19.299999872843426,100.0,302.4166666666667,25.299999237060547,85.0,4.300000190734863,0.0,18.7,93,0.0,0.0,8.8,-1.0,-1.8369701987210297e-16,-0.8452490573530633,-0.5343725582809785
2025-08-29 19:00:00+00:00,19.066666920979817,100.0,304.5833333333333,25.299999237060547,85.0,4.300000190734863,0.0,18.8,93,0.0,0.0,8.3,-0.9659258262890684,0.2588190451025203,-0.8452490573530633,-0.5343725582809785
2025-08-29 20:00:00+00:00,19.199999968210857,100.0,305.8333333333333,25.299999237060547,85.0,4.300000190734863,0.0,18.9,92,0.0,0.0,7.9,-0.8660254037844386,0.5000000000000001,-0.8452490573530633,-0.5343725582809785
2025-08-29 21:00:00+00:00,20.175000031789143,100.0,305.75,25.299999237060547,85.0,4.300000190734863,0.0,19.2,91,16.0,0.0,7.5,-0.7071067811865477,0.7071067811865474,-0.8452490573530633,-0.5343725582809785
2025-08-29 22:00:00+00:00,21.5,100.0,289.6666666666667,25.299999237060547,85.0,4.300000190734863,0.0,19.9,91,69.0,0.0,6.2,-0.5000000000000004,0.8660254037844384,-0.8452490573530633,-0.5343725582809785
2025-08-29 23:00:00+00:00,22.833333015441895,99.75,239.41666666666666,25.299999237060547,85.0,4.300000190734863,0.0,20.5,84,119.0,0.0,5.0,-0.25881904510252157,0.9659258262890681,-0.8452490573530633,-0.5343725582809785
2025-08-30 00:00:00+00:00,24.016666571299236,98.83333333333333,228.83333333333334,25.299999237060547,85.0,4.300000190734863,0.0,21.0,78,171.0,0.0,3.6,0.0,1.0,-0.8543221697498269,-0.5197438121555157
2025-08-30 01:00:00+00:00,24.99999984105428,99.41666666666667,161.5,25.299999237060547,85.0,4.300000190734863,0.0,20.5,86,152.0,0.5,3.8,0.25881904510252074,0.9659258262890683,-0.8543221697498269,-0.5197438121555157
2025-08-30 02:00:00+00:00,25.02499993642171,98.75,197.25,25.299999237060547,85.0,4.300000190734863,0.0,20.6,88,154.0,0.6,1.0,0.49999999999999994,0.8660254037844387,-0.8543221697498269,-0.5197438121555157
2025-08-30 03:00:00+00:00,25.324999968210857,98.83333333333333,206.41666666666666,25.299999237060547,85.0,4.300000190734863,0.0,21.0,88,220.0,0.1,3.2,0.7071067811865475,0.7071067811865476,-0.8543221697498269,-0.5197438121555157
2025-08-30 04:00:00+00:00,27.483333269755047,97.83333333333333,166.25,25.299999237060547,85.0,4.300000190734863,0.0,21.3,86,157.0,0.1,0.5,0.8660254037844386,0.5000000000000001,-0.8543221697498269,-0.5197438121555157
2025-08-30 05:00:00+00:00,26.24166663487752,97.91666666666667,175.0,25.299999237060547,85.0,4.300000190734863,0.0,22.2,82,267.0,0.0,5.3,0.9659258262890683,0.25881904510252074,-0.8543221697498269,-0.5197438121555157
2025-08-30 06:00:00+00:00,25.608333269755047,98.33333333333333,207.41666666666666,25.299999237060547,85.0,4.300000190734863,0.0,22.5,79,294.0,0.0,9.1,1.0,6.123233995736766e-17,-0.8543221697498269,-0.5197438121555157
2025-08-30 07:00:00+00:00,25.208333333333332,98.83333333333333,200.91666666666666,25.299999237060547,85.0,4.300000190734863,0.0,22.0,82,107.0,0.0,8.0,0.9659258262890683,-0.25881904510252063,-0.8543221697498269,-0.5197438121555157
2025-08-30 08:00:00+00:00,22.72499990463257,96.91666666666667,250.41666666666666,25.299999237060547,85.0,4.300000190734863,0.0,21.9,82,109.0,0.0,6.9,0.8660254037844387,-0.4999999999999998,-0.8543221697498269,-0.5197438121555157
2025-08-30 09:00:00+00:00,20.941666603088382,97.58333333333333,296.1666666666667,25.299999237060547,85.0,4.300000190734863,0.0,21.2,85,23.0,0.0,6.8,0.7071067811865476,-0.7071067811865475,-0.8543221697498269,-0.5197438121555157
2025-08-30 10:00:00+00:00,20.483333587646484,99.66666666666667,314.25,25.299999237060547,85.0,4.300000190734863,0.0,20.8,88,0.0,0.0,9.1,0.49999999999999994,-0.8660254037844387,-0.8543221697498269,-0.5197438121555157
2025-08-30 11:00:00+00:00,20.13333336512248,100.0,322.5,25.299999237060547,85.0,4.300000190734863,0.0,20.4,89,0.0,0.0,9.3,0.258819045102521,-0.9659258262890682,-0.8543221697498269,-0.5197438121555157
2025-08-30 12:00:00+00:00,19.958333333333332,100.0,323.1666666666667,25.299999237060547,85.0,4.300000190734863,0.0,19.9,90,0.0,0.0,7.2,1.2246467991473532e-16,-1.0,-0.8543221697498269,-0.5197438121555157
2025-08-30 13:00:00+00:00,18.874999841054283,100.0,347.25,25.299999237060547,85.0,4.300000190734863,0.0,19.6,90,0.0,0.0,7.3,-0.2588190451025208,-0.9659258262890683,-0.8543221697498269,-0.5197438121555157
2025-08-30 14:00:00+00:00,18.091666380564373,100.0,386.6666666666667,25.299999237060547,85.0,4.300000190734863,0.0,18.9,93,0.0,0.0,4.9,-0.4999999999999997,-0.8660254037844388,-0.8543221697498269,-0.5197438121555157
2025-08-30 15:00:00+00:00,17.891667048136394,100.0,427.5,25.299999237060547,85.0,4.300000190734863,0.0,18.6,93,0.0,0.0,4.3,-0.7071067811865471,-0.7071067811865479,-0.8543221697498269,-0.5197438121555157
2025-08-30 16:00:00+00:00,18.74999984105428,100.0,413.5,25.299999237060547,85.0,4.300000190734863,0.0,18.0,94,0.0,0.0,3.6,-0.8660254037844384,-0.5000000000000004,-0.8543221697498269,-0.5197438121555157
2025-08-30 17:00:00+00:00,18.799999872843426,100.0,409.5833333333333,25.299999237060547,85.0,4.300000190734863,0.0,17.5,94,0.0,0.0,3.0,-0.9659258262890683,-0.25881904510252063,-0.8543221697498269,-0.5197438121555157
2025-08-30 18:00:00+00:00,18.600000381469727,100.0,416.5,25.299999237060547,85.0,4.300000190734863,0.0,17.5,94,0.0,0.0,1.5,-1.0,-1.8369701987210297e-16,-0.8543221697498269,-0.5197438121555157
2025-08-30 19:00:00+00:00,18.458333492279053,100.0,409.3333333333333,25.299999237060547,85.0,4.300000190734863,0.0,17.1,95,0.0,0.0,0.9,-0.9659258262890684,0.2588190451025203,-0.8543221697498269,-0.5197438121555157
2025-08-30 20:00:00+00:00,18.666666507720947,100.0,425.25,25.299999237060547,85.0,4.300000190734863,0.0,16.6,96,0.0,0.0,1.0,-0.8660254037844386,0.5000000000000001,-0.8543221697498269,-0.5197438121555157
2025-08-30 21:00:00+00:00,20.424999872843426,100.0,377.9166666666667,25.299999237060547,85.0,4.300000190734863,0.0,17.9,95,45.0,0.0,2.9,-0.7071067811865477,0.7071067811865474,-0.8543221697498269,-0.5197438121555157
2025-08-30 22:00:00+00:00,22.4416667620341,97.08333333333333,315.4166666666667,25.299999237060547,85.0,4.300000190734863,0.0,20.0,90,194.0,0.0,1.9,-0.5000000000000004,0.8660254037844384,-0.8543221697498269,-0.5197438121555157
2025-08-30 23:00:00+00:00,24.416666666666668,92.75,284.75,25.299999237060547,85.0,4.300000190734863,0.0,21.8,85,367.0,0.0,4.0,-0.25881904510252157,0.9659258262890681,-0.8543221697498269,-0.5197438121555157
2025-08-31 00:00:00+00:00,26.324999968210857,88.16666666666667,273.25,25.299999237060547,85.0,4.300000190734863,0.0,23.0,77,471.0,0.0,5.4,0.0,1.0,-0.8631421280499115,-0.5049610547215202
2025-08-31 01:00:00+00:00,26.52499993642171,87.16666666666667,264.0833333333333,25.299999237060547,85.0,4.300000190734863,0.0,23.8,74,580.0,0.2,10.8,0.25881904510252074,0.9659258262890683,-0.8631421280499115,-0.5049610547215202
2025-08-31 02:00:00+00:00,27.56666644414266,85.16666666666667,262.3333333333333,25.299999237060547,85.0,4.300000190734863,0.0,24.5,73,703.0,0.3,13.1,0.49999999999999994,0.8660254037844387,-0.8631421280499115,-0.5049610547215202
2025-08-31 03:00:00+00:00,28.508333524068195,82.5,269.9166666666667,25.299999237060547,85.0,4.300000190734863,0.0,24.8,72,660.0,0.2,12.7,0.7071067811865475,0.7071067811865476,-0.8631421280499115,-0.5049610547215202
2025-08-31 04:00:00+00:00,28.333333492279053,83.16666666666667,267.6666666666667,25.299999237060547,85.0,4.300000190734863,0.0,24.6,71,593.0,0.3,13.0,0.8660254037844386,0.5000000000000001,-0.8631421280499115,-0.5049610547215202
2025-08-31 05:00:00+00:00,28.208333333333332,85.5,263.6666666666667,25.299999237060547,85.0,4.300000190734863,0.0,24.2,74,497.0,0.4,13.5,0.9659258262890683,0.25881904510252074,-0.8631421280499115,-0.5049610547215202
2025-08-31 06:00:00+00:00,27.72500006357829,89.0,247.5,25.299999237060547,85.0,4.300000190734863,0.0,24.2,74,375.0,0.0,12.5,1.0,6.123233995736766e-17,-0.8631421280499115,-0.5049610547215202
2025-08-31 07:00:00+00:00,27.53333330154419,94.5,231.25,25.299999237060547,85.0,4.300000190734863,0.0,23.8,75,275.0,0.0,14.0,0.9659258262890683,-0.25881904510252063,-0.8631421280499115,-0.5049610547215202
2025-08-31 08:00:00+00:00,24.21666653951009,96.08333333333333,258.0833333333333,25.299999237060547,85.0,4.300000190734863,0.0,22.8,81,133.0,0.0,14.4,0.8660254037844387,-0.4999999999999998,-0.8631421280499115,-0.5049610547215202
2025-08-31 09:00:00+00:00,22.241666475931805,97.5,290.5,25.299999237060547,85.0,4.300000190734863,0.0,21.8,86,45.0,0.0,11.9,0.7071067811865476,-0.7071067811865475,-0.8631421280499115,-0.5049610547215202
2025-08-31 10:00:00+00:00,21.88333288828532,98.25,293.9166666666667,25.299999237060547,85.0,4.300000190734863,0.0,21.5,89,0.0,0.0,11.8,0.49999999999999994,-0.8660254037844387,-0.8631421280499115,-0.5049610547215202
2025-08-31 11:00:00+00:00,21.833333174387615,98.75,295.4166666666667,25.299999237060547,85.0,4.300000190734863,0.0,21.3,90,0.0,0.0,12.9,0.258819045102521,-0.9659258262890682,-0.8631421280499115,-0.5049610547215202
2025-08-31 12:00:00+00:00,21.5666667620341,99.16666666666667,299.4166666666667,25.299999237060547,85.0,4.300000190734863,0.0,20.9,93,0.0,0.1,14.0,1.2246467991473532e-16,-1.0,-0.8631421280499115,-0.5049610547215202
2025-08-31 13:00:00+00:00,21.391666253407795,99.16666666666667,299.75,25.299999237060547,85.0,4.300000190734863,0.0,20.8,94,0.0,0.0,13.2,-0.2588190451025208,-0.9659258262890683,-0.8631421280499115,-0.5049610547215202
2025-08-31 14:00:00+00:00,21.18333339691162,99.58333333333333,298.5,25.299999237060547,85.0,4.300000190734863,0.0,20.6,93,0.0,0.0,14.6,-0.4999999999999997,-0.8660254037844388,-0.8631421280499115,-0.5049610547215202
2025-08-31 15:00:00+00:00,21.016666730244953,99.75,300.9166666666667,25.299999237060547,85.0,4.300000190734863,0.0,20.2,93,0.0,0.0,15.3,-0.7071067811865471,-0.7071067811865479,-0.8631421280499115,-0.5049610547215202
2025-08-31 16:00:00+00:00,20.97499990463257,99.16666666666667,302.5833333333333,25.299999237060547,85.0,4.300000190734863,0.0,20.4,92,0.0,0.0,14.7,-0.8660254037844384,-0.5000000000000004,-0.8631421280499115,-0.5049610547215202
2025-08-31 17:00:00+00:00,20.816666444142662,99.33333333333333,301.3333333333333,25.299999237060547,85.0,4.300000190734863,0.0,20.1,93,0.0,0.0,14.2,-0.9659258262890683,-0.25881904510252063,-0.8631421280499115,-0.5049610547215202
2025-08-31 18:00:00+00:00,20.8166659673055,98.83333333333333,299.9166666666667,25.299999237060547,85.0,4.300000190734863,0.0,19.9,93,0.0,0.0,14.7,-1.0,-1.8369701987210297e-16,-0.8631421280499115,-0.5049610547215202
2025-08-31 19:00:00+00:00,20.700000286102295,98.91666666666667,298.75,25.299999237060547,85.0,4.300000190734863,0.0,20.0,93,0.0,0.0,15.2,-0.9659258262890684,0.2588190451025203,-0.8631421280499115,-0.5049610547215202
2025-08-31 20:00:00+00:00,21.06666644414266,98.5,298.5833333333333,25.299999237060547,85.0,4.300000190734863,0.0,20.4,92,0.0,0.0,15.9,-0.8660254037844386,0.5000000000000001,-0.8631421280499115,-0.5049610547215202
2025-08-31 21:00:00+00:00,22.258333206176758,96.25,293.9166666666667,25.299999237060547,85.0,4.300000190734863,0.0,21.0,90,11.0,0.0,17.4,-0.7071067811865477,0.7071067811865474,-0.8631421280499115,-0.5049610547215202
2025-08-31 22:00:00+00:00,23.758333206176758,94.25,283.4166666666667,25.299999237060547,85.0,4.300000190734863,0.0,21.6,88,64.0,0.0,18.6,-0.5000000000000004,0.8660254037844384,-0.8631421280499115,-0.5049610547215202
2025-08-31 23:00:00+00:00,25.78333314259847,90.91666666666667,273.5,25.299999237060547,85.0,4.300000190734863,0.0,22.2,88,66.0,0.0,18.9,-0.25881904510252157,0.9659258262890681,-0.8631421280499115,-0.5049610547215202
2025-09-01 00:00:00+00:00,26.65833314259847,90.66666666666667,272.4166666666667,25.299999237060547,85.0,4.300000190734863,0.0,22.8,89,78.0,0.0,20.7,0.0,1.0,-0.8717063187093217,-0.4900286664290594
2025-09-01 01:00:00+00:00,27.21666669845581,89.91666666666667,270.9166666666667,25.299999237060547,85.0,4.300000190734863,0.0,24.8,83,337.0,0.0,26.3,0.25881904510252074,0.9659258262890683,-0.8717063187093217,-0.4900286664290594
2025-09-01 02:00:00+00:00,27.69166660308838,89.58333333333333,268.3333333333333,25.299999237060547,85.0,4.300000190734863,0.0,25.0,85,430.0,0.0,26.2,0.49999999999999994,0.8660254037844387,-0.8717063187093217,-0.4900286664290594
2025-09-01 03:00:00+00:00,27.475000222524006,96.58333333333333,251.33333333333334,25.299999237060547,85.0,4.300000190734863,0.0,25.6,81,406.0,0.2,24.3,0.7071067811865475,0.7071067811865476,-0.8717063187093217,-0.4900286664290594
2025-09-01 04:00:00+00:00,27.499999682108562,98.16666666666667,227.91666666666666,25.299999237060547,85.0,4.300000190734863,0.0,25.8,80,463.0,0.1,22.4,0.8660254037844386,0.5000000000000001,-0.8717063187093217,-0.4900286664290594
2025-09-01 05:00:00+00:00,27.31666628519694,99.08333333333333,227.66666666666666,25.299999237060547,85.0,4.300000190734863,0.0,24.0,92,128.0,0.6,17.4,0.9659258262890683,0.25881904510252074,-0.8717063187093217,-0.4900286664290594
2025-09-01 06:00:00+00:00,26.34166669845581,100.0,252.66666666666666,25.299999237060547,85.0,4.300000190734863,0.0,24.9,88,274.0,0.2,17.0,1.0,6.123233995736766e-17,-0.8717063187093217,-0.4900286664290594
2025-09-01 07:00:00+00:00,26.050000031789143,98.25,266.1666666666667,25.299999237060547,85.0,4.300000190734863,0.0,24.6,90,169.0,0.1,18.1,0.9659258262890683,-0.25881904510252063,-0.8717063187093217,-0.4900286664290594
2025-09-01 08:00:00+00:00,24.083333333333332,99.83333333333333,302.1666666666667,25.299999237060547,85.0,4.300000190734863,0.0,24.3,91,101.0,0.1,15.8,0.8660254037844387,-0.4999999999999998,-0.8717063187093217,-0.4900286664290594
2025-09-01 09:00:00+00:00,23.583333492279053,100.0,306.8333333333333,25.299999237060547,85.0,4.300000190734863,0.0,23.6,93,28.0,0.0,15.5,0.7071067811865476,-0.7071067811865475,-0.8717063187093217,-0.4900286664290594
2025-09-01 10:00:00+00:00,23.483333269755047,100.0,310.25,25.299999237060547,85.0,4.300000190734863,0.0,23.4,94,0.0,0.1,15.2,0.49999999999999994,-0.8660254037844387,-0.8717063187093217,-0.4900286664290594
2025-09-01 11:00:00+00:00,23.44166644414266,100.0,311.0833333333333,25.299999237060547,85.0,4.300000190734863,0.0,23.2,95,0.0,0.1,15.6,0.258819045102521,-0.9659258262890682,-0.8717063187093217,-0.4900286664290594
2025-09-01 12:00:00+00:00,23.550000190734863,100.0,312.75,25.299999237060547,85.0,4.300000190734863,0.0,23.2,95,0.0,0.1,15.4,1.2246467991473532e-16,-1.0,-0.8717063187093217,-0.4900286664290594
2025-09-01 13:00:00+00:00,23.67500066757202,100.0,314.5833333333333,25.299999237060547,85.0,4.300000190734863,0.0,23.2,98,0.0,0.1,8.9,-0.2588190451025208,-0.9659258262890683,-0.8717063187093217,-0.4900286664290594
2025-09-01 14:00:00+00:00,23.550000190734863,100.0,316.0833333333333,25.299999237060547,85.0,4.300000190734863,0.0,23.0,98,0.0,0.1,10.1,-0.4999999999999997,-0.8660254037844388,-0.8717063187093217,-0.4900286664290594
2025-09-01 15:00:00+00:00,23.38333288828532,100.0,319.0,25.299999237060547,85.0,4.300000190734863,0.0,22.9,97,0.0,0.3,12.3,-0.7071067811865471,-0.7071067811865479,-0.8717063187093217,-0.4900286664290594
2025-09-01 16:00:00+00:00,23.308332761128742,100.0,322.4166666666667,25.299999237060547,85.0,4.300000190734863,0.0,22.7,98,0.0,0.3,7.9,-0.8660254037844384,-0.5000000000000004,-0.8717063187093217,-0.4900286664290594
2025-09-01 17:00:00+00:00,23.200000445048016,100.0,325.8333333333333,25.299999237060547,85.0,4.300000190734863,0.0,22.3,98,0.0,2.1,2.7,-0.9659258262890683,-0.25881904510252063,-0.8717063187093217,-0.4900286664290594
2025-09-01 18:00:00+00:00,23.15833393732707,100.0,335.4166666666667,25.299999237060547,85.0,4.300000190734863,0.0,22.2,98,0.0,0.0,3.4,-1.0,-1.8369701987210297e-16,-0.8717063187093217,-0.4900286664290594
2025-09-01 19:00:00+00:00,23.075000286102295,100.0,350.3333333333333,25.299999237060547,85.0,4.300000190734863,0.0,21.9,98,0.0,0.0,2.6,-0.9659258262890684,0.2588190451025203,-0.8717063187093217,-0.4900286664290594
2025-09-01 20:00:00+00:00,23.09166653951009,100.0,345.4166666666667,25.299999237060547,85.0,4.300000190734863,0.0,21.5,98,0.0,0.0,2.7,-0.8660254037844386,0.5000000000000001,-0.8717063187093217,-0.4900286664290594
2025-09-01 21:00:00+00:00,23.52499993642171,99.33333333333333,314.4166666666667,25.299999237060547,85.0,4.300000190734863,0.0,21.8,99,20.0,0.0,12.3,-0.7071067811865477,0.7071067811865474,-0.8717063187093217,-0.4900286664290594
2025-09-01 22:00:00+00:00,23.791666825612385,98.66666666666667,289.4166666666667,25.299999237060547,85.0,4.300000190734863,0.0,22.0,98,61.0,0.3,8.2,-0.5000000000000004,0.8660254037844384,-0.8717063187093217,-0.4900286664290594
2025-09-01 23:00:00+00:00,24.36666663487752,97.08333333333333,278.4166666666667,25.299999237060547,85.0,4.300000190734863,0.0,22.0,98,59.0,1.0,7.3,-0.25881904510252157,0.9659258262890681,-0.8717063187093217,-0.4900286664290594
2025-09-02 00:00:00+00:00,24.641667048136394,97.33333333333333,275.5833333333333,25.299999237060547,85.0,4.300000190734863,0.0,22.1,97,84.0,1.6,8.3,0.0,1.0,-0.8800122039735356,-0.4749510720670502
2025-09-02 01:00:00+00:00,25.90833330154419,94.33333333333333,267.1666666666667,25.299999237060547,85.0,4.300000190734863,0.0,22.4,95,125.0,1.9,9.0,0.25881904510252074,0.9659258262890683,-0.8800122039735356,-0.4749510720670502
2025-09-02 02:00:00+00:00,26.658333619435627,96.08333333333333,246.41666666666666,25.299999237060547,85.0,4.300000190734863,0.0,24.2,83,453.0,0.3,9.5,0.49999999999999994,0.8660254037844387,-0.8800122039735356,-0.4749510720670502
2025-09-02 03:00:00+00:00,27.77500009536743,98.0,211.58333333333334,25.299999237060547,85.0,4.300000190734863,0.0,24.5,79,374.0,0.0,7.7,0.7071067811865475,0.7071067811865476,-0.8800122039735356,-0.4749510720670502
2025-09-02 04:00:00+00:00,27.96666669845581,98.83333333333333,171.08333333333334,25.299999237060547,85.0,4.300000190734863,0.0,23.4,83,137.0,0.2,8.4,0.8660254037844386,0.5000000000000001,-0.8800122039735356,-0.4749510720670502
2025-09-02 05:00:00+00:00,26.99999984105428,100.0,160.83333333333334,25.299999237060547,85.0,4.300000190734863,0.0,22.5,87,102.0,0.6,8.0,0.9659258262890683,0.25881904510252074,-0.8800122039735356,-0.4749510720670502
2025-09-02 06:00:00+00:00,26.53333346048991,100.0,143.16666666666666,25.299999237060547,85.0,4.300000190734863,0.0,22.1,90,128.0,0.5,5.5,1.0,6.123233995736766e-17,-0.8800122039735356,-0.4749510720670502
2025-09-02 07:00:00+00:00,25.10000006357829,100.0,149.91666666666666,25.299999237060547,85.0,4.300000190734863,0.0,22.7,86,203.0,0.1,5.6,0.9659258262890683,-0.25881904510252063,-0.8800122039735356,-0.4749510720670502
2025-09-02 08:00:00+00:00,22.85000006357829,100.0,244.08333333333334,25.299999237060547,85.0,4.300000190734863,0.0,22.1,88,57.0,0.2,3.5,0.8660254037844387,-0.4999999999999998,-0.8800122039735356,-0.4749510720670502
2025-09-02 09:00:00+00:00,21.983333428700764,100.0,314.0833333333333,25.299999237060547,85.0,4.300000190734863,0.0,21.5,93,22.0,0.5,4.7,0.7071067811865476,-0.7071067811865475,-0.8800122039735356,-0.4749510720670502
2025-09-02 10:00:00+00:00,21.90833330154419,100.0,321.3333333333333,25.299999237060547,85.0,4.300000190734863,0.0,20.8,97,0.0,1.0,8.9,0.49999999999999994,-0.8660254037844387,-0.8800122039735356,-0.4749510720670502
2025-09-02 11:00:00+00:00,21.600000222524006,100.0,312.9166666666667,25.299999237060547,85.0,4.300000190734863,0.0,20.4,97,0.0,4.5,10.3,0.258819045102521,-0.9659258262890682,-0.8800122039735356,-0.4749510720670502
2025-09-02 12:00:00+00:00,21.233333110809326,100.0,311.5833333333333,25.299999237060547,85.0,4.300000190734863,0.0,20.0,96,0.0,1.7,12.6,1.2246467991473532e-16,-1.0,-0.8800122039735356,-0.4749510720670502
2025-09-02 13:00:00+00:00,21.075000286102295,100.0,304.9166666666667,25.299999237060547,85.0,4.300000190734863,0.0,20.5,98,0.0,1.2,3.0,-0.2588190451025208,-0.9659258262890683,-0.8800122039735356,-0.4749510720670502
2025-09-02 14:00:00+00:00,21.075000127156574,100.0,316.8333333333333,25.299999237060547,85.0,4.300000190734863,0.0,20.2,97,0.0,0.2,5.6,-0.4999999999999997,-0.8660254037844388,-0.8800122039735356,-0.4749510720670502
2025-09-02 15:00:00+00:00,20.908333142598472,100.0,308.5833333333333,25.299999237060547,85.0,4.300000190734863,0.0,19.9,98,0.0,0.0,7.5,-0.7071067811865471,-0.7071067811865479,-0.8800122039735356,-0.4749510720670502
2025-09-02 16:00:00+00:00,20.78333330154419,100.0,292.9166666666667,25.299999237060547,85.0,4.300000190734863,0.0,19.7,98,0.0,0.0,9.2,-0.8660254037844384,-0.5000000000000004,-0.8800122039735356,-0.4749510720670502
2025-09-02 17:00:00+00:00,20.741666475931805,100.0,290.5,25.299999237060547,85.0,4.300000190734863,0.0,19.8,97,0.0,0.0,11.8,-0.9659258262890683,-0.25881904510252063,-0.8800122039735356,-0.4749510720670502
2025-09-02 18:00:00+00:00,20.324999968210857,100.0,290.9166666666667,25.299999237060547,85.0,4.300000190734863,0.0,19.8,95,0.0,0.0,12.6,-1.0,-1.8369701987210297e-16,-0.8800122039735356,-0.4749510720670502
2025-09-02 19:00:00+00:00,19.77500041325887,99.83333333333333,294.6666666666667,25.299999237060547,85.0,4.300000190734863,0.0,19.7,96,0.0,0.0,13.6,-0.9659258262890684,0.2588190451025203,-0.8800122039735356,-0.4749510720670502
2025-09-02 20:00:00+00:00,19.65833330154419,99.75,292.4166666666667,25.299999237060547,85.0,4.300000190734863,0.0,19.5,97,0.0,0.0,12.8,-0.8660254037844386,0.5000000000000001,-0.8800122039735356,-0.4749510720670502
2025-09-02 21:00:00+00:00,20.6916667620341,98.08333333333333,287.1666666666667,25.299999237060547,85.0,4.300000190734863,0.0,19.7,94,44.0,0.0,14.0,-0.7071067811865477,0.7071067811865474,-0.8800122039735356,-0.4749510720670502
2025-09-02 22:00:00+00:00,23.9333332379659,92.66666666666667,272.0,25.299999237060547,85.0,4.300000190734863,0.0,21.0,90,201.0,0.0,11.2,-0.5000000000000004,0.8660254037844384,-0.8800122039735356,-0.4749510720670502
2025-09-02 23:00:00+00:00,25.866666316986084,82.08333333333333,273.25,25.299999237060547,85.0,4.300000190734863,0.0,22.4,81,375.0,0.0,12.9,-0.25881904510252157,0.9659258262890681,-0.8800122039735356,-0.4749510720670502
2025-09-03 00:00:00+00:00,27.49999984105428,77.75,282.9166666666667,25.299999237060547,85.0,4.300000190734863,0.0,23.1,76,534.0,0.0,15.6,0.0,1.0,-0.888057322629493,-0.4597327394521046
2025-09-03 01:00:00+00:00,28.516666889190674,76.58333333333333,287.9166666666667,25.299999237060547,85.0,4.300000190734863,0.0,24.2,70,651.0,0.0,13.6,0.25881904510252074,0.9659258262890683,-0.888057322629493,-0.4597327394521046
2025-09-03 02:00:00+00:00,28.39999993642171,78.08333333333333,285.3333333333333,25.299999237060547,85.0,4.300000190734863,0.0,24.8,68,702.0,0.0,11.6,0.49999999999999994,0.8660254037844387,-0.888057322629493,-0.4597327394521046
2025-09-03 03:00:00+00:00,28.766666571299236,79.41666666666667,282.0833333333333,25.299999237060547,85.0,4.300000190734863,0.0,25.5,65,753.0,0.0,10.8,0.7071067811865475,0.7071067811865476,-0.888057322629493,-0.4597327394521046
2025-09-03 04:00:00+00:00,29.049999872843426,77.91666666666667,282.25,25.299999237060547,85.0,4.300000190734863,0.0,25.2,64,666.0,0.1,9.1,0.8660254037844386,0.5000000000000001,-0.888057322629493,-0.4597327394521046
2025-09-03 05:00:00+00:00,28.366666475931805,79.0,269.25,25.299999237060547,85.0,4.300000190734863,0.0,25.1,62,610.0,0.0,10.8,0.9659258262890683,0.25881904510252074,-0.888057322629493,-0.4597327394521046
2025-09-03 06:00:00+00:00,28.358333428700764,80.5,263.4166666666667,25.299999237060547,85.0,4.300000190734863,0.0,24.4,64,467.0,0.1,12.6,1.0,6.123233995736766e-17,-0.888057322629493,-0.4597327394521046
2025-09-03 07:00:00+00:00,27.38333336512248,87.66666666666667,248.83333333333334,25.299999237060547,85.0,4.300000190734863,0.0,24.0,64,373.0,0.0,10.8,0.9659258262890683,-0.25881904510252063,-0.888057322629493,-0.4597327394521046
2025-09-03 08:00:00+00:00,24.06666644414266,90.83333333333333,258.9166666666667,25.299999237060547,85.0,4.300000190734863,0.0,23.1,69,206.0,0.0,9.9,0.8660254037844387,-0.4999999999999998,-0.888057322629493,-0.4597327394521046
2025-09-03 09:00:00+00:00,21.35000006357829,92.91666666666667,293.9166666666667,25.299999237060547,85.0,4.300000190734863,0.0,21.6,74,53.0,0.0,8.1,0.7071067811865476,-0.7071067811865475,-0.888057322629493,-0.4597327394521046
2025-09-03 10:00:00+00:00,20.44166644414266,97.0,311.0,25.299999237060547,85.0,4.300000190734863,0.0,20.0,82,0.0,0.0,4.4,0.49999999999999994,-0.8660254037844387,-0.888057322629493,-0.4597327394521046
2025-09-03 11:00:00+00:00,20.000000317891438,98.33333333333333,334.3333333333333,25.299999237060547,85.0,4.300000190734863,0.0,19.4,84,0.0,0.0,3.5,0.258819045102521,-0.9659258262890682,-0.888057322629493,-0.4597327394521046
2025-09-03 12:00:00+00:00,18.93333355585734,99.25,342.4166666666667,25.299999237060547,85.0,4.300000190734863,0.0,18.8,88,0.0,0.0,3.4,1.2246467991473532e-16,-1.0,-0.888057322629493,-0.4597327394521046
2025-09-03 13:00:00+00:00,18.27499993642171,99.08333333333333,333.0833333333333,25.299999237060547,85.0,4.300000190734863,0.0,18.1,91,0.0,0.0,3.8,-0.2588190451025208,-0.9659258262890683,-0.888057322629493,-0.4597327394521046
2025-09-03 14:00:00+00:00,17.89999993642171,100.0,372.6666666666667,25.299999237060547,85.0,4.300000190734863,0.0,17.0,93,0.0,0.0,3.2,-0.4999999999999997,-0.8660254037844388,-0.888057322629493,-0.4597327394521046
2025-09-03 15:00:00+00:00,17.28333346048991,100.0,421.1666666666667,25.299999237060547,85.0,4.300000190734863,0.0,16.4,94,0.0,0.0,2.0,-0.7071067811865471,-0.7071067811865479,-0.888057322629493,-0.4597327394521046
2025-09-03 16:00:00+00:00,16.924999713897705,100.0,467.8333333333333,25.299999237060547,85.0,4.300000190734863,0.0,15.9,94,0.0,0.0,1.6,-0.8660254037844384,-0.5000000000000004,-0.888057322629493,-0.4597327394521046
2025-09-03 17:00:00+00:00,16.558333079020183,100.0,511.0833333333333,25.299999237060547,85.0,4.300000190734863,0.0,15.8,94,0.0,0.0,3.0,-0.9659258262890683,-0.25881904510252063,-0.888057322629493,-0.4597327394521046
2025-09-03 18:00:00+00:00,16.5666667620341,100.0,551.5833333333334,25.299999237060547,85.0,4.300000190734863,0.0,15.5,93,0.0,0.0,4.1,-1.0,-1.8369701987210297e-16,-0.888057322629493,-0.4597327394521046
2025-09-03 19:00:00+00:00,16.358333110809326,100.0,587.9166666666666,25.299999237060547,85.0,4.300000190734863,0.0,15.9,90,0.0,0.0,5.9,-0.9659258262890684,0.2588190451025203,-0.888057322629493,-0.4597327394521046
2025-09-03 20:00:00+00:00,16.533333619435627,100.0,607.9166666666666,25.299999237060547,85.0,4.300000190734863,0.0,16.3,87,0.0,0.0,8.4,-0.8660254037844386,0.5000000000000001,-0.888057322629493,-0.4597327394521046
2025-09-03 21:00:00+00:00,19.44166644414266,98.75,510.4166666666667,25.299999237060547,85.0,4.300000190734863,0.0,17.2,87,40.0,0.0,9.6,-0.7071067811865477,0.7071067811865474,-0.888057322629493,-0.4597327394521046
2025-09-03 22:00:00+00:00,23.299999872843426,91.41666666666667,281.0,25.299999237060547,85.0,4.300000190734863,0.0,18.8,86,153.0,0.0,6.1,-0.5000000000000004,0.8660254037844384,-0.888057322629493,-0.4597327394521046
2025-09-03 23:00:00+00:00,26.233333428700764,84.58333333333333,275.5,25.299999237060547,85.0,4.300000190734863,0.0,20.4,84,313.0,0.0,4.2,-0.25881904510252157,0.9659258262890681,-0.888057322629493,-0.4597327394521046
2025-09-04 00:00:00+00:00,27.18333339691162,77.33333333333333,285.5833333333333,25.299999237060547,85.0,4.300000190734863,0.0,22.2,77,468.0,0.0,4.4,0.0,1.0,-0.8958392907349089,-0.4443781781046134
2025-09-04 01:00:00+00:00,28.550000031789143,75.75,282.0833333333333,25.299999237060547,85.0,4.300000190734863,0.0,23.8,66,650.0,0.0,4.7,0.25881904510252074,0.9659258262890683,-0.8958392907349089,-0.4443781781046134
2025-09-04 02:00:00+00:00,29.050000190734863,70.5,279.25,25.299999237060547,85.0,4.300000190734863,0.0,24.8,58,703.0,0.0,2.9,0.49999999999999994,0.8660254037844387,-0.8958392907349089,-0.4443781781046134
2025-09-04 03:00:00+00:00,29.89999993642171,67.66666666666667,285.8333333333333,25.299999237060547,85.0,4.300000190734863,0.0,25.2,56,664.0,0.0,3.0,0.7071067811865475,0.7071067811865476,-0.8958392907349089,-0.4443781781046134
2025-09-04 04:00:00+00:00,29.52499993642171,70.5,284.75,25.299999237060547,85.0,4.300000190734863,0.0,25.5,56,611.0,0.0,5.2,0.8660254037844386,0.5000000000000001,-0.8958392907349089,-0.4443781781046134
2025-09-04 05:00:00+00:00,28.516667048136394,75.41666666666667,271.75,25.299999237060547,85.0,4.300000190734863,0.0,25.8,56,631.0,0.0,6.3,0.9659258262890683,0.25881904510252074,-0.8958392907349089,-0.4443781781046134
2025-09-04 06:00:00+00:00,27.875,88.0,248.41666666666666,25.299999237060547,85.0,4.300000190734863,0.0,25.5,57,449.0,0.0,10.2,1.0,6.123233995736766e-17,-0.8958392907349089,-0.4443781781046134
2025-09-04 07:00:00+00:00,27.241666793823242,97.91666666666667,208.5,25.299999237060547,85.0,4.300000190734863,0.0,23.3,71,287.0,0.0,15.8,0.9659258262890683,-0.25881904510252063,-0.8958392907349089,-0.4443781781046134
2025-09-04 08:00:00+00:00,22.86666663487752,93.25,267.6666666666667,25.299999237060547,85.0,4.300000190734863,0.0,22.0,78,133.0,0.0,11.7,0.8660254037844387,-0.4999999999999998,-0.8958392907349089,-0.4443781781046134
2025-09-04 09:00:00+00:00,20.94166644414266,94.33333333333333,310.75,25.299999237060547,85.0,4.300000190734863,0.0,20.8,84,38.0,0.0,10.5,0.7071067811865476,-0.7071067811865475,-0.8958392907349089,-0.4443781781046134
2025-09-04 10:00:00+00:00,20.625,97.0,316.1666666666667,25.299999237060547,85.0,4.300000190734863,0.0,20.1,88,0.0,0.0,10.4,0.49999999999999994,-0.8660254037844387,-0.8958392907349089,-0.4443781781046134
2025-09-04 11:00:00+00:00,20.65833346048991,96.41666666666667,316.5,25.299999237060547,85.0,4.300000190734863,0.0,19.7,91,0.0,0.0,10.6,0.258819045102521,-0.9659258262890682,-0.8958392907349089,-0.4443781781046134
2025-09-04 12:00:00+00:00,20.291666825612385,97.0,318.75,25.299999237060547,85.0,4.300000190734863,0.0,19.5,92,0.0,0.0,9.9,1.2246467991473532e-16,-1.0,-0.8958392907349089,-0.4443781781046134
2025-09-04 13:00:00+00:00,19.97499990463257,96.58333333333333,317.0,25.299999237060547,85.0,4.300000190734863,0.0,19.4,93,0.0,0.0,9.6,-0.2588190451025208,-0.9659258262890683,-0.8958392907349089,-0.4443781781046134
2025-09-04 14:00:00+00:00,19.691666920979817,96.58333333333333,315.25,25.299999237060547,85.0,4.300000190734863,0.0,19.0,94,0.0,0.0,6.4,-0.4999999999999997,-0.8660254037844388,-0.8958392907349089,-0.4443781781046134
2025-09-04 15:00:00+00:00,19.358333587646484,97.08333333333333,316.8333333333333,25.299999237060547,85.0,4.300000190734863,0.0,18.6,94,0.0,0.0,6.5,-0.7071067811865471,-0.7071067811865479,-0.8958392907349089,-0.4443781781046134
2025-09-04 16:00:00+00:00,19.116666316986088,97.83333333333333,320.5833333333333,25.299999237060547,85.0,4.300000190734863,0.0,18.4,93,0.0,0.0,8.9,-0.8660254037844384,-0.5000000000000004,-0.8958392907349089,-0.4443781781046134
2025-09-04 17:00:00+00:00,19.100000222524006,97.33333333333333,323.3333333333333,25.299999237060547,85.0,4.300000190734863,0.0,17.8,94,0.0,0.0,7.0,-0.9659258262890683,-0.25881904510252063,-0.8958392907349089,-0.4443781781046134
2025-09-04 18:00:00+00:00,18.72500006357829,97.75,324.1666666666667,25.299999237060547,85.0,4.300000190734863,0.0,17.8,95,0.0,0.0,7.8,-1.0,-1.8369701987210297e-16,-0.8958392907349089,-0.4443781781046134
2025-09-04 19:00:00+00:00,18.49999984105428,99.25,333.1666666666667,25.299999237060547,85.0,4.300000190734863,0.0,17.8,95,0.0,0.0,4.9,-0.9659258262890684,0.2588190451025203,-0.8958392907349089,-0.4443781781046134
2025-09-04 20:00:00+00:00,18.61666663487752,100.0,357.75,25.299999237060547,85.0,4.300000190734863,0.0,17.5,95,0.0,0.0,4.5,-0.8660254037844386,0.5000000000000001,-0.8958392907349089,-0.4443781781046134
2025-09-04 21:00:00+00:00,21.583333492279053,96.58333333333333,331.0,25.299999237060547,85.0,4.300000190734863,0.0,18.1,92,27.0,0.0,7.4,-0.7071067811865477,0.7071067811865474,-0.8958392907349089,-0.4443781781046134
2025-09-04 22:00:00+00:00,25.12499984105428,87.16666666666667,278.9166666666667,25.299999237060547,85.0,4.300000190734863,0.0,20.2,80,186.0,0.0,7.0,-0.5000000000000004,0.8660254037844384,-0.8958392907349089,-0.4443781781046134
2025-09-04 23:00:00+00:00,26.858333269755047,81.91666666666667,272.6666666666667,25.299999237060547,85.0,4.300000190734863,0.0,22.0,76,359.0,0.0,6.9,-0.25881904510252157,0.9659258262890681,-0.8958392907349089,-0.4443781781046134
2025-09-05 00:00:00+00:00,28.22500006357829,76.0,292.0,25.299999237060547,85.0,4.300000190734863,0.0,23.4,74,519.0,0.0,9.5,0.0,1.0,-0.9033558023246842,-0.4288919379124841
2025-09-05 01:00:00+00:00,28.574999809265137,75.41666666666667,287.6666666666667,25.299999237060547,85.0,4.300000190734863,0.0,24.6,68,658.0,0.0,10.2,0.25881904510252074,0.9659258262890683,-0.9033558023246842,-0.4288919379124841
2025-09-05 02:00:00+00:00,28.049999872843426,77.41666666666667,266.8333333333333,25.299999237060547,85.0,4.300000190734863,0.0,24.5,69,676.0,0.2,12.2,0.49999999999999994,0.8660254037844387,-0.9033558023246842,-0.4288919379124841
2025-09-05 03:00:00+00:00,28.166666507720947,80.91666666666667,263.5,25.299999237060547,85.0,4.300000190734863,0.0,24.0,74,696.0,0.4,14.2,0.7071067811865475,0.7071067811865476,-0.9033558023246842,-0.4288919379124841
2025-09-05 04:00:00+00:00,29.075000127156574,81.25,275.5,25.299999237060547,85.0,4.300000190734863,0.0,24.0,79,496.0,0.2,12.6,0.8660254037844386,0.5000000000000001,-0.9033558023246842,-0.4288919379124841
2025-09-05 05:00:00+00:00,28.18333355585734,87.66666666666667,276.0,25.299999237060547,85.0,4.300000190734863,0.0,23.8,77,367.0,0.0,14.0,0.9659258262890683,0.25881904510252074,-0.9033558023246842,-0.4288919379124841
2025-09-05 06:00:00+00:00,27.69166628519694,96.25,263.0,25.299999237060547,85.0,4.300000190734863,0.0,23.6,78,439.0,0.1,14.0,1.0,6.123233995736766e-17,-0.9033558023246842,-0.4288919379124841
2025-09-05 07:00:00+00:00,26.65833314259847,98.41666666666667,235.08333333333334,25.299999237060547,85.0,4.300000190734863,0.0,22.8,82,249.0,0.1,13.6,0.9659258262890683,-0.25881904510252063,-0.9033558023246842,-0.4288919379124841
2025-09-05 08:00:00+00:00,23.349999745686848,96.5,268.8333333333333,25.299999237060547,85.0,4.300000190734863,0.0,22.0,86,165.0,0.0,11.5,0.8660254037844387,-0.4999999999999998,-0.9033558023246842,-0.4288919379124841
2025-09-05 09:00:00+00:00,21.733333269755047,98.91666666666667,302.75,25.299999237060547,85.0,4.300000190734863,0.0,20.5,93,46.0,0.0,8.6,0.7071067811865476,-0.7071067811865475,-0.9033558023246842,-0.4288919379124841
2025-09-05 10:00:00+00:00,20.5583332379659,100.0,321.6666666666667,25.299999237060547,85.0,4.300000190734863,0.0,19.5,97,0.0,0.0,7.4,0.49999999999999994,-0.8660254037844387,-0.9033558023246842,-0.4288919379124841
2025-09-05 11:00:00+00:00,20.075000127156574,100.0,331.3333333333333,25.299999237060547,85.0,4.300000190734863,0.0,19.1,97,0.0,0.0,5.6,0.258819045102521,-0.9659258262890682,-0.9033558023246842,-0.4288919379124841
2025-09-05 12:00:00+00:00,19.3083332379659,99.41666666666667,328.6666666666667,25.299999237060547,85.0,4.300000190734863,0.0,18.8,97,0.0,0.0,5.2,1.2246467991473532e-16,-1.0,-0.9033558023246842,-0.4288919379124841
2025-09-05 13:00:00+00:00,18.550000031789143,100.0,338.5,25.299999237060547,85.0,4.300000190734863,0.0,18.4,98,0.0,0.0,2.2,-0.2588190451025208,-0.9659258262890683,-0.9033558023246842,-0.4288919379124841
2025-09-05 14:00:00+00:00,18.083333651224773,100.0,373.8333333333333,25.299999237060547,85.0,4.300000190734863,0.0,18.1,99,0.0,0.0,3.6,-0.4999999999999997,-0.8660254037844388,-0.9033558023246842,-0.4288919379124841
2025-09-05 15:00:00+00:00,17.674999872843426,100.0,434.5,25.299999237060547,85.0,4.300000190734863,0.0,17.4,100,0.0,0.0,3.6,-0.7071067811865471,-0.7071067811865479,-0.9033558023246842,-0.4288919379124841
2025-09-05 16:00:00+00:00,17.24166663487752,100.0,488.5,25.299999237060547,85.0,4.300000190734863,0.0,17.3,100,0.0,0.0,3.1,-0.8660254037844384,-0.5000000000000004,-0.9033558023246842,-0.4288919379124841
2025-09-05 17:00:00+00:00,17.208333492279053,100.0,541.8333333333334,25.299999237060547,85.0,4.300000190734863,0.0,17.4,100,0.0,0.0,3.8,-0.9659258262890683,-0.25881904510252063,-0.9033558023246842,-0.4288919379124841
2025-09-05 18:00:00+00:00,17.87500015894572,100.0,562.75,25.299999237060547,85.0,4.300000190734863,0.0,17.2,100,0.0,0.0,2.5,-1.0,-1.8369701987210297e-16,-0.9033558023246842,-0.4288919379124841
2025-09-05 19:00:00+00:00,17.791666825612385,100.0,601.6666666666666,25.299999237060547,85.0,4.300000190734863,0.0,17.2,100,0.0,0.0,2.2,-0.9659258262890684,0.2588190451025203,-0.9033558023246842,-0.4288919379124841
2025-09-05 20:00:00+00:00,18.69166660308838,100.0,614.5833333333334,25.299999237060547,85.0,4.300000190734863,0.0,17.3,100,0.0,0.0,3.3,-0.8660254037844386,0.5000000000000001,-0.9033558023246842,-0.4288919379124841
2025-09-05 21:00:00+00:00,20.12499984105428,99.83333333333333,465.5,25.299999237060547,85.0,4.300000190734863,0.0,17.8,99,19.0,0.0,3.1,-0.7071067811865477,0.7071067811865474,-0.9033558023246842,-0.4288919379124841
2025-09-05 22:00:00+00:00,23.166666348775227,94.33333333333333,287.3333333333333,25.299999237060547,85.0,4.300000190734863,0.0,19.0,95,93.0,0.0,1.6,-0.5000000000000004,0.8660254037844384,-0.9033558023246842,-0.4288919379124841
2025-09-05 23:00:00+00:00,26.141666730244953,90.0,271.0833333333333,25.299999237060547,85.0,4.300000190734863,0.0,20.5,87,202.0,0.0,1.8,-0.25881904510252157,0.9659258262890681,-0.9033558023246842,-0.4288919379124841
2025-09-06 00:00:00+00:00,28.141667048136394,85.0,289.5833333333333,25.299999237060547,85.0,4.300000190734863,0.0,22.2,80,352.0,0.0,3.3,0.0,1.0,-0.9106046300942162,-0.41327860778290443
2025-09-06 01:00:00+00:00,30.516666571299236,81.25,277.3333333333333,25.299999237060547,85.0,4.300000190734863,0.0,24.3,73,572.0,0.0,1.8,0.25881904510252074,0.9659258262890683,-0.9106046300942162,-0.41327860778290443
2025-09-06 02:00:00+00:00,31.133333047231037,73.58333333333333,279.1666666666667,25.299999237060547,85.0,4.300000190734863,0.0,25.9,68,705.0,0.0,3.4,0.49999999999999994,0.8660254037844387,-0.9106046300942162,-0.41327860778290443
2025-09-06 03:00:00+00:00,29.90833330154419,70.08333333333333,276.0,25.299999237060547,85.0,4.300000190734863,0.0,26.6,64,688.0,0.0,6.5,0.7071067811865475,0.7071067811865476,-0.9106046300942162,-0.41327860778290443
2025-09-06 04:00:00+00:00,28.425000349680584,79.25,258.25,25.299999237060547,85.0,4.300000190734863,0.0,26.9,62,594.0,0.0,5.2,0.8660254037844386,0.5000000000000001,-0.9106046300942162,-0.41327860778290443
2025-09-06 05:00:00+00:00,28.9333332379659,78.91666666666667,257.5833333333333,25.299999237060547,85.0,4.300000190734863,0.0,26.4,63,394.0,0.0,4.0,0.9659258262890683,0.25881904510252074,-0.9106046300942162,-0.41327860778290443
2025-09-06 06:00:00+00:00,28.741666793823242,77.16666666666667,259.8333333333333,25.299999237060547,85.0,4.300000190734863,0.0,26.1,61,350.0,0.0,4.9,1.0,6.123233995736766e-17,-0.9106046300942162,-0.41327860778290443
2025-09-06 07:00:00+00:00,27.96666685740153,90.16666666666667,257.8333333333333,25.299999237060547,85.0,4.300000190734863,0.0,25.8,64,249.0,0.0,2.4,0.9659258262890683,-0.25881904510252063,-0.9106046300942162,-0.41327860778290443
2025-09-06 08:00:00+00:00,25.616666793823242,89.5,274.8333333333333,25.299999237060547,85.0,4.300000190734863,0.0,24.6,77,137.0,0.0,4.2,0.8660254037844387,-0.4999999999999998,-0.9106046300942162,-0.41327860778290443
2025-09-06 09:00:00+00:00,23.15833314259847,93.58333333333333,303.5,25.299999237060547,85.0,4.300000190734863,0.0,23.1,85,23.0,0.0,6.5,0.7071067811865476,-0.7071067811865475,-0.9106046300942162,-0.41327860778290443
2025-09-06 10:00:00+00:00,22.266666889190674,97.41666666666667,319.0,25.299999237060547,85.0,4.300000190734863,0.0,22.0,90,0.0,0.0,8.6,0.49999999999999994,-0.8660254037844387,-0.9106046300942162,-0.41327860778290443
2025-09-06 11:00:00+00:00,22.108333746592205,98.75,328.0833333333333,25.299999237060547,85.0,4.300000190734863,0.0,21.0,93,0.0,0.0,9.4,0.258819045102521,-0.9659258262890682,-0.9106046300942162,-0.41327860778290443
2025-09-06 12:00:00+00:00,22.041666825612385,99.33333333333333,325.4166666666667,25.299999237060547,85.0,4.300000190734863,0.0,21.0,91,0.0,0.0,10.6,1.2246467991473532e-16,-1.0,-0.9106046300942162,-0.41327860778290443
2025-09-06 13:00:00+00:00,21.71666685740153,99.16666666666667,326.0,25.299999237060547,85.0,4.300000190734863,0.0,20.8,93,0.0,0.0,8.2,-0.2588190451025208,-0.9659258262890683,-0.9106046300942162,-0.41327860778290443
2025-09-06 14:00:00+00:00,21.52500009536743,98.66666666666667,329.4166666666667,25.299999237060547,85.0,4.300000190734863,0.0,21.0,94,0.0,0.0,10.4,-0.4999999999999997,-0.8660254037844388,-0.9106046300942162,-0.41327860778290443
2025-09-06 15:00:00+00:00,21.416666348775227,98.41666666666667,325.8333333333333,25.299999237060547,85.0,4.300000190734863,0.0,21.1,92,0.0,0.0,10.7,-0.7071067811865471,-0.7071067811865479,-0.9106046300942162,-0.41327860778290443
2025-09-06 16:00:00+00:00,21.05833355585734,99.25,325.5,25.299999237060547,85.0,4.300000190734863,0.0,21.4,93,0.0,0.0,12.2,-0.8660254037844384,-0.5000000000000004,-0.9106046300942162,-0.41327860778290443
2025-09-06 17:00:00+00:00,21.0,100.0,329.0833333333333,25.299999237060547,85.0,4.300000190734863,0.0,21.4,95,0.0,0.3,9.7,-0.9659258262890683,-0.25881904510252063,-0.9106046300942162,-0.41327860778290443
2025-09-06 18:00:00+00:00,21.166667143503826,100.0,326.0833333333333,25.299999237060547,85.0,4.300000190734863,0.0,21.2,98,0.0,0.1,11.9,-1.0,-1.8369701987210297e-16,-0.9106046300942162,-0.41327860778290443
2025-09-06 19:00:00+00:00,21.50833336512248,100.0,319.8333333333333,25.299999237060547,85.0,4.300000190734863,0.0,21.2,97,0.0,0.0,12.6,-0.9659258262890684,0.2588190451025203,-0.9106046300942162,-0.41327860778290443
2025-09-06 20:00:00+00:00,21.958333333333332,100.0,314.6666666666667,25.299999237060547,85.0,4.300000190734863,0.0,21.4,95,0.0,0.0,12.2,-0.8660254037844386,0.5000000000000001,-0.9106046300942162,-0.41327860778290443
2025-09-06 21:00:00+00:00,22.299999872843426,100.0,313.1666666666667,25.299999237060547,85.0,4.300000190734863,0.0,21.4,96,4.0,1.4,10.9,-0.7071067811865477,0.7071067811865474,-0.9106046300942162,-0.41327860778290443
2025-09-06 22:00:00+00:00,22.02499993642171,100.0,300.1666666666667,25.299999237060547,85.0,4.300000190734863,0.0,21.1,94,32.0,2.6,13.5,-0.5000000000000004,0.8660254037844384,-0.9106046300942162,-0.41327860778290443
2025-09-06 23:00:00+00:00,21.65000009536743,100.0,298.5,25.299999237060547,85.0,4.300000190734863,0.0,21.2,97,39.0,5.0,18.1,-0.25881904510252157,0.9659258262890681,-0.9106046300942162,-0.41327860778290443
2025-09-07 00:00:00+00:00,22.266666571299236,100.0,272.1666666666667,25.299999237060547,85.0,4.300000190734863,0.0,20.4,93,48.0,2.2,25.7,0.0,1.0,-0.9175836260593934,-0.3975428142825566
2025-09-07 01:00:00+00:00,23.46666669845581,100.0,242.25,25.299999237060547,85.0,4.300000190734863,0.0,21.4,97,108.0,1.5,20.9,0.25881904510252074,0.9659258262890683,-0.9175836260593934,-0.3975428142825566
2025-09-07 02:00:00+00:00,26.208333492279053,96.33333333333333,213.41666666666666,25.299999237060547,85.0,4.300000190734863,0.0,21.6,95,156.0,0.5,23.7,0.49999999999999994,0.8660254037844387,-0.9175836260593934,-0.3975428142825566
2025-09-07 03:00:00+00:00,26.77500009536743,97.16666666666667,216.16666666666666,25.299999237060547,85.0,4.300000190734863,0.0,22.1,86,456.0,0.2,22.8,0.7071067811865475,0.7071067811865476,-0.9175836260593934,-0.3975428142825566
2025-09-07 04:00:00+00:00,27.125,99.16666666666667,158.0,25.299999237060547,85.0,4.300000190734863,0.0,21.8,85,263.0,0.1,21.8,0.8660254037844386,0.5000000000000001,-0.9175836260593934,-0.3975428142825566
2025-09-07 05:00:00+00:00,25.366666475931805,99.33333333333333,183.66666666666666,25.299999237060547,85.0,4.300000190734863,0.0,21.3,84,223.0,0.1,19.4,0.9659258262890683,0.25881904510252074,-0.9175836260593934,-0.3975428142825566
2025-09-07 06:00:00+00:00,24.47499990463257,100.0,231.08333333333334,25.299999237060547,85.0,4.300000190734863,0.0,20.6,86,125.0,0.1,17.9,1.0,6.123233995736766e-17,-0.9175836260593934,-0.3975428142825566
2025-09-07 07:00:00+00:00,25.59166669845581,99.41666666666667,141.91666666666666,25.299999237060547,85.0,4.300000190734863,0.0,20.8,86,151.0,0.1,13.2,0.9659258262890683,-0.25881904510252063,-0.9175836260593934,-0.3975428142825566
2025-09-07 08:00:00+00:00,21.5583332379659,98.75,246.25,25.299999237060547,85.0,4.300000190734863,0.0,20.8,88,58.0,0.1,11.2,0.8660254037844387,-0.4999999999999998,-0.9175836260593934,-0.3975428142825566
2025-09-07 09:00:00+00:00,20.208333333333332,100.0,306.75,25.299999237060547,85.0,4.300000190734863,0.0,20.7,90,18.0,0.1,6.3,0.7071067811865476,-0.7071067811865475,-0.9175836260593934,-0.3975428142825566
2025-09-07 10:00:00+00:00,19.5666667620341,100.0,335.25,25.299999237060547,85.0,4.300000190734863,0.0,20.3,94,0.0,0.0,1.1,0.49999999999999994,-0.8660254037844387,-0.9175836260593934,-0.3975428142825566
2025-09-07 11:00:00+00:00,19.46666685740153,100.0,360.6666666666667,25.299999237060547,85.0,4.300000190734863,0.0,19.8,96,0.0,0.0,2.7,0.258819045102521,-0.9659258262890682,-0.9175836260593934,-0.3975428142825566
2025-09-07 12:00:00+00:00,18.816666603088382,100.0,380.75,25.299999237060547,85.0,4.300000190734863,0.0,19.5,98,0.0,0.0,6.6,1.2246467991473532e-16,-1.0,-0.9175836260593934,-0.3975428142825566
2025-09-07 13:00:00+00:00,18.208333492279053,100.0,410.3333333333333,25.299999237060547,85.0,4.300000190734863,0.0,20.2,98,0.0,0.3,6.5,-0.2588190451025208,-0.9659258262890683,-0.9175836260593934,-0.3975428142825566
2025-09-07 14:00:00+00:00,17.80833339691162,100.0,451.5833333333333,25.299999237060547,85.0,4.300000190734863,0.0,19.8,98,0.0,0.4,2.3,-0.4999999999999997,-0.8660254037844388,-0.9175836260593934,-0.3975428142825566
2025-09-07 15:00:00+00:00,17.050000031789143,100.0,500.5833333333333,25.299999237060547,85.0,4.300000190734863,0.0,19.5,98,0.0,0.0,1.0,-0.7071067811865471,-0.7071067811865479,-0.9175836260593934,-0.3975428142825566
2025-09-07 16:00:00+00:00,16.77499993642171,100.0,548.0,25.299999237060547,85.0,4.300000190734863,0.0,18.1,100,0.0,0.0,2.2,-0.8660254037844384,-0.5000000000000004,-0.9175836260593934,-0.3975428142825566
2025-09-07 17:00:00+00:00,16.30833355585734,100.0,588.8333333333334,25.299999237060547,85.0,4.300000190734863,0.0,17.0,100,0.0,0.0,3.6,-0.9659258262890683,-0.25881904510252063,-0.9175836260593934,-0.3975428142825566
2025-09-07 18:00:00+00:00,16.208333015441895,100.0,624.5833333333334,25.299999237060547,85.0,4.300000190734863,0.0,16.6,99,0.0,0.0,3.1,-1.0,-1.8369701987210297e-16,-0.9175836260593934,-0.3975428142825566
2025-09-07 19:00:00+00:00,15.541666746139526,100.0,658.8333333333334,25.299999237060547,85.0,4.300000190734863,0.0,15.9,97,0.0,0.0,3.8,-0.9659258262890684,0.2588190451025203,-0.9175836260593934,-0.3975428142825566
2025-09-07 20:00:00+00:00,15.78333330154419,100.0,685.25,25.299999237060547,85.0,4.300000190734863,0.0,15.4,95,0.0,0.0,4.1,-0.8660254037844386,0.5000000000000001,-0.9175836260593934,-0.3975428142825566
2025-09-07 21:00:00+00:00,18.508333206176758,100.0,631.8333333333334,25.299999237060547,85.0,4.300000190734863,0.0,16.9,91,32.0,0.0,5.4,-0.7071067811865477,0.7071067811865474,-0.9175836260593934,-0.3975428142825566
2025-09-07 22:00:00+00:00,22.40833346048991,96.58333333333333,320.8333333333333,25.299999237060547,85.0,4.300000190734863,0.0,18.6,89,162.0,0.0,4.2,-0.5000000000000004,0.8660254037844384,-0.9175836260593934,-0.3975428142825566
2025-09-07 23:00:00+00:00,25.491666475931805,89.16666666666667,270.0833333333333,25.299999237060547,85.0,4.300000190734863,0.0,20.5,86,314.0,0.0,3.6,-0.25881904510252157,0.9659258262890681,-0.9175836260593934,-0.3975428142825566
2025-09-08 00:00:00+00:00,27.71666669845581,80.25,290.6666666666667,25.299999237060547,85.0,4.300000190734863,0.0,22.2,78,528.0,0.0,6.3,0.0,1.0,-0.9242907221930934,-0.3816892202666586
2025-09-08 01:00:00+00:00,28.858333269755047,74.83333333333333,286.9166666666667,25.299999237060547,85.0,4.300000190734863,0.0,23.8,72,609.0,0.0,6.7,0.25881904510252074,0.9659258262890683,-0.9242907221930934,-0.3816892202666586
2025-09-08 02:00:00+00:00,29.75833336512248,69.33333333333333,287.9166666666667,25.299999237060547,85.0,4.300000190734863,0.0,24.9,65,721.0,0.0,4.7,0.49999999999999994,0.8660254037844387,-0.9242907221930934,-0.3816892202666586
2025-09-08 03:00:00+00:00,30.28333346048991,68.58333333333333,290.5833333333333,25.299999237060547,85.0,4.300000190734863,0.0,25.6,62,751.0,0.0,4.5,0.7071067811865475,0.7071067811865476,-0.9242907221930934,-0.3816892202666586
2025-09-08 04:00:00+00:00,29.391666571299236,72.16666666666667,283.6666666666667,25.299999237060547,85.0,4.300000190734863,0.0,25.9,62,708.0,0.0,3.1,0.8660254037844386,0.5000000000000001,-0.9242907221930934,-0.3816892202666586
2025-09-08 05:00:00+00:00,29.40000009536743,75.75,273.25,25.299999237060547,85.0,4.300000190734863,0.0,25.8,61,576.0,0.0,3.4,0.9659258262890683,0.25881904510252074,-0.9242907221930934,-0.3816892202666586
2025-09-08 06:00:00+00:00,28.87500015894572,75.16666666666667,269.8333333333333,25.299999237060547,85.0,4.300000190734863,0.0,25.4,64,480.0,0.0,3.9,1.0,6.123233995736766e-17,-0.9242907221930934,-0.3816892202666586
2025-09-08 07:00:00+00:00,28.09166669845581,79.16666666666667,266.75,25.299999237060547,85.0,4.300000190734863,0.0,25.0,67,340.0,0.0,3.5,0.9659258262890683,-0.25881904510252063,-0.9242907221930934,-0.3816892202666586
2025-09-08 08:00:00+00:00,23.80833339691162,82.33333333333333,281.1666666666667,25.299999237060547,85.0,4.300000190734863,0.0,23.8,77,180.0,0.0,5.3,0.8660254037844387,-0.4999999999999998,-0.9242907221930934,-0.3816892202666586
2025-09-08 09:00:00+00:00,20.700000127156574,94.58333333333333,325.75,25.299999237060547,85.0,4.300000190734863,0.0,21.5,85,38.0,0.0,7.0,0.7071067811865476,-0.7071067811865475,-0.9242907221930934,-0.3816892202666586
2025-09-08 10:00:00+00:00,19.71666653951009,98.25,356.9166666666667,25.299999237060547,85.0,4.300000190734863,0.0,20.2,89,0.0,0.0,6.6,0.49999999999999994,-0.8660254037844387,-0.9242907221930934,-0.3816892202666586
2025-09-08 11:00:00+00:00,19.308333079020183,99.08333333333333,364.5833333333333,25.299999237060547,85.0,4.300000190734863,0.0,19.8,91,0.0,0.0,5.1,0.258819045102521,-0.9659258262890682,-0.9242907221930934,-0.3816892202666586
2025-09-08 12:00:00+00:00,19.383333206176758,99.16666666666667,350.25,25.299999237060547,85.0,4.300000190734863,0.0,18.8,93,0.0,0.0,3.1,1.2246467991473532e-16,-1.0,-0.9242907221930934,-0.3816892202666586
2025-09-08 13:00:00+00:00,18.983333428700764,99.66666666666667,360.9166666666667,25.299999237060547,85.0,4.300000190734863,0.0,18.1,96,0.0,0.0,3.6,-0.2588190451025208,-0.9659258262890683,-0.9242907221930934,-0.3816892202666586
2025-09-08 14:00:00+00:00,18.5,100.0,350.6666666666667,25.299999237060547,85.0,4.300000190734863,0.0,18.5,94,0.0,0.0,6.6,-0.4999999999999997,-0.8660254037844388,-0.9242907221930934,-0.3816892202666586
2025-09-08 15:00:00+00:00,18.333333015441895,100.0,348.0,25.299999237060547,85.0,4.300000190734863,0.0,18.6,91,0.0,0.0,8.2,-0.7071067811865471,-0.7071067811865479,-0.9242907221930934,-0.3816892202666586
2025-09-08 16:00:00+00:00,18.31666644414266,100.0,349.5,25.299999237060547,85.0,4.300000190734863,0.0,18.7,91,0.0,0.0,8.0,-0.8660254037844384,-0.5000000000000004,-0.9242907221930934,-0.3816892202666586
2025-09-08 17:00:00+00:00,18.349999745686848,99.83333333333333,342.5,25.299999237060547,85.0,4.300000190734863,0.0,18.8,92,0.0,0.0,10.0,-0.9659258262890683,-0.25881904510252063,-0.9242907221930934,-0.3816892202666586
2025-09-08 18:00:00+00:00,18.3249994913737,100.0,344.6666666666667,25.299999237060547,85.0,4.300000190734863,0.0,19.2,94,0.0,0.0,10.5,-1.0,-1.8369701987210297e-16,-0.9242907221930934,-0.3816892202666586
2025-09-08 19:00:00+00:00,18.708333174387615,100.0,334.6666666666667,25.299999237060547,85.0,4.300000190734863,0.0,19.5,95,0.0,0.0,11.4,-0.9659258262890684,0.2588190451025203,-0.9242907221930934,-0.3816892202666586
2025-09-08 20:00:00+00:00,18.925000031789143,100.0,334.6666666666667,25.299999237060547,85.0,4.300000190734863,0.0,19.5,96,0.0,0.0,12.4,-0.8660254037844386,0.5000000000000001,-0.9242907221930934,-0.3816892202666586
2025-09-08 21:00:00+00:00,20.09166669845581,100.0,325.3333333333333,25.299999237060547,85.0,4.300000190734863,0.0,19.7,96,8.0,0.0,12.4,-0.7071067811865477,0.7071067811865474,-0.9242907221930934,-0.3816892202666586
2025-09-08 22:00:00+00:00,21.375,99.75,306.4166666666667,25.299999237060547,85.0,4.300000190734863,0.0,20.6,94,56.0,0.0,13.5,-0.5000000000000004,0.8660254037844384,-0.9242907221930934,-0.3816892202666586
2025-09-08 23:00:00+00:00,22.77500009536743,100.0,301.3333333333333,25.299999237060547,85.0,4.300000190734863,0.0,22.0,91,94.0,0.0,15.5,-0.25881904510252157,0.9659258262890681,-0.9242907221930934,-0.3816892202666586
2025-09-09 00:00:00+00:00,24.11666663487752,98.41666666666667,292.5,25.299999237060547,85.0,4.300000190734863,0.0,22.5,89,96.0,0.0,16.4,0.0,1.0,-0.9307239310379793,-0.3657225234972692
2025-09-09 01:00:00+00:00,25.300000190734863,96.66666666666667,269.25,25.299999237060547,85.0,4.300000190734863,0.0,23.6,80,224.0,0.1,15.5,0.25881904510252074,0.9659258262890683,-0.9307239310379793,-0.3657225234972692
2025-09-09 02:00:00+00:00,26.458333333333332,97.83333333333333,247.83333333333334,25.299999237060547,85.0,4.300000190734863,0.0,23.6,81,276.0,0.0,19.3,0.49999999999999994,0.8660254037844387,-0.9307239310379793,-0.3657225234972692
2025-09-09 03:00:00+00:00,26.824999968210857,99.75,220.91666666666666,25.299999237060547,85.0,4.300000190734863,0.0,23.6,81,339.0,0.0,19.5,0.7071067811865475,0.7071067811865476,-0.9307239310379793,-0.3657225234972692
2025-09-09 04:00:00+00:00,27.491666793823242,96.08333333333333,229.66666666666666,25.299999237060547,85.0,4.300000190734863,0.0,23.6,81,362.0,0.1,19.6,0.8660254037844386,0.5000000000000001,-0.9307239310379793,-0.3657225234972692
2025-09-09 05:00:00+00:00,27.72499990463257,96.33333333333333,257.0833333333333,25.299999237060547,85.0,4.300000190734863,0.0,23.3,81,245.0,0.0,19.8,0.9659258262890683,0.25881904510252074,-0.9307239310379793,-0.3657225234972692
2025-09-09 06:00:00+00:00,27.50000015894572,96.91666666666667,248.91666666666666,25.299999237060547,85.0,4.300000190734863,0.0,23.0,84,147.0,0.0,18.3,1.0,6.123233995736766e-17,-0.9307239310379793,-0.3657225234972692
2025-09-09 07:00:00+00:00,25.800000031789143,99.08333333333333,248.83333333333334,25.299999237060547,85.0,4.300000190734863,0.0,23.0,84,165.0,0.0,17.1,0.9659258262890683,-0.25881904510252063,-0.9307239310379793,-0.3657225234972692
2025-09-09 08:00:00+00:00,22.40833330154419,97.5,286.8333333333333,25.299999237060547,85.0,4.300000190734863,0.0,22.5,88,77.0,0.0,15.7,0.8660254037844387,-0.4999999999999998,-0.9307239310379793,-0.3657225234972692
2025-09-09 09:00:00+00:00,21.725000222524006,97.08333333333333,297.3333333333333,25.299999237060547,85.0,4.300000190734863,0.0,21.9,94,12.0,0.0,14.5,0.7071067811865476,-0.7071067811865475,-0.9307239310379793,-0.3657225234972692
2025-09-09 10:00:00+00:00,21.575000286102295,96.41666666666667,298.8333333333333,25.299999237060547,85.0,4.300000190734863,0.0,21.6,96,0.0,0.0,13.6,0.49999999999999994,-0.8660254037844387,-0.9307239310379793,-0.3657225234972692
2025-09-09 11:00:00+00:00,21.391666253407795,97.58333333333333,303.75,25.299999237060547,85.0,4.300000190734863,0.0,21.5,96,0.0,0.0,12.2,0.258819045102521,-0.9659258262890682,-0.9307239310379793,-0.3657225234972692
2025-09-09 12:00:00+00:00,21.391666253407795,97.83333333333333,305.1666666666667,25.299999237060547,85.0,4.300000190734863,0.0,21.0,97,0.0,0.0,10.2,1.2246467991473532e-16,-1.0,-0.9307239310379793,-0.3657225234972692
2025-09-09 13:00:00+00:00,21.22499974568685,98.0,305.75,25.299999237060547,85.0,4.300000190734863,0.0,20.5,91,0.0,0.0,13.5,-0.2588190451025208,-0.9659258262890683,-0.9307239310379793,-0.3657225234972692
2025-09-09 14:00:00+00:00,20.533332983652752,100.0,327.4166666666667,25.299999237060547,85.0,4.300000190734863,0.0,20.1,95,0.0,0.0,10.4,-0.4999999999999997,-0.8660254037844388,-0.9307239310379793,-0.3657225234972692
2025-09-09 15:00:00+00:00,20.391666253407795,100.0,323.0,25.299999237060547,85.0,4.300000190734863,0.0,20.0,97,0.0,0.0,9.5,-0.7071067811865471,-0.7071067811865479,-0.9307239310379793,-0.3657225234972692
2025-09-09 16:00:00+00:00,20.275000254313152,100.0,332.4166666666667,25.299999237060547,85.0,4.300000190734863,0.0,19.1,97,0.0,0.0,3.5,-0.8660254037844384,-0.5000000000000004,-0.9307239310379793,-0.3657225234972692
2025-09-09 17:00:00+00:00,20.200000127156574,100.0,333.6666666666667,25.299999237060547,85.0,4.300000190734863,0.0,19.4,96,0.0,0.0,6.9,-0.9659258262890683,-0.25881904510252063,-0.9307239310379793,-0.3657225234972692
2025-09-09 18:00:00+00:00,19.55833339691162,100.0,346.0,25.299999237060547,85.0,4.300000190734863,0.0,19.0,98,0.0,0.0,5.0,-1.0,-1.8369701987210297e-16,-0.9307239310379793,-0.3657225234972692
2025-09-09 19:00:00+00:00,18.516666730244953,100.0,366.8333333333333,25.299999237060547,85.0,4.300000190734863,0.0,18.8,96,0.0,0.0,6.2,-0.9659258262890684,0.2588190451025203,-0.9307239310379793,-0.3657225234972692
2025-09-09 20:00:00+00:00,17.78333346048991,100.0,389.5,25.299999237060547,85.0,4.300000190734863,0.0,18.3,94,0.0,0.0,6.2,-0.8660254037844386,0.5000000000000001,-0.9307239310379793,-0.3657225234972692
2025-09-09 21:00:00+00:00,18.483333110809326,100.0,376.4166666666667,25.299999237060547,85.0,4.300000190734863,0.0,18.8,86,23.0,0.0,8.3,-0.7071067811865477,0.7071067811865474,-0.9307239310379793,-0.3657225234972692
2025-09-09 22:00:00+00:00,22.925000190734863,91.91666666666667,284.5,25.299999237060547,85.0,4.300000190734863,0.0,20.8,72,179.0,0.0,9.9,-0.5000000000000004,0.8660254037844384,-0.9307239310379793,-0.3657225234972692
2025-09-09 23:00:00+00:00,26.36666663487752,83.33333333333333,259.1666666666667,25.299999237060547,85.0,4.300000190734863,0.0,22.4,66,359.0,0.0,8.3,-0.25881904510252157,0.9659258262890681,-0.9307239310379793,-0.3657225234972692
2025-09-10 00:00:00+00:00,27.97499990463257,72.75,275.0,25.299999237060547,85.0,4.300000190734863,0.0,23.6,54,535.0,0.0,12.2,0.0,1.0,-0.9368813462954315,-0.34964745525122826
2025-09-10 01:00:00+00:00,29.4333332379659,66.25,282.25,25.299999237060547,85.0,4.300000190734863,0.0,24.7,51,547.0,0.0,8.9,0.25881904510252074,0.9659258262890683,-0.9368813462954315,-0.34964745525122826
2025-09-10 02:00:00+00:00,29.291666825612385,61.916666666666664,280.0833333333333,25.299999237060547,85.0,4.300000190734863,0.0,25.3,51,679.0,0.0,8.4,0.49999999999999994,0.8660254037844387,-0.9368813462954315,-0.34964745525122826
2025-09-10 03:00:00+00:00,28.624999682108562,64.58333333333333,263.9166666666667,25.299999237060547,85.0,4.300000190734863,0.0,25.8,50,771.0,0.0,8.9,0.7071067811865475,0.7071067811865476,-0.9368813462954315,-0.34964745525122826
2025-09-10 04:00:00+00:00,28.458333333333332,68.91666666666667,254.66666666666666,25.299999237060547,85.0,4.300000190734863,0.0,26.0,48,730.0,0.0,8.2,0.8660254037844386,0.5000000000000001,-0.9368813462954315,-0.34964745525122826
2025-09-10 05:00:00+00:00,28.008333047231037,81.66666666666667,235.0,25.299999237060547,85.0,4.300000190734863,0.0,25.5,47,519.0,0.0,8.8,0.9659258262890683,0.25881904510252074,-0.9368813462954315,-0.34964745525122826
2025-09-10 06:00:00+00:00,27.96666669845581,92.58333333333333,233.83333333333334,25.299999237060547,85.0,4.300000190734863,0.0,24.6,54,282.0,0.0,6.7,1.0,6.123233995736766e-17,-0.9368813462954315,-0.34964745525122826
2025-09-10 07:00:00+00:00,27.14999993642171,98.33333333333333,234.91666666666666,25.299999237060547,85.0,4.300000190734863,0.0,23.6,63,174.0,0.0,6.1,0.9659258262890683,-0.25881904510252063,-0.9368813462954315,-0.34964745525122826
2025-09-10 08:00:00+00:00,22.59999990463257,91.0,287.0833333333333,25.299999237060547,85.0,4.300000190734863,0.0,22.3,66,87.0,0.0,7.6,0.8660254037844387,-0.4999999999999998,-0.9368813462954315,-0.34964745525122826
2025-09-10 09:00:00+00:00,21.199999968210857,91.58333333333333,294.6666666666667,25.299999237060547,85.0,4.300000190734863,0.0,20.9,67,14.0,0.0,7.2,0.7071067811865476,-0.7071067811865475,-0.9368813462954315,-0.34964745525122826
2025-09-10 10:00:00+00:00,19.84166653951009,95.0,328.0833333333333,25.299999237060547,85.0,4.300000190734863,0.0,20.0,71,0.0,0.0,5.9,0.49999999999999994,-0.8660254037844387,-0.9368813462954315,-0.34964745525122826
2025-09-10 11:00:00+00:00,19.233333428700764,89.41666666666667,333.75,25.299999237060547,85.0,4.300000190734863,0.0,19.8,69,0.0,0.0,5.9,0.258819045102521,-0.9659258262890682,-0.9368813462954315,-0.34964745525122826
2025-09-10 12:00:00+00:00,18.741666475931805,93.58333333333333,337.25,25.299999237060547,85.0,4.300000190734863,0.0,19.6,69,0.0,0.0,5.0,1.2246467991473532e-16,-1.0,-0.9368813462954315,-0.34964745525122826
2025-09-10 13:00:00+00:00,18.31666660308838,96.91666666666667,345.0,25.299999237060547,85.0,4.300000190734863,0.0,19.0,77,0.0,0.0,4.2,-0.2588190451025208,-0.9659258262890683,-0.9368813462954315,-0.34964745525122826
2025-09-10 14:00:00+00:00,18.266666730244953,97.33333333333333,348.9166666666667,25.299999237060547,85.0,4.300000190734863,0.0,18.7,77,0.0,0.0,1.3,-0.4999999999999997,-0.8660254037844388,-0.9368813462954315,-0.34964745525122826
2025-09-10 15:00:00+00:00,18.24166663487752,100.0,378.25,25.299999237060547,85.0,4.300000190734863,0.0,18.5,77,0.0,0.0,0.3,-0.7071067811865471,-0.7071067811865479,-0.9368813462954315,-0.34964745525122826
2025-09-10 16:00:00+00:00,18.100000381469727,100.0,407.6666666666667,25.299999237060547,85.0,4.300000190734863,0.0,18.2,77,0.0,0.0,0.7,-0.8660254037844384,-0.5000000000000004,-0.9368813462954315,-0.34964745525122826
2025-09-10 17:00:00+00:00,17.55833355585734,100.0,460.1666666666667,25.299999237060547,85.0,4.300000190734863,0.0,17.8,77,0.0,0.0,0.4,-0.9659258262890683,-0.25881904510252063,-0.9368813462954315,-0.34964745525122826
2025-09-10 18:00:00+00:00,17.016666571299236,100.0,506.1666666666667,25.299999237060547,85.0,4.300000190734863,0.0,17.9,77,0.0,0.0,3.4,-1.0,-1.8369701987210297e-16,-0.9368813462954315,-0.34964745525122826
2025-09-10 19:00:00+00:00,16.75833336512248,100.0,548.5,25.299999237060547,85.0,4.300000190734863,0.0,17.4,87,0.0,0.0,6.0,-0.9659258262890684,0.2588190451025203,-0.9368813462954315,-0.34964745525122826
2025-09-10 20:00:00+00:00,16.758333524068195,100.0,586.4166666666666,25.299999237060547,85.0,4.300000190734863,0.0,17.8,94,0.0,0.0,7.6,-0.8660254037844386,0.5000000000000001,-0.9368813462954315,-0.34964745525122826
2025-09-10 21:00:00+00:00,17.96666669845581,100.0,569.6666666666666,25.299999237060547,85.0,4.300000190734863,0.0,18.5,96,30.0,0.0,8.1,-0.7071067811865477,0.7071067811865474,-0.9368813462954315,-0.34964745525122826
2025-09-10 22:00:00+00:00,22.18333355585734,92.91666666666667,333.6666666666667,25.299999237060547,85.0,4.300000190734863,0.0,21.0,87,171.0,0.0,10.3,-0.5000000000000004,0.8660254037844384,-0.9368813462954315,-0.34964745525122826
2025-09-10 23:00:00+00:00,26.199999968210857,85.08333333333333,282.4166666666667,25.299999237060547,85.0,4.300000190734863,0.0,22.6,78,351.0,0.0,13.3,-0.25881904510252157,0.9659258262890681,-0.9368813462954315,-0.34964745525122826
2025-09-11 00:00:00+00:00,27.883333683013916,76.0,283.1666666666667,25.299999237060547,85.0,4.300000190734863,0.0,23.5,73,513.0,0.0,13.6,0.0,1.0,-0.9427611433904206,-0.33346877891818705
2025-09-11 01:00:00+00:00,28.93333355585734,71.5,282.6666666666667,25.299999237060547,85.0,4.300000190734863,0.0,24.6,67,658.0,0.0,14.3,0.25881904510252074,0.9659258262890683,-0.9427611433904206,-0.33346877891818705
2025-09-11 02:00:00+00:00,29.274999777475994,70.5,284.25,25.299999237060547,85.0,4.300000190734863,0.0,25.0,64,738.0,0.0,15.8,0.49999999999999994,0.8660254037844387,-0.9427611433904206,-0.33346877891818705
2025-09-11 03:00:00+00:00,29.10000006357829,71.08333333333333,285.3333333333333,25.299999237060547,85.0,4.300000190734863,0.0,24.8,63,682.0,0.0,16.8,0.7071067811865475,0.7071067811865476,-0.9427611433904206,-0.33346877891818705
2025-09-11 04:00:00+00:00,27.416666825612385,87.08333333333333,281.9166666666667,25.299999237060547,85.0,4.300000190734863,0.0,24.5,63,584.0,0.0,6.2,0.8660254037844386,0.5000000000000001,-0.9427611433904206,-0.33346877891818705
2025-09-11 05:00:00+00:00,26.674999872843426,89.16666666666667,271.5,25.299999237060547,85.0,4.300000190734863,0.0,21.8,72,424.0,0.1,8.8,0.9659258262890683,0.25881904510252074,-0.9427611433904206,-0.33346877891818705
2025-09-11 06:00:00+00:00,25.925000031789143,95.66666666666667,287.3333333333333,25.299999237060547,85.0,4.300000190734863,0.0,21.3,78,361.0,0.1,9.7,1.0,6.123233995736766e-17,-0.9427611433904206,-0.33346877891818705
2025-09-11 07:00:00+00:00,26.925000031789143,94.25,238.83333333333334,25.299999237060547,85.0,4.300000190734863,0.0,21.5,78,281.0,0.0,8.0,0.9659258262890683,-0.25881904510252063,-0.9427611433904206,-0.33346877891818705
2025-09-11 08:00:00+00:00,20.700000127156574,94.08333333333333,285.9166666666667,25.299999237060547,85.0,4.300000190734863,0.0,20.9,80,160.0,0.0,6.3,0.8660254037844387,-0.4999999999999998,-0.9427611433904206,-0.33346877891818705
2025-09-11 09:00:00+00:00,19.40000009536743,98.41666666666667,319.3333333333333,25.299999237060547,85.0,4.300000190734863,0.0,19.0,89,30.0,0.0,5.1,0.7071067811865476,-0.7071067811865475,-0.9427611433904206,-0.33346877891818705
2025-09-11 10:00:00+00:00,18.400000254313152,100.0,355.6666666666667,25.299999237060547,85.0,4.300000190734863,0.0,18.5,90,0.0,0.0,7.5,0.49999999999999994,-0.8660254037844387,-0.9427611433904206,-0.33346877891818705
2025-09-11 11:00:00+00:00,17.87500015894572,100.0,391.4166666666667,25.299999237060547,85.0,4.300000190734863,0.0,18.1,90,0.0,0.0,9.1,0.258819045102521,-0.9659258262890682,-0.9427611433904206,-0.33346877891818705
2025-09-11 12:00:00+00:00,17.541666666666668,100.0,451.5,25.299999237060547,85.0,4.300000190734863,0.0,17.8,91,0.0,0.0,8.4,1.2246467991473532e-16,-1.0,-0.9427611433904206,-0.33346877891818705
2025-09-11 13:00:00+00:00,17.616666952768963,100.0,506.1666666666667,25.299999237060547,85.0,4.300000190734863,0.0,17.5,91,0.0,0.0,5.7,-0.2588190451025208,-0.9659258262890683,-0.9427611433904206,-0.33346877891818705
2025-09-11 14:00:00+00:00,17.12500015894572,100.0,552.4166666666666,25.299999237060547,85.0,4.300000190734863,0.0,17.0,91,0.0,0.0,6.2,-0.4999999999999997,-0.8660254037844388,-0.9427611433904206,-0.33346877891818705
2025-09-11 15:00:00+00:00,16.800000190734863,100.0,596.6666666666666,25.299999237060547,85.0,4.300000190734863,0.0,16.7,91,0.0,0.0,6.6,-0.7071067811865471,-0.7071067811865479,-0.9427611433904206,-0.33346877891818705
2025-09-11 16:00:00+00:00,16.458333492279053,100.0,637.25,25.299999237060547,85.0,4.300000190734863,0.0,16.4,91,0.0,0.0,7.1,-0.8660254037844384,-0.5000000000000004,-0.9427611433904206,-0.33346877891818705
2025-09-11 17:00:00+00:00,16.066666920979817,100.0,675.0,25.299999237060547,85.0,4.300000190734863,0.0,16.0,93,0.0,0.0,8.6,-0.9659258262890683,-0.25881904510252063,-0.9427611433904206,-0.33346877891818705
2025-09-11 18:00:00+00:00,15.366666793823242,100.0,702.5833333333334,25.299999237060547,85.0,4.300000190734863,0.0,15.8,94,0.0,0.0,9.1,-1.0,-1.8369701987210297e-16,-0.9427611433904206,-0.33346877891818705
2025-09-11 19:00:00+00:00,14.841666539510092,100.0,735.5833333333334,25.299999237060547,85.0,4.300000190734863,0.0,15.5,95,0.0,0.0,7.7,-0.9659258262890684,0.2588190451025203,-0.9427611433904206,-0.33346877891818705
2025-09-11 20:00:00+00:00,15.974999984105429,100.0,762.0833333333334,25.299999237060547,85.0,4.300000190734863,0.0,15.1,97,0.0,0.0,6.5,-0.8660254037844386,0.5000000000000001,-0.9427611433904206,-0.33346877891818705
2025-09-11 21:00:00+00:00,18.333333492279053,100.0,702.0,25.299999237060547,85.0,4.300000190734863,0.0,15.4,95,21.0,0.0,6.9,-0.7071067811865477,0.7071067811865474,-0.9427611433904206,-0.33346877891818705
2025-09-11 22:00:00+00:00,21.216666221618652,98.0,449.6666666666667,25.299999237060547,85.0,4.300000190734863,0.0,16.3,92,114.0,0.0,5.9,-0.5000000000000004,0.8660254037844384,-0.9427611433904206,-0.33346877891818705
2025-09-11 23:00:00+00:00,23.766666253407795,90.41666666666667,288.5,25.299999237060547,85.0,4.300000190734863,0.0,17.8,88,267.0,0.0,5.9,-0.25881904510252157,0.9659258262890681,-0.9427611433904206,-0.33346877891818705
2025-09-12 00:00:00+00:00,27.333333333333332,83.08333333333333,278.75,25.299999237060547,85.0,4.300000190734863,0.0,20.0,79,460.0,0.0,5.2,0.0,1.0,-0.9483615800121716,-0.31719128858910595
2025-09-12 01:00:00+00:00,29.016666889190674,74.16666666666667,276.4166666666667,25.299999237060547,85.0,4.300000190734863,0.0,21.9,68,608.0,0.0,2.7,0.25881904510252074,0.9659258262890683,-0.9483615800121716,-0.31719128858910595
2025-09-12 02:00:00+00:00,29.450000127156574,69.0,282.6666666666667,25.299999237060547,85.0,4.300000190734863,0.0,23.5,64,700.0,0.0,6.4,0.49999999999999994,0.8660254037844387,-0.9483615800121716,-0.31719128858910595
2025-09-12 03:00:00+00:00,29.341666380564373,65.91666666666667,288.8333333333333,25.299999237060547,85.0,4.300000190734863,0.0,24.5,60,702.0,0.0,9.6,0.7071067811865475,0.7071067811865476,-0.9483615800121716,-0.31719128858910595
2025-09-12 04:00:00+00:00,28.88333336512248,65.41666666666667,285.0,25.299999237060547,85.0,4.300000190734863,0.0,24.6,57,708.0,0.0,13.8,0.8660254037844386,0.5000000000000001,-0.9483615800121716,-0.31719128858910595
2025-09-12 05:00:00+00:00,28.88333336512248,70.58333333333333,280.1666666666667,25.299999237060547,85.0,4.300000190734863,0.0,23.9,62,634.0,0.0,15.8,0.9659258262890683,0.25881904510252074,-0.9483615800121716,-0.31719128858910595
2025-09-12 06:00:00+00:00,28.166666825612385,74.58333333333333,269.8333333333333,25.299999237060547,85.0,4.300000190734863,0.0,23.2,69,482.0,0.0,15.5,1.0,6.123233995736766e-17,-0.9483615800121716,-0.31719128858910595
2025-09-12 07:00:00+00:00,25.925000031789143,83.08333333333333,266.0833333333333,25.299999237060547,85.0,4.300000190734863,0.0,22.3,75,333.0,0.0,16.6,0.9659258262890683,-0.25881904510252063,-0.9483615800121716,-0.31719128858910595
2025-09-12 08:00:00+00:00,21.925000031789143,92.08333333333333,291.4166666666667,25.299999237060547,85.0,4.300000190734863,0.0,20.9,84,143.0,0.0,14.0,0.8660254037844387,-0.4999999999999998,-0.9483615800121716,-0.31719128858910595
2025-09-12 09:00:00+00:00,20.758333524068195,96.83333333333333,301.25,25.299999237060547,85.0,4.300000190734863,0.0,20.0,89,23.0,0.0,10.8,0.7071067811865476,-0.7071067811865475,-0.9483615800121716,-0.31719128858910595
2025-09-12 10:00:00+00:00,20.233333269755047,98.33333333333333,307.5833333333333,25.299999237060547,85.0,4.300000190734863,0.0,19.2,93,0.0,0.0,10.6,0.49999999999999994,-0.8660254037844387,-0.9483615800121716,-0.31719128858910595
2025-09-12 11:00:00+00:00,19.583333492279053,99.16666666666667,310.1666666666667,25.299999237060547,85.0,4.300000190734863,0.0,19.0,95,0.0,0.0,10.6,0.258819045102521,-0.9659258262890682,-0.9483615800121716,-0.31719128858910595
2025-09-12 12:00:00+00:00,19.18333339691162,99.0,308.8333333333333,25.299999237060547,85.0,4.300000190734863,0.0,18.8,97,0.0,0.0,12.0,1.2246467991473532e-16,-1.0,-0.9483615800121716,-0.31719128858910595
2025-09-12 13:00:00+00:00,18.84999958674113,99.75,308.1666666666667,25.299999237060547,85.0,4.300000190734863,0.0,19.0,97,0.0,0.0,11.8,-0.2588190451025208,-0.9659258262890683,-0.9483615800121716,-0.31719128858910595
2025-09-12 14:00:00+00:00,18.65833346048991,100.0,316.1666666666667,25.299999237060547,85.0,4.300000190734863,0.0,18.9,97,0.0,0.0,13.5,-0.4999999999999997,-0.8660254037844388,-0.9483615800121716,-0.31719128858910595
2025-09-12 15:00:00+00:00,18.375000317891438,99.91666666666667,313.0833333333333,25.299999237060547,85.0,4.300000190734863,0.0,18.8,96,0.0,0.0,13.7,-0.7071067811865471,-0.7071067811865479,-0.9483615800121716,-0.31719128858910595
2025-09-12 16:00:00+00:00,17.97499990463257,100.0,357.0,25.299999237060547,85.0,4.300000190734863,0.0,18.5,96,0.0,0.0,14.4,-0.8660254037844384,-0.5000000000000004,-0.9483615800121716,-0.31719128858910595
2025-09-12 17:00:00+00:00,17.69166660308838,100.0,412.3333333333333,25.299999237060547,85.0,4.300000190734863,0.0,18.2,94,0.0,0.0,14.9,-0.9659258262890683,-0.25881904510252063,-0.9483615800121716,-0.31719128858910595
2025-09-12 18:00:00+00:00,17.65833346048991,100.0,457.3333333333333,25.299999237060547,85.0,4.300000190734863,0.0,17.6,95,0.0,0.0,14.8,-1.0,-1.8369701987210297e-16,-0.9483615800121716,-0.31719128858910595
2025-09-12 19:00:00+00:00,18.016666730244953,100.0,506.75,25.299999237060547,85.0,4.300000190734863,0.0,17.8,94,0.0,0.0,13.8,-0.9659258262890684,0.2588190451025203,-0.9483615800121716,-0.31719128858910595
2025-09-12 20:00:00+00:00,18.449999968210857,100.0,536.1666666666666,25.299999237060547,85.0,4.300000190734863,0.0,18.1,94,0.0,0.0,14.7,-0.8660254037844386,0.5000000000000001,-0.9483615800121716,-0.31719128858910595
2025-09-12 21:00:00+00:00,19.94166644414266,100.0,405.0833333333333,25.299999237060547,85.0,4.300000190734863,0.0,18.8,93,20.0,0.1,15.2,-0.7071067811865477,0.7071067811865474,-0.9483615800121716,-0.31719128858910595
2025-09-12 22:00:00+00:00,21.433333079020183,96.66666666666667,280.6666666666667,25.299999237060547,85.0,4.300000190734863,0.0,19.7,89,111.0,0.1,17.2,-0.5000000000000004,0.8660254037844384,-0.9483615800121716,-0.31719128858910595
2025-09-12 23:00:00+00:00,23.74166663487752,88.16666666666667,266.0,25.299999237060547,85.0,4.300000190734863,0.0,20.9,84,248.0,0.1,22.8,-0.25881904510252157,0.9659258262890681,-0.9483615800121716,-0.31719128858910595
2025-09-13 00:00:00+00:00,25.19166660308838,82.0,263.0833333333333,25.299999237060547,85.0,4.300000190734863,0.0,21.5,80,309.0,0.0,25.8,0.0,1.0,-0.9536809966304455,-0.300819807635668
2025-09-13 01:00:00+00:00,25.39999993642171,83.33333333333333,258.75,25.299999237060547,85.0,4.300000190734863,0.0,23.0,73,479.0,0.0,27.6,0.25881904510252074,0.9659258262890683,-0.9536809966304455,-0.300819807635668
2025-09-13 02:00:00+00:00,26.3166667620341,87.83333333333333,248.66666666666666,25.299999237060547,85.0,4.300000190734863,0.0,22.5,75,314.0,0.1,28.0,0.49999999999999994,0.8660254037844387,-0.9536809966304455,-0.300819807635668
2025-09-13 03:00:00+00:00,26.62499984105428,94.83333333333333,247.0,25.299999237060547,85.0,4.300000190734863,0.0,22.2,78,244.0,0.2,27.8,0.7071067811865475,0.7071067811865476,-0.9536809966304455,-0.300819807635668
2025-09-13 04:00:00+00:00,25.22500006357829,97.08333333333333,267.0,25.299999237060547,85.0,4.300000190734863,0.0,22.5,78,426.0,0.3,29.1,0.8660254037844386,0.5000000000000001,-0.9536809966304455,-0.300819807635668
2025-09-13 05:00:00+00:00,23.058332920074463,97.83333333333333,295.4166666666667,25.299999237060547,85.0,4.300000190734863,0.0,20.9,88,44.0,1.0,22.4,0.9659258262890683,0.25881904510252074,-0.9536809966304455,-0.300819807635668
2025-09-13 06:00:00+00:00,22.4333332379659,98.75,292.5833333333333,25.299999237060547,85.0,4.300000190734863,0.0,19.9,95,56.0,1.1,23.0,1.0,6.123233995736766e-17,-0.9536809966304455,-0.300819807635668
2025-09-13 07:00:00+00:00,20.641666730244953,99.58333333333333,299.5,25.299999237060547,85.0,4.300000190734863,0.0,19.4,95,28.0,2.1,27.0,0.9659258262890683,-0.25881904510252063,-0.9536809966304455,-0.300819807635668
2025-09-13 08:00:00+00:00,18.199999809265137,99.33333333333333,301.25,25.299999237060547,85.0,4.300000190734863,0.0,19.0,95,13.0,2.8,27.4,0.8660254037844387,-0.4999999999999998,-0.9536809966304455,-0.300819807635668
2025-09-13 09:00:00+00:00,18.233333269755047,100.0,313.5833333333333,25.299999237060547,85.0,4.300000190734863,0.0,18.8,95,2.0,4.4,28.2,0.7071067811865476,-0.7071067811865475,-0.9536809966304455,-0.300819807635668
2025-09-13 10:00:00+00:00,18.241666952768963,100.0,320.3333333333333,25.299999237060547,85.0,4.300000190734863,0.0,18.6,95,0.0,12.9,26.1,0.49999999999999994,-0.8660254037844387,-0.9536809966304455,-0.300819807635668
2025-09-13 11:00:00+00:00,18.424999872843426,100.0,306.5833333333333,25.299999237060547,85.0,4.300000190734863,0.0,19.2,95,0.0,7.8,35.5,0.258819045102521,-0.9659258262890682,-0.9536809966304455,-0.300819807635668
2025-09-13 12:00:00+00:00,19.925000031789143,100.0,291.8333333333333,25.299999237060547,85.0,4.300000190734863,0.0,19.9,98,0.0,3.9,38.3,1.2246467991473532e-16,-1.0,-0.9536809966304455,-0.300819807635668
2025-09-13 13:00:00+00:00,21.62499984105428,100.0,293.25,25.299999237060547,85.0,4.300000190734863,0.0,20.8,97,0.0,12.2,38.5,-0.2588190451025208,-0.9659258262890683,-0.9536809966304455,-0.300819807635668
2025-09-13 14:00:00+00:00,22.61666711171468,100.0,295.8333333333333,25.299999237060547,85.0,4.300000190734863,0.0,22.5,97,0.0,6.1,40.1,-0.4999999999999997,-0.8660254037844388,-0.9536809966304455,-0.300819807635668
2025-09-13 15:00:00+00:00,22.758333047231037,100.0,295.25,25.299999237060547,85.0,4.300000190734863,0.0,22.5,97,0.0,5.7,40.6,-0.7071067811865471,-0.7071067811865479,-0.9536809966304455,-0.300819807635668
2025-09-13 16:00:00+00:00,22.833332697550457,100.0,295.9166666666667,25.299999237060547,85.0,4.300000190734863,0.0,22.5,97,0.0,2.9,39.0,-0.8660254037844384,-0.5000000000000004,-0.9536809966304455,-0.300819807635668
2025-09-13 17:00:00+00:00,22.68333339691162,99.08333333333333,294.3333333333333,25.299999237060547,85.0,4.300000190734863,0.0,23.0,94,0.0,0.1,29.3,-0.9659258262890683,-0.25881904510252063,-0.9536809966304455,-0.300819807635668
2025-09-13 18:00:00+00:00,21.391666571299236,98.58333333333333,292.6666666666667,25.299999237060547,85.0,4.300000190734863,0.0,22.4,94,0.0,0.1,16.9,-1.0,-1.8369701987210297e-16,-0.9536809966304455,-0.300819807635668
2025-09-13 19:00:00+00:00,19.38333336512248,98.0,287.25,25.299999237060547,85.0,4.300000190734863,0.0,21.5,95,0.0,0.0,11.3,-0.9659258262890684,0.2588190451025203,-0.9536809966304455,-0.300819807635668
2025-09-13 20:00:00+00:00,19.53333314259847,97.0,288.8333333333333,25.299999237060547,85.0,4.300000190734863,0.0,20.2,84,0.0,0.0,19.9,-0.8660254037844386,0.5000000000000001,-0.9536809966304455,-0.300819807635668
2025-09-13 21:00:00+00:00,20.108333587646484,96.83333333333333,280.6666666666667,25.299999237060547,85.0,4.300000190734863,0.0,20.2,84,22.0,0.0,27.9,-0.7071067811865477,0.7071067811865474,-0.9536809966304455,-0.300819807635668
2025-09-13 22:00:00+00:00,21.34166685740153,90.83333333333333,271.0,25.299999237060547,85.0,4.300000190734863,0.0,20.2,83,138.0,0.0,29.6,-0.5000000000000004,0.8660254037844384,-0.9536809966304455,-0.300819807635668
2025-09-13 23:00:00+00:00,23.21666669845581,83.58333333333333,264.0833333333333,25.299999237060547,85.0,4.300000190734863,0.0,21.0,75,298.0,0.0,28.6,-0.25881904510252157,0.9659258262890681,-0.9536809966304455,-0.300819807635668
2025-09-14 00:00:00+00:00,25.125,77.25,266.6666666666667,25.299999237060547,85.0,4.300000190734863,0.0,21.9,72,419.0,0.0,26.1,0.0,1.0,-0.9587178169872964,-0.2843591872810036
2025-09-14 01:00:00+00:00,25.925000031789143,72.75,266.1666666666667,25.299999237060547,85.0,4.300000190734863,0.0,21.6,65,482.0,0.0,35.9,0.25881904510252074,0.9659258262890683,-0.9587178169872964,-0.2843591872810036
2025-09-14 02:00:00+00:00,26.666666666666668,71.25,266.5833333333333,25.299999237060547,85.0,4.300000190734863,0.0,21.6,60,733.0,0.0,33.3,0.49999999999999994,0.8660254037844387,-0.9587178169872964,-0.2843591872810036
2025-09-14 03:00:00+00:00,27.233333269755047,68.41666666666667,274.5833333333333,25.299999237060547,85.0,4.300000190734863,0.0,22.1,56,632.0,0.0,37.6,0.7071067811865475,0.7071067811865476,-0.9587178169872964,-0.2843591872810036
2025-09-14 04:00:00+00:00,27.449999809265137,68.0,271.9166666666667,25.299999237060547,85.0,4.300000190734863,0.0,22.2,57,611.0,0.0,35.0,0.8660254037844386,0.5000000000000001,-0.9587178169872964,-0.2843591872810036
2025-09-14 05:00:00+00:00,27.875,69.83333333333333,268.3333333333333,25.299999237060547,85.0,4.300000190734863,0.0,22.3,58,558.0,0.0,31.5,0.9659258262890683,0.25881904510252074,-0.9587178169872964,-0.2843591872810036
2025-09-14 06:00:00+00:00,27.475000222524006,72.25,259.0833333333333,25.299999237060547,85.0,4.300000190734863,0.0,22.3,58,485.0,0.0,27.6,1.0,6.123233995736766e-17,-0.9587178169872964,-0.2843591872810036
2025-09-14 07:00:00+00:00,27.09166653951009,87.16666666666667,234.16666666666666,25.299999237060547,85.0,4.300000190734863,0.0,21.5,65,259.0,0.0,20.1,0.9659258262890683,-0.25881904510252063,-0.9587178169872964,-0.2843591872810036
2025-09-14 08:00:00+00:00,20.36666663487752,84.66666666666667,276.1666666666667,25.299999237060547,85.0,4.300000190734863,0.0,20.5,70,160.0,0.0,17.0,0.8660254037844387,-0.4999999999999998,-0.9587178169872964,-0.2843591872810036
2025-09-14 09:00:00+00:00,18.491666793823242,94.83333333333333,300.6666666666667,25.299999237060547,85.0,4.300000190734863,0.0,19.0,76,24.0,0.0,12.9,0.7071067811865476,-0.7071067811865475,-0.9587178169872964,-0.2843591872810036
2025-09-14 10:00:00+00:00,17.78333314259847,99.91666666666667,348.8333333333333,25.299999237060547,85.0,4.300000190734863,0.0,18.0,82,0.0,0.0,8.7,0.49999999999999994,-0.8660254037844387,-0.9587178169872964,-0.2843591872810036
2025-09-14 11:00:00+00:00,17.13333288828532,100.0,406.5833333333333,25.299999237060547,85.0,4.300000190734863,0.0,17.0,87,0.0,0.0,5.9,0.258819045102521,-0.9659258262890682,-0.9587178169872964,-0.2843591872810036
2025-09-14 12:00:00+00:00,16.483333428700764,100.0,456.9166666666667,25.299999237060547,85.0,4.300000190734863,0.0,15.8,89,0.0,0.0,3.4,1.2246467991473532e-16,-1.0,-0.9587178169872964,-0.2843591872810036
2025-09-14 13:00:00+00:00,15.825000047683716,100.0,498.25,25.299999237060547,85.0,4.300000190734863,0.0,14.4,94,0.0,0.0,1.2,-0.2588190451025208,-0.9659258262890683,-0.9587178169872964,-0.2843591872810036
2025-09-14 14:00:00+00:00,15.25000007947286,100.0,534.9166666666666,25.299999237060547,85.0,4.300000190734863,0.0,14.1,94,0.0,0.0,2.7,-0.4999999999999997,-0.8660254037844388,-0.9587178169872964,-0.2843591872810036
2025-09-14 15:00:00+00:00,14.81666668256124,100.0,563.6666666666666,25.299999237060547,85.0,4.300000190734863,0.0,13.8,95,0.0,0.0,3.8,-0.7071067811865471,-0.7071067811865479,-0.9587178169872964,-0.2843591872810036
2025-09-14 16:00:00+00:00,14.266666730244955,100.0,589.3333333333334,25.299999237060547,85.0,4.300000190734863,0.0,14.2,93,0.0,0.0,5.6,-0.8660254037844384,-0.5000000000000004,-0.9587178169872964,-0.2843591872810036
2025-09-14 17:00:00+00:00,14.12500007947286,100.0,611.75,25.299999237060547,85.0,4.300000190734863,0.0,14.8,91,0.0,0.0,9.0,-0.9659258262890683,-0.25881904510252063,-0.9587178169872964,-0.2843591872810036
2025-09-14 18:00:00+00:00,14.5,100.0,622.5833333333334,25.299999237060547,85.0,4.300000190734863,0.0,14.6,90,0.0,0.0,10.2,-1.0,-1.8369701987210297e-16,-0.9587178169872964,-0.2843591872810036
2025-09-14 19:00:00+00:00,14.575000047683716,100.0,639.8333333333334,25.299999237060547,85.0,4.300000190734863,0.0,14.6,91,0.0,0.0,10.8,-0.9659258262890684,0.2588190451025203,-0.9587178169872964,-0.2843591872810036
2025-09-14 20:00:00+00:00,15.56666668256124,100.0,642.5,25.299999237060547,85.0,4.300000190734863,0.0,14.8,93,0.0,0.0,10.9,-0.8660254037844386,0.5000000000000001,-0.9587178169872964,-0.2843591872810036
2025-09-14 21:00:00+00:00,17.84166669845581,100.0,551.0833333333334,25.299999237060547,85.0,4.300000190734863,0.0,15.9,93,25.0,0.0,10.6,-0.7071067811865477,0.7071067811865474,-0.9587178169872964,-0.2843591872810036
2025-09-14 22:00:00+00:00,20.9416667620341,99.5,364.3333333333333,25.299999237060547,85.0,4.300000190734863,0.0,18.5,89,165.0,0.0,10.4,-0.5000000000000004,0.8660254037844384,-0.9587178169872964,-0.2843591872810036
2025-09-14 23:00:00+00:00,23.608333428700764,91.0,274.8333333333333,25.299999237060547,85.0,4.300000190734863,0.0,21.0,81,346.0,0.0,13.2,-0.25881904510252157,0.9659258262890681,-0.9587178169872964,-0.2843591872810036
2025-09-15 00:00:00+00:00,26.266667048136394,81.08333333333333,273.5,25.299999237060547,85.0,4.300000190734863,0.0,22.6,71,498.0,0.0,21.8,0.0,1.0,-0.9634705485641486,-0.26781430516217486
2025-09-15 01:00:00+00:00,27.78333330154419,76.33333333333333,282.3333333333333,25.299999237060547,85.0,4.300000190734863,0.0,23.4,67,575.0,0.0,21.3,0.25881904510252074,0.9659258262890683,-0.9634705485641486,-0.26781430516217486
2025-09-15 02:00:00+00:00,27.61666663487752,74.91666666666667,278.25,25.299999237060547,85.0,4.300000190734863,0.0,23.8,67,557.0,0.0,22.9,0.49999999999999994,0.8660254037844387,-0.9634705485641486,-0.26781430516217486
2025-09-15 03:00:00+00:00,28.950000127156574,72.83333333333333,278.1666666666667,25.299999237060547,85.0,4.300000190734863,0.0,24.4,65,654.0,0.0,23.7,0.7071067811865475,0.7071067811865476,-0.9634705485641486,-0.26781430516217486
2025-09-15 04:00:00+00:00,28.4333332379659,73.66666666666667,276.3333333333333,25.299999237060547,85.0,4.300000190734863,0.0,24.5,65,675.0,0.0,21.9,0.8660254037844386,0.5000000000000001,-0.9634705485641486,-0.26781430516217486
2025-09-15 05:00:00+00:00,28.666666507720947,74.83333333333333,272.6666666666667,25.299999237060547,85.0,4.300000190734863,0.0,24.2,67,582.0,0.0,21.0,0.9659258262890683,0.25881904510252074,-0.9634705485641486,-0.26781430516217486
2025-09-15 06:00:00+00:00,27.858333269755047,80.33333333333333,263.75,25.299999237060547,85.0,4.300000190734863,0.0,23.4,73,421.0,0.0,21.3,1.0,6.123233995736766e-17,-0.9634705485641486,-0.26781430516217486
2025-09-15 07:00:00+00:00,25.958333333333332,86.16666666666667,271.5833333333333,25.299999237060547,85.0,4.300000190734863,0.0,23.0,76,277.0,0.0,17.4,0.9659258262890683,-0.25881904510252063,-0.9634705485641486,-0.26781430516217486
2025-09-15 08:00:00+00:00,22.19166660308838,92.0,294.5,25.299999237060547,85.0,4.300000190734863,0.0,22.3,82,127.0,0.0,15.2,0.8660254037844387,-0.4999999999999998,-0.9634705485641486,-0.26781430516217486
2025-09-15 09:00:00+00:00,21.300000031789143,95.33333333333333,302.25,25.299999237060547,85.0,4.300000190734863,0.0,21.5,85,17.0,0.0,12.6,0.7071067811865476,-0.7071067811865475,-0.9634705485641486,-0.26781430516217486
2025-09-15 10:00:00+00:00,21.12500015894572,96.16666666666667,301.5,25.299999237060547,85.0,4.300000190734863,0.0,21.4,84,0.0,0.0,12.8,0.49999999999999994,-0.8660254037844387,-0.9634705485641486,-0.26781430516217486
2025-09-15 11:00:00+00:00,20.891666889190674,97.16666666666667,304.5833333333333,25.299999237060547,85.0,4.300000190734863,0.0,21.1,85,0.0,0.0,13.8,0.258819045102521,-0.9659258262890682,-0.9634705485641486,-0.26781430516217486
2025-09-15 12:00:00+00:00,20.550000190734863,98.75,304.4166666666667,25.299999237060547,85.0,4.300000190734863,0.0,20.5,89,0.0,0.0,12.7,1.2246467991473532e-16,-1.0,-0.9634705485641486,-0.26781430516217486
2025-09-15 13:00:00+00:00,19.78333330154419,99.91666666666667,311.1666666666667,25.299999237060547,85.0,4.300000190734863,0.0,20.2,92,0.0,0.0,11.2,-0.2588190451025208,-0.9659258262890683,-0.9634705485641486,-0.26781430516217486
2025-09-15 14:00:00+00:00,18.90833346048991,100.0,328.3333333333333,25.299999237060547,85.0,4.300000190734863,0.0,20.0,93,0.0,0.0,9.6,-0.4999999999999997,-0.8660254037844388,-0.9634705485641486,-0.26781430516217486
2025-09-15 15:00:00+00:00,17.799999713897705,100.0,350.5,25.299999237060547,85.0,4.300000190734863,0.0,19.5,94,0.0,0.0,7.5,-0.7071067811865471,-0.7071067811865479,-0.9634705485641486,-0.26781430516217486
2025-09-15 16:00:00+00:00,17.350000381469727,100.0,399.25,25.299999237060547,85.0,4.300000190734863,0.0,18.9,93,0.0,0.0,7.3,-0.8660254037844384,-0.5000000000000004,-0.9634705485641486,-0.26781430516217486
2025-09-15 17:00:00+00:00,16.74166663487752,100.0,438.0833333333333,25.299999237060547,85.0,4.300000190734863,0.0,17.7,93,0.0,0.0,5.4,-0.9659258262890683,-0.25881904510252063,-0.9634705485641486,-0.26781430516217486
2025-09-15 18:00:00+00:00,16.09999990463257,100.0,467.0833333333333,25.299999237060547,85.0,4.300000190734863,0.0,16.8,94,0.0,0.0,2.9,-1.0,-1.8369701987210297e-16,-0.9634705485641486,-0.26781430516217486
2025-09-15 19:00:00+00:00,15.633333365122477,100.0,484.0,25.299999237060547,85.0,4.300000190734863,0.0,16.5,93,0.0,0.0,3.5,-0.9659258262890684,0.2588190451025203,-0.9634705485641486,-0.26781430516217486
2025-09-15 20:00:00+00:00,15.71666677792867,100.0,487.5,25.299999237060547,85.0,4.300000190734863,0.0,15.4,96,0.0,0.0,3.6,-0.8660254037844386,0.5000000000000001,-0.9634705485641486,-0.26781430516217486
2025-09-15 21:00:00+00:00,17.78333346048991,100.0,428.9166666666667,25.299999237060547,85.0,4.300000190734863,0.0,14.6,100,22.0,0.0,2.3,-0.7071067811865477,0.7071067811865474,-0.9634705485641486,-0.26781430516217486
2025-09-15 22:00:00+00:00,21.200000127156574,98.41666666666667,300.3333333333333,25.299999237060547,85.0,4.300000190734863,0.0,17.5,97,137.0,0.0,2.5,-0.5000000000000004,0.8660254037844384,-0.9634705485641486,-0.26781430516217486
2025-09-15 23:00:00+00:00,24.237500190734863,90.375,263.125,25.299999237060547,85.0,4.300000190734863,0.0,20.8,87,288.0,0.0,3.2,-0.25881904510252157,0.9659258262890681,-0.9634705485641486,-0.26781430516217486
2025-09-16 00:00:00+00:00,27.600000222524006,75.16666666666667,267.4166666666667,25.299999237060547,85.0,4.300000190734863,0.0,22.6,71,508.0,0.0,5.6,0.0,1.0,-0.9679377830240641,-0.25119006388481957
2025-09-16 01:00:00+00:00,29.22222222222222,64.22222222222223,280.6666666666667,25.299999237060547,85.0,4.300000190734863,0.0,24.2,60,644.0,0.0,5.2,0.25881904510252074,0.9659258262890683,-0.9679377830240641,-0.25119006388481957
2025-09-16 02:00:00+00:00,29.97499990463257,60.083333333333336,285.4166666666667,25.299999237060547,85.0,4.300000190734863,0.0,25.1,54,725.0,0.0,4.3,0.49999999999999994,0.8660254037844387,-0.9679377830240641,-0.25119006388481957
2025-09-16 03:00:00+00:00,30.34999958674113,58.75,279.9166666666667,25.299999237060547,85.0,4.300000190734863,0.0,25.6,51,690.0,0.0,4.0,0.7071067811865475,0.7071067811865476,-0.9679377830240641,-0.25119006388481957
2025-09-16 04:00:00+00:00,30.550000031789143,58.333333333333336,277.3333333333333,25.299999237060547,85.0,4.300000190734863,0.0,26.0,49,694.0,0.0,6.0,0.8660254037844386,0.5000000000000001,-0.9679377830240641,-0.25119006388481957
2025-09-16 05:00:00+00:00,29.27500009536743,58.416666666666664,270.75,25.299999237060547,85.0,4.300000190734863,0.0,26.1,44,621.0,0.0,5.7,0.9659258262890683,0.25881904510252074,-0.9679377830240641,-0.25119006388481957
2025-09-16 06:00:00+00:00,28.625,61.833333333333336,271.25,25.299999237060547,85.0,4.300000190734863,0.0,25.8,45,497.0,0.0,5.8,1.0,6.123233995736766e-17,-0.9679377830240641,-0.25119006388481957
2025-09-16 07:00:00+00:00,27.283332983652752,82.33333333333333,280.0833333333333,25.299999237060547,85.0,4.300000190734863,0.0,24.9,55,331.0,0.0,5.2,0.9659258262890683,-0.25881904510252063,-0.9679377830240641,-0.25119006388481957
2025-09-16 08:00:00+00:00,21.416666666666668,86.16666666666667,298.1666666666667,25.299999237060547,85.0,4.300000190734863,0.0,23.0,69,147.0,0.0,2.7,0.8660254037844387,-0.4999999999999998,-0.9679377830240641,-0.25119006388481957
2025-09-16 09:00:00+00:00,19.52499993642171,92.0,316.25,25.299999237060547,85.0,4.300000190734863,0.0,20.5,70,18.0,0.0,2.7,0.7071067811865476,-0.7071067811865475,-0.9679377830240641,-0.25119006388481957
2025-09-16 10:00:00+00:00,19.03333330154419,92.16666666666667,326.0,25.299999237060547,85.0,4.300000190734863,0.0,18.5,77,0.0,0.0,5.2,0.49999999999999994,-0.8660254037844387,-0.9679377830240641,-0.25119006388481957
2025-09-16 11:00:00+00:00,18.291666348775227,95.16666666666667,330.5,25.299999237060547,85.0,4.300000190734863,0.0,18.5,77,0.0,0.0,6.5,0.258819045102521,-0.9659258262890682,-0.9679377830240641,-0.25119006388481957
2025-09-16 12:00:00+00:00,18.21666669845581,99.66666666666667,356.25,25.299999237060547,85.0,4.300000190734863,0.0,17.9,83,0.0,0.0,6.3,1.2246467991473532e-16,-1.0,-0.9679377830240641,-0.25119006388481957
2025-09-16 13:00:00+00:00,18.274999618530273,99.91666666666667,353.6666666666667,25.299999237060547,85.0,4.300000190734863,0.0,18.2,80,0.0,0.0,9.7,-0.2588190451025208,-0.9659258262890683,-0.9679377830240641,-0.25119006388481957
2025-09-16 14:00:00+00:00,19.033333619435627,98.41666666666667,323.3333333333333,25.299999237060547,85.0,4.300000190734863,0.0,18.8,73,0.0,0.0,11.6,-0.4999999999999997,-0.8660254037844388,-0.9679377830240641,-0.25119006388481957
2025-09-16 15:00:00+00:00,18.96666685740153,96.25,306.1666666666667,25.299999237060547,85.0,4.300000190734863,0.0,19.2,74,0.0,0.0,13.9,-0.7071067811865471,-0.7071067811865479,-0.9679377830240641,-0.25119006388481957
2025-09-16 16:00:00+00:00,18.575000286102295,95.66666666666667,308.3333333333333,25.299999237060547,85.0,4.300000190734863,0.0,19.3,81,0.0,0.0,12.6,-0.8660254037844384,-0.5000000000000004,-0.9679377830240641,-0.25119006388481957
2025-09-16 17:00:00+00:00,18.6916667620341,95.58333333333333,308.6666666666667,25.299999237060547,85.0,4.300000190734863,0.0,19.1,85,0.0,0.0,13.5,-0.9659258262890683,-0.25881904510252063,-0.9679377830240641,-0.25119006388481957
2025-09-16 18:00:00+00:00,19.34166669845581,96.91666666666667,305.4166666666667,25.299999237060547,85.0,4.300000190734863,0.0,19.3,84,0.0,0.0,14.6,-1.0,-1.8369701987210297e-16,-0.9679377830240641,-0.25119006388481957
2025-09-16 19:00:00+00:00,19.866666158040363,96.0,302.4166666666667,25.299999237060547,85.0,4.300000190734863,0.0,20.1,84,0.0,0.0,17.9,-0.9659258262890684,0.2588190451025203,-0.9679377830240641,-0.25119006388481957
2025-09-16 20:00:00+00:00,20.091666380564373,96.91666666666667,304.5833333333333,25.299999237060547,85.0,4.300000190734863,0.0,20.5,88,0.0,0.0,16.6,-0.8660254037844386,0.5000000000000001,-0.9679377830240641,-0.25119006388481957
2025-09-16 21:00:00+00:00,20.89166641235352,99.0,305.0,25.299999237060547,85.0,4.300000190734863,0.0,20.7,89,5.0,0.0,15.6,-0.7071067811865477,0.7071067811865474,-0.9679377830240641,-0.25119006388481957
2025-09-16 22:00:00+00:00,21.69166644414266,99.41666666666667,303.5,25.299999237060547,85.0,4.300000190734863,0.0,20.1,96,32.0,2.1,16.9,-0.5000000000000004,0.8660254037844384,-0.9679377830240641,-0.25119006388481957
2025-09-16 23:00:00+00:00,23.200000286102295,97.0,289.0833333333333,25.299999237060547,85.0,4.300000190734863,0.0,21.0,94,88.0,0.4,13.3,-0.25881904510252157,0.9659258262890681,-0.9679377830240641,-0.25119006388481957
2025-09-17 00:00:00+00:00,24.28333330154419,93.75,280.5,25.299999237060547,85.0,4.300000190734863,0.0,22.6,89,186.0,0.0,7.1,0.0,1.0,-0.9721181966290612,-0.23449138957041052
2025-09-17 01:00:00+00:00,25.175000031789143,92.75,259.1666666666667,25.299999237060547,85.0,4.300000190734863,0.0,22.0,87,256.0,1.9,8.5,0.25881904510252074,0.9659258262890683,-0.9721181966290612,-0.23449138957041052
2025-09-17 02:00:00+00:00,27.675000031789143,80.08333333333333,258.1666666666667,25.299999237060547,85.0,4.300000190734863,0.0,23.6,72,497.0,0.0,15.9,0.49999999999999994,0.8660254037844387,-0.9721181966290612,-0.23449138957041052
2025-09-17 03:00:00+00:00,28.925000190734863,69.25,277.25,25.299999237060547,85.0,4.300000190734863,0.0,23.5,64,540.0,0.0,18.0,0.7071067811865475,0.7071067811865476,-0.9721181966290612,-0.23449138957041052
2025-09-17 04:00:00+00:00,28.800000031789143,70.83333333333333,273.75,25.299999237060547,85.0,4.300000190734863,0.0,23.6,60,649.0,0.0,17.1,0.8660254037844386,0.5000000000000001,-0.9721181966290612,-0.23449138957041052
2025-09-17 05:00:00+00:00,27.31666628519694,81.58333333333333,250.58333333333334,25.299999237060547,85.0,4.300000190734863,0.0,22.4,64,382.0,0.0,17.4,0.9659258262890683,0.25881904510252074,-0.9721181966290612,-0.23449138957041052
2025-09-17 06:00:00+00:00,26.833333492279053,92.16666666666667,234.83333333333334,25.299999237060547,85.0,4.300000190734863,0.0,20.5,71,129.0,0.0,18.3,1.0,6.123233995736766e-17,-0.9721181966290612,-0.23449138957041052
2025-09-17 07:00:00+00:00,24.300000031789143,93.58333333333333,227.91666666666666,25.299999237060547,85.0,4.300000190734863,0.0,19.9,73,91.0,0.0,17.3,0.9659258262890683,-0.25881904510252063,-0.9721181966290612,-0.23449138957041052
2025-09-17 08:00:00+00:00,19.516666571299236,83.33333333333333,287.75,25.299999237060547,85.0,4.300000190734863,0.0,19.1,75,35.0,0.0,15.4,0.8660254037844387,-0.4999999999999998,-0.9721181966290612,-0.23449138957041052
2025-09-17 09:00:00+00:00,18.300000190734863,92.66666666666667,304.9166666666667,25.299999237060547,85.0,4.300000190734863,0.0,18.7,76,6.0,0.0,13.3,0.7071067811865476,-0.7071067811865475,-0.9721181966290612,-0.23449138957041052
2025-09-17 10:00:00+00:00,18.11666711171468,99.75,348.6666666666667,25.299999237060547,85.0,4.300000190734863,0.0,18.5,77,0.0,0.0,10.4,0.49999999999999994,-0.8660254037844387,-0.9721181966290612,-0.23449138957041052
2025-09-17 11:00:00+00:00,18.049999872843426,100.0,399.25,25.299999237060547,85.0,4.300000190734863,0.0,18.0,79,0.0,0.0,7.2,0.258819045102521,-0.9659258262890682,-0.9721181966290612,-0.23449138957041052
2025-09-17 12:00:00+00:00,17.541666507720947,100.0,454.5833333333333,25.299999237060547,85.0,4.300000190734863,0.0,17.5,81,0.0,0.0,6.8,1.2246467991473532e-16,-1.0,-0.9721181966290612,-0.23449138957041052
2025-09-17 13:00:00+00:00,18.075000127156574,100.0,501.3333333333333,25.299999237060547,85.0,4.300000190734863,0.0,17.2,82,0.0,0.0,9.5,-0.2588190451025208,-0.9659258262890683,-0.9721181966290612,-0.23449138957041052
2025-09-17 14:00:00+00:00,18.00833336512248,100.0,532.4166666666666,25.299999237060547,85.0,4.300000190734863,0.0,17.2,81,0.0,0.0,7.8,-0.4999999999999997,-0.8660254037844388,-0.9721181966290612,-0.23449138957041052
2025-09-17 15:00:00+00:00,17.93333339691162,100.0,566.6666666666666,25.299999237060547,85.0,4.300000190734863,0.0,16.9,83,0.0,0.0,7.5,-0.7071067811865471,-0.7071067811865479,-0.9721181966290612,-0.23449138957041052
2025-09-17 16:00:00+00:00,17.324999968210857,100.0,602.0,25.299999237060547,85.0,4.300000190734863,0.0,16.2,85,0.0,0.0,7.7,-0.8660254037844384,-0.5000000000000004,-0.9721181966290612,-0.23449138957041052
2025-09-17 17:00:00+00:00,16.799999872843426,100.0,632.6666666666666,25.299999237060547,85.0,4.300000190734863,0.0,15.2,89,0.0,0.0,5.7,-0.9659258262890683,-0.25881904510252063,-0.9721181966290612,-0.23449138957041052
2025-09-17 18:00:00+00:00,16.333333015441895,100.0,658.0833333333334,25.299999237060547,85.0,4.300000190734863,0.0,15.1,90,0.0,0.0,3.7,-1.0,-1.8369701987210297e-16,-0.9721181966290612,-0.23449138957041052
2025-09-17 19:00:00+00:00,16.458333174387615,100.0,678.1666666666666,25.299999237060547,85.0,4.300000190734863,0.0,14.3,92,0.0,0.0,4.6,-0.9659258262890684,0.2588190451025203,-0.9721181966290612,-0.23449138957041052
2025-09-17 20:00:00+00:00,16.18333339691162,100.0,696.1666666666666,25.299999237060547,85.0,4.300000190734863,0.0,13.6,92,0.0,0.0,4.5,-0.8660254037844386,0.5000000000000001,-0.9721181966290612,-0.23449138957041052
2025-09-17 21:00:00+00:00,17.766666730244953,100.0,666.6666666666666,25.299999237060547,85.0,4.300000190734863,0.0,14.6,90,20.0,0.0,5.0,-0.7071067811865477,0.7071067811865474,-0.9721181966290612,-0.23449138957041052
2025-09-17 22:00:00+00:00,21.083333333333332,100.0,524.0,25.299999237060547,85.0,4.300000190734863,0.0,17.0,83,146.0,0.0,6.6,-0.5000000000000004,0.8660254037844384,-0.9721181966290612,-0.23449138957041052
2025-09-17 23:00:00+00:00,22.558333079020183,95.75,296.1666666666667,25.299999237060547,85.0,4.300000190734863,0.0,19.0,72,329.0,0.0,9.5,-0.25881904510252157,0.9659258262890681,-0.9721181966290612,-0.23449138957041052
2025-09-18 00:00:00+00:00,24.641666412353516,84.25,259.5833333333333,25.299999237060547,85.0,4.300000190734863,0.0,19.7,67,391.0,0.0,13.5,0.0,1.0,-0.9760105506323682,-0.21772323039653224
2025-09-18 01:00:00+00:00,25.424999872843426,77.75,266.5,25.299999237060547,85.0,4.300000190734863,0.0,20.2,64,344.0,0.0,13.2,0.25881904510252074,0.9659258262890683,-0.9760105506323682,-0.21772323039653224
2025-09-18 02:00:00+00:00,25.116666475931805,86.08333333333333,249.16666666666666,25.299999237060547,85.0,4.300000190734863,0.0,20.6,62,499.0,0.0,17.0,0.49999999999999994,0.8660254037844387,-0.9760105506323682,-0.21772323039653224
2025-09-18 03:00:00+00:00,27.541666666666668,73.16666666666667,253.0,25.299999237060547,85.0,4.300000190734863,0.0,20.5,63,589.0,0.0,18.4,0.7071067811865475,0.7071067811865476,-0.9760105506323682,-0.21772323039653224
2025-09-18 04:00:00+00:00,27.699999809265137,61.916666666666664,267.0833333333333,25.299999237060547,85.0,4.300000190734863,0.0,20.7,61,653.0,0.0,21.4,0.8660254037844386,0.5000000000000001,-0.9760105506323682,-0.21772323039653224
2025-09-18 05:00:00+00:00,27.449999968210857,61.833333333333336,257.1666666666667,25.299999237060547,85.0,4.300000190734863,0.0,20.5,60,581.0,0.0,22.6,0.9659258262890683,0.25881904510252074,-0.9760105506323682,-0.21772323039653224
2025-09-18 06:00:00+00:00,27.34999990463257,70.0,241.25,25.299999237060547,85.0,4.300000190734863,0.0,19.8,54,468.0,0.0,23.4,1.0,6.123233995736766e-17,-0.9760105506323682,-0.21772323039653224
2025-09-18 07:00:00+00:00,26.208333333333332,83.58333333333333,221.33333333333334,25.299999237060547,85.0,4.300000190734863,0.0,18.9,56,315.0,0.0,19.2,0.9659258262890683,-0.25881904510252063,-0.9760105506323682,-0.21772323039653224
2025-09-18 08:00:00+00:00,19.150000254313152,79.08333333333333,281.5833333333333,25.299999237060547,85.0,4.300000190734863,0.0,17.8,59,149.0,0.0,15.8,0.8660254037844387,-0.4999999999999998,-0.9760105506323682,-0.21772323039653224
2025-09-18 09:00:00+00:00,17.59166669845581,92.58333333333333,309.0,25.299999237060547,85.0,4.300000190734863,0.0,16.1,64,16.0,0.0,10.0,0.7071067811865476,-0.7071067811865475,-0.9760105506323682,-0.21772323039653224
2025-09-18 10:00:00+00:00,16.325000127156574,98.83333333333333,346.1666666666667,25.299999237060547,85.0,4.300000190734863,0.0,14.2,75,0.0,0.0,5.0,0.49999999999999994,-0.8660254037844387,-0.9760105506323682,-0.21772323039653224
2025-09-18 11:00:00+00:00,15.40833338101705,99.83333333333333,362.75,25.299999237060547,85.0,4.300000190734863,0.0,14.7,70,0.0,0.0,11.1,0.258819045102521,-0.9659258262890682,-0.9760105506323682,-0.21772323039653224
2025-09-18 12:00:00+00:00,14.558333396911621,99.58333333333333,336.8333333333333,25.299999237060547,85.0,4.300000190734863,0.0,14.8,66,0.0,0.0,11.6,1.2246467991473532e-16,-1.0,-0.9760105506323682,-0.21772323039653224
2025-09-18 13:00:00+00:00,14.466666539510092,100.0,332.6666666666667,25.299999237060547,85.0,4.300000190734863,0.0,14.8,70,0.0,0.0,13.9,-0.2588190451025208,-0.9659258262890683,-0.9760105506323682,-0.21772323039653224
2025-09-18 14:00:00+00:00,14.275000174840292,99.83333333333333,335.0,25.299999237060547,85.0,4.300000190734863,0.0,13.9,76,0.0,0.0,13.0,-0.4999999999999997,-0.8660254037844388,-0.9760105506323682,-0.21772323039653224
2025-09-18 15:00:00+00:00,13.491666793823242,100.0,347.0,25.299999237060547,85.0,4.300000190734863,0.0,13.1,81,0.0,0.0,10.3,-0.7071067811865471,-0.7071067811865479,-0.9760105506323682,-0.21772323039653224
2025-09-18 16:00:00+00:00,13.09166669845581,100.0,358.0,25.299999237060547,85.0,4.300000190734863,0.0,12.4,87,0.0,0.0,6.9,-0.8660254037844384,-0.5000000000000004,-0.9760105506323682,-0.21772323039653224
2025-09-18 17:00:00+00:00,12.483333428700766,100.0,363.0,25.299999237060547,85.0,4.300000190734863,0.0,11.7,89,0.0,0.0,5.2,-0.9659258262890683,-0.25881904510252063,-0.9760105506323682,-0.21772323039653224
2025-09-18 18:00:00+00:00,12.125000238418579,100.0,355.3333333333333,25.299999237060547,85.0,4.300000190734863,0.0,11.6,87,0.0,0.0,3.7,-1.0,-1.8369701987210297e-16,-0.9760105506323682,-0.21772323039653224
2025-09-18 19:00:00+00:00,11.599999904632568,100.0,373.0833333333333,25.299999237060547,85.0,4.300000190734863,0.0,11.6,88,0.0,0.0,3.7,-0.9659258262890684,0.2588190451025203,-0.9760105506323682,-0.21772323039653224
2025-09-18 20:00:00+00:00,12.150000015894571,100.0,383.5833333333333,25.299999237060547,85.0,4.300000190734863,0.0,11.3,86,0.0,0.0,2.8,-0.8660254037844386,0.5000000000000001,-0.9760105506323682,-0.21772323039653224
2025-09-18 21:00:00+00:00,15.291666746139526,100.0,338.9166666666667,25.299999237060547,85.0,4.300000190734863,0.0,11.8,88,19.0,0.0,2.5,-0.7071067811865477,0.7071067811865474,-0.9760105506323682,-0.21772323039653224
2025-09-18 22:00:00+00:00,20.40833346048991,97.5,254.5,25.299999237060547,85.0,4.300000190734863,0.0,14.5,81,144.0,0.0,4.7,-0.5000000000000004,0.8660254037844384,-0.9760105506323682,-0.21772323039653224
2025-09-18 23:00:00+00:00,24.425000190734863,88.75,248.91666666666666,25.299999237060547,85.0,4.300000190734863,0.0,17.0,71,320.0,0.0,2.1,-0.25881904510252157,0.9659258262890681,-0.9760105506323682,-0.21772323039653224
2025-09-19 00:00:00+00:00,26.491666793823242,71.75,269.5833333333333,25.299999237060547,85.0,4.300000190734863,0.0,18.8,62,481.0,0.0,3.6,0.0,1.0,-0.9796136916454901,-0.20089055513063528
2025-09-19 01:00:00+00:00,24.88333336512248,77.25,254.75,25.299999237060547,85.0,4.300000190734863,0.0,19.9,54,595.0,0.0,9.1,0.25881904510252074,0.9659258262890683,-0.9796136916454901,-0.20089055513063528
2025-09-19 02:00:00+00:00,28.166666507720947,61.166666666666664,270.1666666666667,25.299999237060547,85.0,4.300000190734863,0.0,20.5,50,635.0,0.0,10.1,0.49999999999999994,0.8660254037844387,-0.9796136916454901,-0.20089055513063528
2025-09-19 03:00:00+00:00,27.833333015441895,60.583333333333336,270.25,25.299999237060547,85.0,4.300000190734863,0.0,21.2,48,667.0,0.0,10.7,0.7071067811865475,0.7071067811865476,-0.9796136916454901,-0.20089055513063528
2025-09-19 04:00:00+00:00,26.88333336512248,69.16666666666667,254.75,25.299999237060547,85.0,4.300000190734863,0.0,21.2,46,620.0,0.0,10.9,0.8660254037844386,0.5000000000000001,-0.9796136916454901,-0.20089055513063528
2025-09-19 05:00:00+00:00,27.24166663487752,63.75,255.25,25.299999237060547,85.0,4.300000190734863,0.0,20.6,46,501.0,0.0,13.9,0.9659258262890683,0.25881904510252074,-0.9796136916454901,-0.20089055513063528
2025-09-19 06:00:00+00:00,27.016666730244953,82.08333333333333,223.58333333333334,25.299999237060547,85.0,4.300000190734863,0.0,19.7,48,444.0,0.0,16.5,1.0,6.123233995736766e-17,-0.9796136916454901,-0.20089055513063528
2025-09-19 07:00:00+00:00,24.14999993642171,85.66666666666667,214.75,25.299999237060547,85.0,4.300000190734863,0.0,18.8,53,292.0,0.0,13.6,0.9659258262890683,-0.25881904510252063,-0.9796136916454901,-0.20089055513063528
2025-09-19 08:00:00+00:00,17.516666571299236,92.0,295.0833333333333,25.299999237060547,85.0,4.300000190734863,0.0,17.2,56,136.0,0.0,12.1,0.8660254037844387,-0.4999999999999998,-0.9796136916454901,-0.20089055513063528
2025-09-19 09:00:00+00:00,16.016666650772095,99.83333333333333,353.5,25.299999237060547,85.0,4.300000190734863,0.0,15.5,62,14.0,0.0,8.9,0.7071067811865476,-0.7071067811865475,-0.9796136916454901,-0.20089055513063528
2025-09-19 10:00:00+00:00,14.866666793823242,100.0,408.1666666666667,25.299999237060547,85.0,4.300000190734863,0.0,14.2,68,0.0,0.0,7.1,0.49999999999999994,-0.8660254037844387,-0.9796136916454901,-0.20089055513063528
2025-09-19 11:00:00+00:00,14.275000015894571,100.0,450.6666666666667,25.299999237060547,85.0,4.300000190734863,0.0,13.5,72,0.0,0.0,6.2,0.258819045102521,-0.9659258262890682,-0.9796136916454901,-0.20089055513063528
2025-09-19 12:00:00+00:00,13.474999904632568,100.0,481.3333333333333,25.299999237060547,85.0,4.300000190734863,0.0,12.2,78,0.0,0.0,5.2,1.2246467991473532e-16,-1.0,-0.9796136916454901,-0.20089055513063528
2025-09-19 13:00:00+00:00,13.183333237965902,100.0,510.4166666666667,25.299999237060547,85.0,4.300000190734863,0.0,11.4,79,0.0,0.0,4.6,-0.2588190451025208,-0.9659258262890683,-0.9796136916454901,-0.20089055513063528
2025-09-19 14:00:00+00:00,12.649999936421713,100.0,530.9166666666666,25.299999237060547,85.0,4.300000190734863,0.0,11.1,80,0.0,0.0,5.7,-0.4999999999999997,-0.8660254037844388,-0.9796136916454901,-0.20089055513063528
2025-09-19 15:00:00+00:00,12.150000095367432,100.0,548.4166666666666,25.299999237060547,85.0,4.300000190734863,0.0,11.4,77,0.0,0.0,6.3,-0.7071067811865471,-0.7071067811865479,-0.9796136916454901,-0.20089055513063528
2025-09-19 16:00:00+00:00,11.933333396911621,100.0,567.8333333333334,25.299999237060547,85.0,4.300000190734863,0.0,11.6,76,0.0,0.0,7.7,-0.8660254037844384,-0.5000000000000004,-0.9796136916454901,-0.20089055513063528
2025-09-19 17:00:00+00:00,11.483333269755045,100.0,582.75,25.299999237060547,85.0,4.300000190734863,0.0,11.6,76,0.0,0.0,7.5,-0.9659258262890683,-0.25881904510252063,-0.9796136916454901,-0.20089055513063528
2025-09-19 18:00:00+00:00,11.058333396911621,100.0,598.75,25.299999237060547,85.0,4.300000190734863,0.0,11.2,76,0.0,0.0,6.1,-1.0,-1.8369701987210297e-16,-0.9796136916454901,-0.20089055513063528
2025-09-19 19:00:00+00:00,10.933333237965902,100.0,614.3333333333334,25.299999237060547,85.0,4.300000190734863,0.0,11.1,77,0.0,0.0,5.3,-0.9659258262890684,0.2588190451025203,-0.9796136916454901,-0.20089055513063528
2025-09-19 20:00:00+00:00,11.349999984105429,100.0,620.5833333333334,25.299999237060547,85.0,4.300000190734863,0.0,10.2,82,0.0,0.0,4.6,-0.8660254037844386,0.5000000000000001,-0.9796136916454901,-0.20089055513063528
2025-09-19 21:00:00+00:00,13.59166661898295,100.0,578.6666666666666,25.299999237060547,85.0,4.300000190734863,0.0,11.2,77,13.0,0.0,5.2,-0.7071067811865477,0.7071067811865474,-0.9796136916454901,-0.20089055513063528
2025-09-19 22:00:00+00:00,18.27500009536743,100.0,402.5,25.299999237060547,85.0,4.300000190734863,0.0,12.2,78,96.0,0.0,6.2,-0.5000000000000004,0.8660254037844384,-0.9796136916454901,-0.20089055513063528
2025-09-19 23:00:00+00:00,22.24166663487752,94.5,237.41666666666666,25.299999237060547,85.0,4.300000190734863,0.0,13.9,75,208.0,0.0,3.6,-0.25881904510252157,0.9659258262890681,-0.9796136916454901,-0.20089055513063528
2025-09-20 00:00:00+00:00,23.641666571299236,84.5,242.41666666666666,25.299999237060547,85.0,4.300000190734863,0.0,16.2,63,379.0,0.0,3.8,0.0,1.0,-0.9829265519799822,-0.18399835165767986
2025-09-20 01:00:00+00:00,25.65833330154419,81.08333333333333,227.91666666666666,25.299999237060547,85.0,4.300000190734863,0.0,18.0,56,501.0,0.0,2.0,0.25881904510252074,0.9659258262890683,-0.9829265519799822,-0.18399835165767986
2025-09-20 02:00:00+00:00,26.766666412353516,87.08333333333333,207.41666666666666,25.299999237060547,85.0,4.300000190734863,0.0,18.5,58,394.0,0.0,1.4,0.49999999999999994,0.8660254037844387,-0.9829265519799822,-0.18399835165767986
2025-09-20 03:00:00+00:00,26.891666730244953,86.0,202.0,25.299999237060547,85.0,4.300000190734863,0.0,19.5,60,410.0,0.0,3.2,0.7071067811865475,0.7071067811865476,-0.9829265519799822,-0.18399835165767986
2025-09-20 04:00:00+00:00,26.06666644414266,84.66666666666667,226.41666666666666,25.299999237060547,85.0,4.300000190734863,0.0,20.1,58,326.0,0.0,11.5,0.8660254037844386,0.5000000000000001,-0.9829265519799822,-0.18399835165767986
2025-09-20 05:00:00+00:00,22.39999993642171,87.66666666666667,246.0,25.299999237060547,85.0,4.300000190734863,0.0,19.8,60,238.0,0.0,12.1,0.9659258262890683,0.25881904510252074,-0.9829265519799822,-0.18399835165767986
2025-09-20 06:00:00+00:00,21.25833336512248,93.08333333333333,262.0833333333333,25.299999237060547,85.0,4.300000190734863,0.0,19.4,67,165.0,0.0,8.8,1.0,6.123233995736766e-17,-0.9829265519799822,-0.18399835165767986
2025-09-20 07:00:00+00:00,19.25,93.5,290.6666666666667,25.299999237060547,85.0,4.300000190734863,0.0,18.5,72,67.0,0.0,6.4,0.9659258262890683,-0.25881904510252063,-0.9829265519799822,-0.18399835165767986
2025-09-20 08:00:00+00:00,18.208333174387615,97.5,314.6666666666667,25.299999237060547,85.0,4.300000190734863,0.0,17.3,81,15.0,0.9,0.4,0.8660254037844387,-0.4999999999999998,-0.9829265519799822,-0.18399835165767986
2025-09-20 09:00:00+00:00,17.97499990463257,100.0,371.4166666666667,25.299999237060547,85.0,4.300000190734863,0.0,16.2,91,1.0,3.0,6.4,0.7071067811865476,-0.7071067811865475,-0.9829265519799822,-0.18399835165767986
2025-09-20 10:00:00+00:00,17.466666380564373,100.0,423.6666666666667,25.299999237060547,85.0,4.300000190734863,0.0,15.4,95,0.0,5.0,11.9,0.49999999999999994,-0.8660254037844387,-0.9829265519799822,-0.18399835165767986
2025-09-20 11:00:00+00:00,16.883333524068195,100.0,449.75,25.299999237060547,85.0,4.300000190734863,0.0,14.9,96,0.0,5.8,13.8,0.258819045102521,-0.9659258262890682,-0.9829265519799822,-0.18399835165767986
2025-09-20 12:00:00+00:00,16.25000015894572,100.0,441.5833333333333,25.299999237060547,85.0,4.300000190734863,0.0,14.8,97,0.0,10.7,18.0,1.2246467991473532e-16,-1.0,-0.9829265519799822,-0.18399835165767986
2025-09-20 13:00:00+00:00,15.883333365122477,100.0,424.3333333333333,25.299999237060547,85.0,4.300000190734863,0.0,14.0,96,0.0,11.1,22.4,-0.2588190451025208,-0.9659258262890683,-0.9829265519799822,-0.18399835165767986
2025-09-20 14:00:00+00:00,15.55833331743876,100.0,400.8333333333333,25.299999237060547,85.0,4.300000190734863,0.0,13.6,96,0.0,15.4,24.5,-0.4999999999999997,-0.8660254037844388,-0.9829265519799822,-0.18399835165767986
2025-09-20 15:00:00+00:00,15.37499992052714,100.0,371.0833333333333,25.299999237060547,85.0,4.300000190734863,0.0,13.7,96,0.0,33.9,28.6,-0.7071067811865471,-0.7071067811865479,-0.9829265519799822,-0.18399835165767986
2025-09-20 16:00:00+00:00,15.616666793823242,100.0,359.6666666666667,25.299999237060547,85.0,4.300000190734863,0.0,14.1,95,0.0,26.4,34.1,-0.8660254037844384,-0.5000000000000004,-0.9829265519799822,-0.18399835165767986
2025-09-20 17:00:00+00:00,15.491666634877523,100.0,354.1666666666667,25.299999237060547,85.0,4.300000190734863,0.0,13.9,93,0.0,2.1,30.1,-0.9659258262890683,-0.25881904510252063,-0.9829265519799822,-0.18399835165767986
2025-09-20 18:00:00+00:00,14.883333365122477,100.0,346.5,25.299999237060547,85.0,4.300000190734863,0.0,12.5,94,0.0,2.1,38.2,-1.0,-1.8369701987210297e-16,-0.9829265519799822,-0.18399835165767986
2025-09-20 19:00:00+00:00,14.566666920979818,100.0,346.9166666666667,25.299999237060547,85.0,4.300000190734863,0.0,12.4,90,0.0,0.9,28.7,-0.9659258262890684,0.2588190451025203,-0.9829265519799822,-0.18399835165767986
2025-09-20 20:00:00+00:00,14.516666730244955,100.0,350.25,25.299999237060547,85.0,4.300000190734863,0.0,12.5,90,0.0,0.1,25.8,-0.8660254037844386,0.5000000000000001,-0.9829265519799822,-0.18399835165767986
2025-09-20 21:00:00+00:00,15.016666650772095,100.0,342.9166666666667,25.299999237060547,85.0,4.300000190734863,0.0,13.4,83,8.0,0.0,25.3,-0.7071067811865477,0.7071067811865474,-0.9829265519799822,-0.18399835165767986
2025-09-20 22:00:00+00:00,18.02500033378601,100.0,254.16666666666666,25.299999237060547,85.0,4.300000190734863,0.0,14.6,75,64.0,0.0,27.7,-0.5000000000000004,0.8660254037844384,-0.9829265519799822,-0.18399835165767986
2025-09-20 23:00:00+00:00,20.791666825612385,99.0,136.5,25.299999237060547,85.0,4.300000190734863,0.0,15.5,67,196.0,0.0,33.3,-0.25881904510252157,0.9659258262890681,-0.9829265519799822,-0.18399835165767986
2025-09-21 00:00:00+00:00,22.69166660308838,90.66666666666667,166.5,25.299999237060547,85.0,4.300000190734863,0.0,15.5,67,227.0,0.1,32.4,0.0,1.0,-0.9859481499638303,-0.1670516255021195
2025-09-21 01:00:00+00:00,24.083333333333332,83.0,240.16666666666666,25.299999237060547,85.0,4.300000190734863,0.0,16.0,62,258.0,0.0,25.6,0.25881904510252074,0.9659258262890683,-0.9859481499638303,-0.1670516255021195
2025-09-21 02:00:00+00:00,25.508333047231037,77.66666666666667,247.0,25.299999237060547,85.0,4.300000190734863,0.0,17.4,57,564.0,0.0,26.5,0.49999999999999994,0.8660254037844387,-0.9859481499638303,-0.1670516255021195
2025-09-21 03:00:00+00:00,25.458333333333332,79.58333333333333,239.16666666666666,25.299999237060547,85.0,4.300000190734863,0.0,17.0,60,338.0,0.0,29.4,0.7071067811865475,0.7071067811865476,-0.9859481499638303,-0.1670516255021195
2025-09-21 04:00:00+00:00,26.616666793823242,82.33333333333333,228.75,25.299999237060547,85.0,4.300000190734863,0.0,16.9,65,367.0,0.0,29.7,0.8660254037844386,0.5000000000000001,-0.9859481499638303,-0.1670516255021195
2025-09-21 05:00:00+00:00,26.675000031789143,80.91666666666667,226.58333333333334,25.299999237060547,85.0,4.300000190734863,0.0,17.5,62,474.0,0.0,29.3,0.9659258262890683,0.25881904510252074,-0.9859481499638303,-0.1670516255021195
2025-09-21 06:00:00+00:00,25.15833346048991,79.33333333333333,235.08333333333334,25.299999237060547,85.0,4.300000190734863,0.0,17.2,62,315.0,0.0,24.2,1.0,6.123233995736766e-17,-0.9859481499638303,-0.1670516255021195
2025-09-21 07:00:00+00:00,20.4416667620341,82.33333333333333,256.9166666666667,25.299999237060547,85.0,4.300000190734863,0.0,16.7,64,246.0,0.0,23.6,0.9659258262890683,-0.25881904510252063,-0.9859481499638303,-0.1670516255021195
2025-09-21 08:00:00+00:00,17.34166685740153,96.0,282.0833333333333,25.299999237060547,85.0,4.300000190734863,0.0,15.9,66,121.0,0.0,19.9,0.8660254037844387,-0.4999999999999998,-0.9859481499638303,-0.1670516255021195
2025-09-21 09:00:00+00:00,15.96666677792867,99.66666666666667,327.6666666666667,25.299999237060547,85.0,4.300000190734863,0.0,14.9,69,10.0,0.0,16.7,0.7071067811865476,-0.7071067811865475,-0.9859481499638303,-0.1670516255021195
2025-09-21 10:00:00+00:00,15.03333338101705,100.0,365.9166666666667,25.299999237060547,85.0,4.300000190734863,0.0,14.1,75,0.0,0.0,13.9,0.49999999999999994,-0.8660254037844387,-0.9859481499638303,-0.1670516255021195
2025-09-21 11:00:00+00:00,14.03333322207133,100.0,399.3333333333333,25.299999237060547,85.0,4.300000190734863,0.0,13.2,80,0.0,0.0,11.5,0.258819045102521,-0.9659258262890682,-0.9859481499638303,-0.1670516255021195
2025-09-21 12:00:00+00:00,13.21666661898295,100.0,421.6666666666667,25.299999237060547,85.0,4.300000190734863,0.0,12.3,85,0.0,0.0,8.8,1.2246467991473532e-16,-1.0,-0.9859481499638303,-0.1670516255021195
2025-09-21 13:00:00+00:00,12.475000063578287,100.0,433.8333333333333,25.299999237060547,85.0,4.300000190734863,0.0,11.5,82,0.0,0.0,11.1,-0.2588190451025208,-0.9659258262890683,-0.9859481499638303,-0.1670516255021195
2025-09-21 14:00:00+00:00,11.991666634877523,100.0,443.5833333333333,25.299999237060547,85.0,4.300000190734863,0.0,11.1,82,0.0,0.0,11.8,-0.4999999999999997,-0.8660254037844388,-0.9859481499638303,-0.1670516255021195
2025-09-21 15:00:00+00:00,11.53333330154419,100.0,443.0,25.299999237060547,85.0,4.300000190734863,0.0,10.9,81,0.0,0.0,11.3,-0.7071067811865471,-0.7071067811865479,-0.9859481499638303,-0.1670516255021195
2025-09-21 16:00:00+00:00,10.983333269755045,100.0,457.5,25.299999237060547,85.0,4.300000190734863,0.0,10.6,80,0.0,0.0,9.4,-0.8660254037844384,-0.5000000000000004,-0.9859481499638303,-0.1670516255021195
2025-09-21 17:00:00+00:00,10.574999968210856,100.0,479.1666666666667,25.299999237060547,85.0,4.300000190734863,0.0,10.2,82,0.0,0.0,6.0,-0.9659258262890683,-0.25881904510252063,-0.9859481499638303,-0.1670516255021195
2025-09-21 18:00:00+00:00,10.34166677792867,100.0,496.8333333333333,25.299999237060547,85.0,4.300000190734863,0.0,9.3,86,0.0,0.0,4.4,-1.0,-1.8369701987210297e-16,-0.9859481499638303,-0.1670516255021195
2025-09-21 19:00:00+00:00,9.824999968210856,100.0,513.25,25.299999237060547,85.0,4.300000190734863,0.0,9.2,84,0.0,0.0,2.1,-0.9659258262890684,0.2588190451025203,-0.9859481499638303,-0.1670516255021195
2025-09-21 20:00:00+00:00,9.708333333333334,100.0,523.0,25.299999237060547,85.0,4.300000190734863,0.0,9.1,83,0.0,0.0,1.6,-0.8660254037844386,0.5000000000000001,-0.9859481499638303,-0.1670516255021195
2025-09-21 21:00:00+00:00,12.325000047683716,100.0,475.5833333333333,25.299999237060547,85.0,4.300000190734863,0.0,9.9,83,16.0,0.0,0.3,-0.7071067811865477,0.7071067811865474,-0.9859481499638303,-0.1670516255021195
2025-09-21 22:00:00+00:00,19.874999682108562,98.0,285.5833333333333,25.299999237060547,85.0,4.300000190734863,0.0,12.1,83,132.0,0.0,2.3,-0.5000000000000004,0.8660254037844384,-0.9859481499638303,-0.1670516255021195
2025-09-21 23:00:00+00:00,22.700000127156574,89.25,233.08333333333334,25.299999237060547,85.0,4.300000190734863,0.0,14.5,72,314.0,0.0,3.3,-0.25881904510252157,0.9659258262890681,-0.9859481499638303,-0.1670516255021195
2025-09-22 00:00:00+00:00,24.541666666666668,74.75,261.8333333333333,25.299999237060547,85.0,4.300000190734863,0.0,16.5,67,469.0,0.0,4.4,0.0,1.0,-0.9886775902323404,-0.15005539834465262
2025-09-22 01:00:00+00:00,26.949999809265137,69.5,264.5,25.299999237060547,85.0,4.300000190734863,0.0,18.8,62,592.0,0.0,6.3,0.25881904510252074,0.9659258262890683,-0.9886775902323404,-0.15005539834465262
2025-09-22 02:00:00+00:00,27.774999777475994,67.08333333333333,268.8333333333333,25.299999237060547,85.0,4.300000190734863,0.0,19.6,61,644.0,0.0,4.8,0.49999999999999994,0.8660254037844387,-0.9886775902323404,-0.15005539834465262
2025-09-22 03:00:00+00:00,27.766666571299236,77.83333333333333,247.41666666666666,25.299999237060547,85.0,4.300000190734863,0.0,19.7,61,576.0,0.1,4.2,0.7071067811865475,0.7071067811865476,-0.9886775902323404,-0.15005539834465262
2025-09-22 04:00:00+00:00,27.15000009536743,80.0,253.25,25.299999237060547,85.0,4.300000190734863,0.0,19.8,63,551.0,0.0,4.6,0.8660254037844386,0.5000000000000001,-0.9886775902323404,-0.15005539834465262
2025-09-22 05:00:00+00:00,27.016666730244953,85.91666666666667,237.75,25.299999237060547,85.0,4.300000190734863,0.0,19.8,63,506.0,0.1,5.8,0.9659258262890683,0.25881904510252074,-0.9886775902323404,-0.15005539834465262
2025-09-22 06:00:00+00:00,26.958333492279053,87.0,238.91666666666666,25.299999237060547,85.0,4.300000190734863,0.0,19.5,66,409.0,0.0,6.8,1.0,6.123233995736766e-17,-0.9886775902323404,-0.15005539834465262
2025-09-22 07:00:00+00:00,22.84999990463257,93.83333333333333,224.08333333333334,25.299999237060547,85.0,4.300000190734863,0.0,19.0,70,284.0,0.0,6.9,0.9659258262890683,-0.25881904510252063,-0.9886775902323404,-0.15005539834465262
2025-09-22 08:00:00+00:00,18.233333428700764,96.5,294.6666666666667,25.299999237060547,85.0,4.300000190734863,0.0,17.4,81,114.0,0.0,6.0,0.8660254037844387,-0.4999999999999998,-0.9886775902323404,-0.15005539834465262
2025-09-22 09:00:00+00:00,16.574999809265137,100.0,356.3333333333333,25.299999237060547,85.0,4.300000190734863,0.0,15.8,85,8.0,0.0,5.6,0.7071067811865476,-0.7071067811865475,-0.9886775902323404,-0.15005539834465262
2025-09-22 10:00:00+00:00,15.616666555404663,100.0,414.6666666666667,25.299999237060547,85.0,4.300000190734863,0.0,14.1,90,0.0,0.0,3.6,0.49999999999999994,-0.8660254037844387,-0.9886775902323404,-0.15005539834465262
2025-09-22 11:00:00+00:00,14.84166669845581,100.0,454.25,25.299999237060547,85.0,4.300000190734863,0.0,13.1,89,0.0,0.0,2.9,0.258819045102521,-0.9659258262890682,-0.9886775902323404,-0.15005539834465262
2025-09-22 12:00:00+00:00,14.041666587193808,100.0,488.4166666666667,25.299999237060547,85.0,4.300000190734863,0.0,12.4,90,0.0,0.0,2.5,1.2246467991473532e-16,-1.0,-0.9886775902323404,-0.15005539834465262
2025-09-22 13:00:00+00:00,13.62499992052714,100.0,520.75,25.299999237060547,85.0,4.300000190734863,0.0,12.1,93,0.0,0.0,4.2,-0.2588190451025208,-0.9659258262890683,-0.9886775902323404,-0.15005539834465262
2025-09-22 14:00:00+00:00,13.441666523615519,100.0,549.75,25.299999237060547,85.0,4.300000190734863,0.0,11.4,96,0.0,0.0,3.5,-0.4999999999999997,-0.8660254037844388,-0.9886775902323404,-0.15005539834465262
2025-09-22 15:00:00+00:00,13.925000031789144,100.0,574.5833333333334,25.299999237060547,85.0,4.300000190734863,0.0,10.9,99,0.0,0.0,2.4,-0.7071067811865471,-0.7071067811865479,-0.9886775902323404,-0.15005539834465262
2025-09-22 16:00:00+00:00,13.09166669845581,100.0,595.9166666666666,25.299999237060547,85.0,4.300000190734863,0.0,10.6,100,0.0,0.0,1.5,-0.8660254037844384,-0.5000000000000004,-0.9886775902323404,-0.15005539834465262
2025-09-22 17:00:00+00:00,12.558333237965902,100.0,611.1666666666666,25.299999237060547,85.0,4.300000190734863,0.0,10.2,100,0.0,0.0,1.4,-0.9659258262890683,-0.25881904510252063,-0.9886775902323404,-0.15005539834465262
2025-09-22 18:00:00+00:00,12.233333190282186,100.0,628.1666666666666,25.299999237060547,85.0,4.300000190734863,0.0,10.1,100,0.0,0.0,1.7,-1.0,-1.8369701987210297e-16,-0.9886775902323404,-0.15005539834465262
2025-09-22 19:00:00+00:00,11.75000007947286,100.0,641.9166666666666,25.299999237060547,85.0,4.300000190734863,0.0,10.5,98,0.0,0.0,2.9,-0.9659258262890684,0.2588190451025203,-0.9886775902323404,-0.15005539834465262
2025-09-22 20:00:00+00:00,11.53333322207133,100.0,652.4166666666666,25.299999237060547,85.0,4.300000190734863,0.0,11.1,95,0.0,0.0,4.6,-0.8660254037844386,0.5000000000000001,-0.9886775902323404,-0.15005539834465262
2025-09-22 21:00:00+00:00,13.241666634877523,100.0,617.25,25.299999237060547,85.0,4.300000190734863,0.0,11.6,94,14.0,0.0,5.0,-0.7071067811865477,0.7071067811865474,-0.9886775902323404,-0.15005539834465262
2025-09-22 22:00:00+00:00,17.949999968210857,99.91666666666667,454.4166666666667,25.299999237060547,85.0,4.300000190734863,0.0,14.1,88,110.0,0.0,4.4,-0.5000000000000004,0.8660254037844384,-0.9886775902323404,-0.15005539834465262
2025-09-22 23:00:00+00:00,22.75000015894572,94.33333333333333,246.83333333333334,25.299999237060547,85.0,4.300000190734863,0.0,16.2,83,231.0,0.0,4.0,-0.25881904510252157,0.9659258262890681,-0.9886775902323404,-0.15005539834465262
2025-09-23 00:00:00+00:00,25.30833339691162,79.08333333333333,266.4166666666667,25.299999237060547,85.0,4.300000190734863,0.0,18.1,76,346.0,0.0,5.8,0.0,1.0,-0.9911140639934546,-0.13301470653419636
2025-09-23 01:00:00+00:00,27.94166660308838,68.75,275.5,25.299999237060547,85.0,4.300000190734863,0.0,19.4,65,472.0,0.0,6.9,0.25881904510252074,0.9659258262890683,-0.9911140639934546,-0.13301470653419636
2025-09-23 02:00:00+00:00,28.491666475931805,65.5,277.5833333333333,25.299999237060547,85.0,4.300000190734863,0.0,20.4,57,565.0,0.0,6.3,0.49999999999999994,0.8660254037844387,-0.9911140639934546,-0.13301470653419636
2025-09-23 03:00:00+00:00,28.78333330154419,65.41666666666667,268.9166666666667,25.299999237060547,85.0,4.300000190734863,0.0,20.9,53,589.0,0.0,4.4,0.7071067811865475,0.7071067811865476,-0.9911140639934546,-0.13301470653419636
2025-09-23 04:00:00+00:00,28.883333524068195,63.25,271.5,25.299999237060547,85.0,4.300000190734863,0.0,21.0,51,524.0,0.0,4.8,0.8660254037844386,0.5000000000000001,-0.9911140639934546,-0.13301470653419636
2025-09-23 05:00:00+00:00,28.608333428700764,67.66666666666667,259.0,25.299999237060547,85.0,4.300000190734863,0.0,21.1,50,497.0,0.0,5.9,0.9659258262890683,0.25881904510252074,-0.9911140639934546,-0.13301470653419636
2025-09-23 06:00:00+00:00,27.86666663487752,76.83333333333333,246.66666666666666,25.299999237060547,85.0,4.300000190734863,0.0,20.8,52,374.0,0.0,5.3,1.0,6.123233995736766e-17,-0.9911140639934546,-0.13301470653419636
2025-09-23 07:00:00+00:00,24.34166653951009,86.83333333333333,238.25,25.299999237060547,85.0,4.300000190734863,0.0,20.1,62,250.0,0.0,5.4,0.9659258262890683,-0.25881904510252063,-0.9911140639934546,-0.13301470653419636
2025-09-23 08:00:00+00:00,18.358333269755047,85.08333333333333,299.9166666666667,25.299999237060547,85.0,4.300000190734863,0.0,18.0,74,110.0,0.0,5.4,0.8660254037844387,-0.4999999999999998,-0.9911140639934546,-0.13301470653419636
2025-09-23 09:00:00+00:00,17.108333428700764,99.5,362.8333333333333,25.299999237060547,85.0,4.300000190734863,0.0,15.9,83,7.0,0.0,5.8,0.7071067811865476,-0.7071067811865475,-0.9911140639934546,-0.13301470653419636
2025-09-23 10:00:00+00:00,16.80833371480306,100.0,426.0833333333333,25.299999237060547,85.0,4.300000190734863,0.0,14.5,88,0.0,0.0,5.8,0.49999999999999994,-0.8660254037844387,-0.9911140639934546,-0.13301470653419636
2025-09-23 11:00:00+00:00,15.458333333333334,100.0,475.6666666666667,25.299999237060547,85.0,4.300000190734863,0.0,13.9,89,0.0,0.0,6.7,0.258819045102521,-0.9659258262890682,-0.9911140639934546,-0.13301470653419636
2025-09-23 12:00:00+00:00,14.575000047683716,100.0,511.0,25.299999237060547,85.0,4.300000190734863,0.0,13.2,89,0.0,0.0,6.8,1.2246467991473532e-16,-1.0,-0.9911140639934546,-0.13301470653419636
2025-09-23 13:00:00+00:00,13.933333237965902,100.0,544.8333333333334,25.299999237060547,85.0,4.300000190734863,0.0,12.6,88,0.0,0.0,7.4,-0.2588190451025208,-0.9659258262890683,-0.9911140639934546,-0.13301470653419636
2025-09-23 14:00:00+00:00,13.458333333333334,100.0,571.1666666666666,25.299999237060547,85.0,4.300000190734863,0.0,12.3,89,0.0,0.0,7.8,-0.4999999999999997,-0.8660254037844388,-0.9911140639934546,-0.13301470653419636
2025-09-23 15:00:00+00:00,13.05833331743876,100.0,591.8333333333334,25.299999237060547,85.0,4.300000190734863,0.0,12.1,90,0.0,0.0,6.9,-0.7071067811865471,-0.7071067811865479,-0.9911140639934546,-0.13301470653419636
2025-09-23 16:00:00+00:00,12.65833338101705,100.0,611.75,25.299999237060547,85.0,4.300000190734863,0.0,11.9,91,0.0,0.0,6.2,-0.8660254037844384,-0.5000000000000004,-0.9911140639934546,-0.13301470653419636
2025-09-23 17:00:00+00:00,12.125000158945719,100.0,632.5,25.299999237060547,85.0,4.300000190734863,0.0,11.5,92,0.0,0.0,5.2,-0.9659258262890683,-0.25881904510252063,-0.9911140639934546,-0.13301470653419636
2025-09-23 18:00:00+00:00,11.674999952316284,100.0,650.1666666666666,25.299999237060547,85.0,4.300000190734863,0.0,11.1,93,0.0,0.0,4.7,-1.0,-1.8369701987210297e-16,-0.9911140639934546,-0.13301470653419636
2025-09-23 19:00:00+00:00,11.275000015894571,100.0,666.9166666666666,25.299999237060547,85.0,4.300000190734863,0.0,10.8,93,0.0,0.0,4.7,-0.9659258262890684,0.2588190451025203,-0.9911140639934546,-0.13301470653419636
2025-09-23 20:00:00+00:00,11.050000031789144,100.0,676.0833333333334,25.299999237060547,85.0,4.300000190734863,0.0,10.8,94,0.0,0.0,4.9,-0.8660254037844386,0.5000000000000001,-0.9911140639934546,-0.13301470653419636
2025-09-23 21:00:00+00:00,13.141666571299234,100.0,635.75,25.299999237060547,85.0,4.300000190734863,0.0,11.6,93,14.0,0.0,6.2,-0.7071067811865477,0.7071067811865474,-0.9911140639934546,-0.13301470653419636
2025-09-23 22:00:00+00:00,19.81666660308838,98.41666666666667,437.25,25.299999237060547,85.0,4.300000190734863,0.0,14.1,88,134.0,0.0,6.9,-0.5000000000000004,0.8660254037844384,-0.9911140639934546,-0.13301470653419636
2025-09-23 23:00:00+00:00,23.233333269755047,90.41666666666667,270.0833333333333,25.299999237060547,85.0,4.300000190734863,0.0,16.8,80,298.0,0.0,5.6,-0.25881904510252157,0.9659258262890681,-0.9911140639934546,-0.13301470653419636
2025-09-24 00:00:00+00:00,25.141666730244953,78.0,268.75,25.299999237060547,85.0,4.300000190734863,0.0,19.0,73,432.0,0.0,7.6,0.0,1.0,-0.9932568492674143,-0.11593459959550066
2025-09-24 01:00:00+00:00,24.96666669845581,67.66666666666667,277.3333333333333,25.299999237060547,85.0,4.300000190734863,0.0,20.7,63,524.0,0.0,16.5,0.25881904510252074,0.9659258262890683,-0.9932568492674143,-0.11593459959550066
2025-09-24 02:00:00+00:00,25.258333524068195,64.41666666666667,277.1666666666667,25.299999237060547,85.0,4.300000190734863,0.0,20.8,62,490.0,0.0,21.6,0.49999999999999994,0.8660254037844387,-0.9932568492674143,-0.11593459959550066
2025-09-24 03:00:00+00:00,26.00833336512248,63.25,280.5833333333333,25.299999237060547,85.0,4.300000190734863,0.0,21.0,62,515.0,0.0,23.8,0.7071067811865475,0.7071067811865476,-0.9932568492674143,-0.11593459959550066
2025-09-24 04:00:00+00:00,24.44166644414266,68.33333333333333,272.8333333333333,25.299999237060547,85.0,4.300000190734863,0.0,20.6,67,431.0,0.0,23.0,0.8660254037844386,0.5000000000000001,-0.9932568492674143,-0.11593459959550066
2025-09-24 05:00:00+00:00,22.71666653951009,72.66666666666667,277.0833333333333,25.299999237060547,85.0,4.300000190734863,0.0,20.5,69,345.0,0.0,24.0,0.9659258262890683,0.25881904510252074,-0.9932568492674143,-0.11593459959550066
2025-09-24 06:00:00+00:00,21.21666669845581,75.33333333333333,282.6666666666667,25.299999237060547,85.0,4.300000190734863,0.0,20.1,69,308.0,0.0,23.4,1.0,6.123233995736766e-17,-0.9932568492674143,-0.11593459959550066
2025-09-24 07:00:00+00:00,19.75833336512248,80.75,288.3333333333333,25.299999237060547,85.0,4.300000190734863,0.0,19.2,74,129.0,0.0,20.2,0.9659258262890683,-0.25881904510252063,-0.9932568492674143,-0.11593459959550066
2025-09-24 08:00:00+00:00,18.800000190734863,86.08333333333333,297.3333333333333,25.299999237060547,85.0,4.300000190734863,0.0,18.5,76,34.0,0.0,19.5,0.8660254037844387,-0.4999999999999998,-0.9932568492674143,-0.11593459959550066
2025-09-24 09:00:00+00:00,18.274999618530273,89.08333333333333,302.75,25.299999237060547,85.0,4.300000190734863,0.0,18.1,76,2.0,0.0,18.4,0.7071067811865476,-0.7071067811865475,-0.9932568492674143,-0.11593459959550066
2025-09-24 10:00:00+00:00,17.96666669845581,90.5,301.75,25.299999237060547,85.0,4.300000190734863,0.0,18.0,75,0.0,0.0,17.8,0.49999999999999994,-0.8660254037844387,-0.9932568492674143,-0.11593459959550066
2025-09-24 11:00:00+00:00,18.09999990463257,98.83333333333333,336.0,25.299999237060547,85.0,4.300000190734863,0.0,17.9,74,0.0,0.0,17.3,0.258819045102521,-0.9659258262890682,-0.9932568492674143,-0.11593459959550066
2025-09-24 12:00:00+00:00,18.349999427795414,100.0,379.5833333333333,25.299999237060547,85.0,4.300000190734863,0.0,17.8,72,0.0,0.0,18.4,1.2246467991473532e-16,-1.0,-0.9932568492674143,-0.11593459959550066
2025-09-24 13:00:00+00:00,18.47499990463257,100.0,394.5,25.299999237060547,85.0,4.300000190734863,0.0,18.5,69,0.0,0.0,21.5,-0.2588190451025208,-0.9659258262890683,-0.9932568492674143,-0.11593459959550066
2025-09-24 14:00:00+00:00,18.550000190734863,100.0,407.9166666666667,25.299999237060547,85.0,4.300000190734863,0.0,18.7,69,0.0,0.0,22.4,-0.4999999999999997,-0.8660254037844388,-0.9932568492674143,-0.11593459959550066
2025-09-24 15:00:00+00:00,17.94166628519694,100.0,428.0,25.299999237060547,85.0,4.300000190734863,0.0,19.0,72,0.0,0.0,20.1,-0.7071067811865471,-0.7071067811865479,-0.9932568492674143,-0.11593459959550066
2025-09-24 16:00:00+00:00,17.799999237060547,100.0,437.5833333333333,25.299999237060547,85.0,4.300000190734863,0.0,19.3,72,0.0,0.0,20.3,-0.8660254037844384,-0.5000000000000004,-0.9932568492674143,-0.11593459959550066
2025-09-24 17:00:00+00:00,17.700000762939453,100.0,438.0,25.299999237060547,85.0,4.300000190734863,0.0,19.0,75,0.0,0.1,20.8,-0.9659258262890683,-0.25881904510252063,-0.9932568492674143,-0.11593459959550066
2025-09-24 18:00:00+00:00,17.774999618530273,100.0,431.4166666666667,25.299999237060547,85.0,4.300000190734863,0.0,18.8,77,0.0,0.2,22.1,-1.0,-1.8369701987210297e-16,-0.9932568492674143,-0.11593459959550066
2025-09-24 19:00:00+00:00,17.700000762939453,100.0,431.75,25.299999237060547,85.0,4.300000190734863,0.0,18.5,79,0.0,0.1,23.8,-0.9659258262890684,0.2588190451025203,-0.9932568492674143,-0.11593459959550066
2025-09-24 20:00:00+00:00,17.725000381469727,100.0,436.4166666666667,25.299999237060547,85.0,4.300000190734863,0.0,18.7,77,0.0,0.0,23.2,-0.8660254037844386,0.5000000000000001,-0.9932568492674143,-0.11593459959550066
2025-09-24 21:00:00+00:00,18.19166660308838,100.0,420.0,25.299999237060547,85.0,4.300000190734863,0.0,18.1,84,2.0,1.0,24.2,-0.7071067811865477,0.7071067811865474,-0.9932568492674143,-0.11593459959550066
2025-09-24 22:00:00+00:00,18.516666730244953,100.0,398.8333333333333,25.299999237060547,85.0,4.300000190734863,0.0,17.3,95,9.0,3.5,23.8,-0.5000000000000004,0.8660254037844384,-0.9932568492674143,-0.11593459959550066
2025-09-24 23:00:00+00:00,18.67500066757202,100.0,389.25,25.299999237060547,85.0,4.300000190734863,0.0,17.4,96,25.0,2.7,23.6,-0.25881904510252157,0.9659258262890681,-0.9932568492674143,-0.11593459959550066
2025-09-25 00:00:00+00:00,18.916666825612385,100.0,380.5833333333333,25.299999237060547,85.0,4.300000190734863,0.0,17.8,96,89.0,4.3,27.4,0.0,1.0,-0.9951053111006974,-0.09882013873287211
2025-09-25 01:00:00+00:00,20.00833336512248,100.0,337.1666666666667,25.299999237060547,85.0,4.300000190734863,0.0,17.6,96,25.0,6.8,24.2,0.25881904510252074,0.9659258262890683,-0.9951053111006974,-0.09882013873287211
2025-09-25 02:00:00+00:00,20.849999745686848,100.0,257.25,25.299999237060547,85.0,4.300000190734863,0.0,17.8,96,46.0,1.9,26.6,0.49999999999999994,0.8660254037844387,-0.9951053111006974,-0.09882013873287211
2025-09-25 03:00:00+00:00,22.016666730244953,100.0,200.33333333333334,25.299999237060547,85.0,4.300000190734863,0.0,18.6,93,169.0,0.4,26.7,0.7071067811865475,0.7071067811865476,-0.9951053111006974,-0.09882013873287211
2025-09-25 04:00:00+00:00,20.641666412353516,100.0,200.83333333333334,25.299999237060547,85.0,4.300000190734863,0.0,18.8,94,134.0,0.5,27.2,0.8660254037844386,0.5000000000000001,-0.9951053111006974,-0.09882013873287211
2025-09-25 05:00:00+00:00,20.349999745686848,100.0,247.25,25.299999237060547,85.0,4.300000190734863,0.0,19.2,93,172.0,0.3,24.8,0.9659258262890683,0.25881904510252074,-0.9951053111006974,-0.09882013873287211
2025-09-25 06:00:00+00:00,20.399999618530277,100.0,276.75,25.299999237060547,85.0,4.300000190734863,0.0,19.2,94,107.0,0.1,19.9,1.0,6.123233995736766e-17,-0.9951053111006974,-0.09882013873287211
2025-09-25 07:00:00+00:00,20.858333269755047,100.0,296.0833333333333,25.299999237060547,85.0,4.300000190734863,0.0,19.2,95,60.0,0.0,13.5,0.9659258262890683,-0.25881904510252063,-0.9951053111006974,-0.09882013873287211
2025-09-25 08:00:00+00:00,20.21666685740153,100.0,320.25,25.299999237060547,85.0,4.300000190734863,0.0,19.5,96,26.0,0.0,8.7,0.8660254037844387,-0.4999999999999998,-0.9951053111006974,-0.09882013873287211
2025-09-25 09:00:00+00:00,19.449999809265137,100.0,379.75,25.299999237060547,85.0,4.300000190734863,0.0,18.6,96,4.0,0.0,9.1,0.7071067811865476,-0.7071067811865475,-0.9951053111006974,-0.09882013873287211
2025-09-25 10:00:00+00:00,17.833333333333332,100.0,431.25,25.299999237060547,85.0,4.300000190734863,0.0,18.2,94,0.0,0.0,10.9,0.49999999999999994,-0.8660254037844387,-0.9951053111006974,-0.09882013873287211
2025-09-25 11:00:00+00:00,16.766666571299236,100.0,471.0833333333333,25.299999237060547,85.0,4.300000190734863,0.0,17.9,92,0.0,0.0,10.8,0.258819045102521,-0.9659258262890682,-0.9951053111006974,-0.09882013873287211
2025-09-25 12:00:00+00:00,15.80833331743876,100.0,500.1666666666667,25.299999237060547,85.0,4.300000190734863,0.0,17.5,91,0.0,0.0,12.7,1.2246467991473532e-16,-1.0,-0.9951053111006974,-0.09882013873287211
2025-09-25 13:00:00+00:00,14.775000095367432,100.0,524.0,25.299999237060547,85.0,4.300000190734863,0.0,17.5,90,0.0,0.0,13.2,-0.2588190451025208,-0.9659258262890683,-0.9951053111006974,-0.09882013873287211
2025-09-25 14:00:00+00:00,14.15833338101705,100.0,544.6666666666666,25.299999237060547,85.0,4.300000190734863,0.0,16.5,91,0.0,0.0,9.8,-0.4999999999999997,-0.8660254037844388,-0.9951053111006974,-0.09882013873287211
2025-09-25 15:00:00+00:00,14.208333333333334,100.0,563.3333333333334,25.299999237060547,85.0,4.300000190734863,0.0,15.1,94,0.0,0.0,5.4,-0.7071067811865471,-0.7071067811865479,-0.9951053111006974,-0.09882013873287211
2025-09-25 16:00:00+00:00,13.53333330154419,100.0,572.8333333333334,25.299999237060547,85.0,4.300000190734863,0.0,13.9,96,0.0,0.0,4.0,-0.8660254037844384,-0.5000000000000004,-0.9951053111006974,-0.09882013873287211
2025-09-25 17:00:00+00:00,13.525000095367432,100.0,586.0,25.299999237060547,85.0,4.300000190734863,0.0,13.6,98,0.0,0.0,4.2,-0.9659258262890683,-0.25881904510252063,-0.9951053111006974,-0.09882013873287211
2025-09-25 18:00:00+00:00,14.258333365122477,100.0,598.8333333333334,25.299999237060547,85.0,4.300000190734863,0.0,13.7,98,0.0,0.0,4.3,-1.0,-1.8369701987210297e-16,-0.9951053111006974,-0.09882013873287211
2025-09-25 19:00:00+00:00,14.541666666666666,100.0,604.75,25.299999237060547,85.0,4.300000190734863,0.0,13.2,99,0.0,0.0,4.6,-0.9659258262890684,0.2588190451025203,-0.9951053111006974,-0.09882013873287211
2025-09-25 20:00:00+00:00,14.241666714350382,100.0,616.5,25.299999237060547,85.0,4.300000190734863,0.0,13.1,99,0.0,0.0,7.8,-0.8660254037844386,0.5000000000000001,-0.9951053111006974,-0.09882013873287211
2025-09-25 21:00:00+00:00,16.59166646003723,100.0,550.5,25.299999237060547,85.0,4.300000190734863,0.0,13.4,99,10.0,0.0,6.9,-0.7071067811865477,0.7071067811865474,-0.9951053111006974,-0.09882013873287211
2025-09-25 22:00:00+00:00,22.550000031789143,99.75,348.5833333333333,25.299999237060547,85.0,4.300000190734863,0.0,15.5,94,116.0,0.0,5.0,-0.5000000000000004,0.8660254037844384,-0.9951053111006974,-0.09882013873287211
2025-09-25 23:00:00+00:00,28.3083332379659,98.5,146.0,25.299999237060547,85.0,4.300000190734863,0.0,18.4,89,267.0,0.0,2.8,-0.25881904510252157,0.9659258262890681,-0.9951053111006974,-0.09882013873287211
2025-09-26 00:00:00+00:00,30.84999990463257,98.33333333333333,71.08333333333333,25.299999237060547,85.0,4.300000190734863,0.0,20.5,83,402.0,0.0,1.5,0.0,1.0,-0.99665890175417,-0.08167639533042288
2025-09-26 01:00:00+00:00,33.616666634877525,96.66666666666667,77.16666666666667,25.299999237060547,85.0,4.300000190734863,0.0,22.0,64,525.0,0.0,6.9,0.25881904510252074,0.9659258262890683,-0.99665890175417,-0.08167639533042288
2025-09-26 02:00:00+00:00,30.86666663487752,87.0,177.25,25.299999237060547,85.0,4.300000190734863,0.0,22.4,64,544.0,0.1,4.5,0.49999999999999994,0.8660254037844387,-0.99665890175417,-0.08167639533042288
2025-09-26 03:00:00+00:00,27.94166644414266,68.08333333333333,281.5,25.299999237060547,85.0,4.300000190734863,0.0,22.3,64,554.0,0.0,7.2,0.7071067811865475,0.7071067811865476,-0.99665890175417,-0.08167639533042288
2025-09-26 04:00:00+00:00,28.550000031789143,68.83333333333333,282.75,25.299999237060547,85.0,4.300000190734863,0.0,22.5,61,491.0,0.1,7.4,0.8660254037844386,0.5000000000000001,-0.99665890175417,-0.08167639533042288
2025-09-26 05:00:00+00:00,26.133333683013916,82.0,267.6666666666667,25.299999237060547,85.0,4.300000190734863,0.0,22.2,57,526.0,0.1,10.7,0.9659258262890683,0.25881904510252074,-0.99665890175417,-0.08167639533042288
2025-09-26 06:00:00+00:00,25.199999968210857,95.0,233.41666666666666,25.299999237060547,85.0,4.300000190734863,0.0,22.0,55,408.0,0.0,10.5,1.0,6.123233995736766e-17,-0.99665890175417,-0.08167639533042288
2025-09-26 07:00:00+00:00,23.141666412353516,90.58333333333333,270.0,25.299999237060547,85.0,4.300000190734863,0.0,21.2,61,257.0,0.0,7.5,0.9659258262890683,-0.25881904510252063,-0.99665890175417,-0.08167639533042288
2025-09-26 08:00:00+00:00,18.641666730244953,94.0,299.4166666666667,25.299999237060547,85.0,4.300000190734863,0.0,19.0,75,97.0,0.0,3.9,0.8660254037844387,-0.4999999999999998,-0.99665890175417,-0.08167639533042288
2025-09-26 09:00:00+00:00,17.14999993642171,100.0,348.5,25.299999237060547,85.0,4.300000190734863,0.0,17.0,79,4.0,0.0,1.8,0.7071067811865476,-0.7071067811865475,-0.99665890175417,-0.08167639533042288
2025-09-26 10:00:00+00:00,16.949999809265137,100.0,400.4166666666667,25.299999237060547,85.0,4.300000190734863,0.0,15.4,86,0.0,0.0,3.5,0.49999999999999994,-0.8660254037844387,-0.99665890175417,-0.08167639533042288
2025-09-26 11:00:00+00:00,17.366666793823242,100.0,440.1666666666667,25.299999237060547,85.0,4.300000190734863,0.0,14.3,90,0.0,0.0,2.8,0.258819045102521,-0.9659258262890682,-0.99665890175417,-0.08167639533042288
2025-09-26 12:00:00+00:00,16.09166653951009,100.0,472.0833333333333,25.299999237060547,85.0,4.300000190734863,0.0,13.9,92,0.0,0.0,1.3,1.2246467991473532e-16,-1.0,-0.99665890175417,-0.08167639533042288
2025-09-26 13:00:00+00:00,15.166666746139526,100.0,503.9166666666667,25.299999237060547,85.0,4.300000190734863,0.0,14.8,90,0.0,0.1,0.9,-0.2588190451025208,-0.9659258262890683,-0.99665890175417,-0.08167639533042288
2025-09-26 14:00:00+00:00,14.46666677792867,100.0,527.25,25.299999237060547,85.0,4.300000190734863,0.0,14.1,91,0.0,0.0,2.5,-0.4999999999999997,-0.8660254037844388,-0.99665890175417,-0.08167639533042288
2025-09-26 15:00:00+00:00,13.941666603088379,100.0,547.5833333333334,25.299999237060547,85.0,4.300000190734863,0.0,13.8,92,0.0,0.0,1.9,-0.7071067811865471,-0.7071067811865479,-0.99665890175417,-0.08167639533042288
2025-09-26 16:00:00+00:00,13.308333396911621,100.0,559.8333333333334,25.299999237060547,85.0,4.300000190734863,0.0,13.2,94,0.0,0.0,0.5,-0.8660254037844384,-0.5000000000000004,-0.99665890175417,-0.08167639533042288
2025-09-26 17:00:00+00:00,12.866666714350382,100.0,566.9166666666666,25.299999237060547,85.0,4.300000190734863,0.0,12.5,96,0.0,0.0,3.0,-0.9659258262890683,-0.25881904510252063,-0.99665890175417,-0.08167639533042288
2025-09-26 18:00:00+00:00,12.399999777475992,100.0,582.0833333333334,25.299999237060547,85.0,4.300000190734863,0.0,12.1,98,0.0,0.0,2.8,-1.0,-1.8369701987210297e-16,-0.99665890175417,-0.08167639533042288
2025-09-26 19:00:00+00:00,12.075000127156576,100.0,591.4166666666666,25.299999237060547,85.0,4.300000190734863,0.0,11.5,99,0.0,0.0,2.1,-0.9659258262890684,0.2588190451025203,-0.99665890175417,-0.08167639533042288
2025-09-26 20:00:00+00:00,11.949999968210856,100.0,595.1666666666666,25.299999237060547,85.0,4.300000190734863,0.0,11.4,100,0.0,0.0,3.0,-0.8660254037844386,0.5000000000000001,-0.99665890175417,-0.08167639533042288
2025-09-26 21:00:00+00:00,14.299999872843424,100.0,562.0833333333334,25.299999237060547,85.0,4.300000190734863,0.0,11.4,100,10.0,0.0,3.2,-0.7071067811865477,0.7071067811865474,-0.99665890175417,-0.08167639533042288
2025-09-26 22:00:00+00:00,19.46666669845581,99.66666666666667,413.0,25.299999237060547,85.0,4.300000190734863,0.0,14.6,94,121.0,0.0,1.8,-0.5000000000000004,0.8660254037844384,-0.99665890175417,-0.08167639533042288
2025-09-26 23:00:00+00:00,24.074999968210857,89.66666666666667,265.5833333333333,25.299999237060547,85.0,4.300000190734863,0.0,17.5,84,288.0,0.0,1.4,-0.25881904510252157,0.9659258262890681,-0.99665890175417,-0.08167639533042288
2025-09-27 00:00:00+00:00,27.041666507720947,77.16666666666667,276.6666666666667,25.299999237060547,85.0,4.300000190734863,0.0,19.5,72,464.0,0.0,1.8,0.0,1.0,-0.9979171608653922,-0.06450844944931625
2025-09-27 01:00:00+00:00,27.791666666666668,64.16666666666667,291.6666666666667,25.299999237060547,85.0,4.300000190734863,0.0,21.4,58,575.0,0.0,10.6,0.25881904510252074,0.9659258262890683,-0.9979171608653922,-0.06450844944931625
2025-09-27 02:00:00+00:00,28.574999968210857,58.25,294.1666666666667,25.299999237060547,85.0,4.300000190734863,0.0,22.3,53,670.0,0.0,9.5,0.49999999999999994,0.8660254037844387,-0.9979171608653922,-0.06450844944931625
2025-09-27 03:00:00+00:00,28.5666667620341,56.0,290.1666666666667,25.299999237060547,85.0,4.300000190734863,0.0,22.9,51,702.0,0.0,10.4,0.7071067811865475,0.7071067811865476,-0.9979171608653922,-0.06450844944931625
2025-09-27 04:00:00+00:00,28.549999713897705,58.0,283.4166666666667,25.299999237060547,85.0,4.300000190734863,0.0,23.2,50,664.0,0.0,10.7,0.8660254037844386,0.5000000000000001,-0.9979171608653922,-0.06450844944931625
2025-09-27 05:00:00+00:00,28.199999968210857,61.333333333333336,274.9166666666667,25.299999237060547,85.0,4.300000190734863,0.0,23.2,51,560.0,0.0,10.7,0.9659258262890683,0.25881904510252074,-0.9979171608653922,-0.06450844944931625
2025-09-27 06:00:00+00:00,28.050000031789143,70.83333333333333,269.0,25.299999237060547,85.0,4.300000190734863,0.0,22.8,53,437.0,0.0,10.3,1.0,6.123233995736766e-17,-0.9979171608653922,-0.06450844944931625
2025-09-27 07:00:00+00:00,23.974999745686848,88.75,271.3333333333333,25.299999237060547,85.0,4.300000190734863,0.0,21.6,64,266.0,0.0,7.6,0.9659258262890683,-0.25881904510252063,-0.9979171608653922,-0.06450844944931625
2025-09-27 08:00:00+00:00,19.11666663487752,92.0,305.6666666666667,25.299999237060547,85.0,4.300000190734863,0.0,19.6,74,100.0,0.0,1.7,0.8660254037844387,-0.4999999999999998,-0.9979171608653922,-0.06450844944931625
2025-09-27 09:00:00+00:00,17.18333339691162,99.58333333333333,353.25,25.299999237060547,85.0,4.300000190734863,0.0,17.2,80,4.0,0.0,0.9,0.7071067811865476,-0.7071067811865475,-0.9979171608653922,-0.06450844944931625
2025-09-27 10:00:00+00:00,16.491666952768963,100.0,404.9166666666667,25.299999237060547,85.0,4.300000190734863,0.0,15.4,86,0.0,0.0,2.2,0.49999999999999994,-0.8660254037844387,-0.9979171608653922,-0.06450844944931625
2025-09-27 11:00:00+00:00,15.458333333333334,100.0,445.5833333333333,25.299999237060547,85.0,4.300000190734863,0.0,13.9,92,0.0,0.0,2.2,0.258819045102521,-0.9659258262890682,-0.9979171608653922,-0.06450844944931625
2025-09-27 12:00:00+00:00,14.566666603088379,100.0,475.75,25.299999237060547,85.0,4.300000190734863,0.0,12.6,95,0.0,0.0,1.9,1.2246467991473532e-16,-1.0,-0.9979171608653922,-0.06450844944931625
2025-09-27 13:00:00+00:00,13.96666669845581,100.0,498.1666666666667,25.299999237060547,85.0,4.300000190734863,0.0,12.5,96,0.0,0.0,3.0,-0.2588190451025208,-0.9659258262890683,-0.9979171608653922,-0.06450844944931625
2025-09-27 14:00:00+00:00,13.349999904632568,100.0,517.3333333333334,25.299999237060547,85.0,4.300000190734863,0.0,12.4,97,0.0,0.0,5.7,-0.4999999999999997,-0.8660254037844388,-0.9979171608653922,-0.06450844944931625
